{
    "eval_chronic": "/home/trlautenbacher/data_grid2op/rte_case5_example_val/chronics/12",
    "eval_rewards": [
        [
            0.0003412844816433584,
            -0.0003809523809523809,
            -1.0
        ],
        [
            0.0003465075074094287,
            -0.0006666666666666666,
            -1.0
        ],
        [
            0.9294602738890037,
            -1.1502857142857217,
            0.0
        ]
    ],
    "eval_actions": [
        18,
        47,
        45
    ],
    "eval_states": [
        [
            0.30000001192092896,
            25.891712188720703,
            7.800000190734863,
            8.300000190734863,
            8.100000381469727,
            10.07267951965332,
            3.570496082305908,
            -0.8496631979942322,
            -3.5609593391418457,
            -15.62928581237793,
            -5.9986677169799805,
            -5.9986677169799805,
            -4.539041042327881,
            -8.743599891662598,
            -3.5641326904296875,
            1.2435994148254395,
            3.5641326904296875,
            15.8190336227417,
            6.02939510345459,
            6.02939510345459,
            4.546998977661133,
            0.6793986558914185,
            0.10156649351119995,
            1.1206133365631104,
            0.13965393602848053,
            0.37584158778190613,
            0.3096998333930969,
            0.3096998333930969,
            0.17628070712089539,
            0.0,
            0.0,
            1.0,
            0.0,
            0.0,
            0.0,
            0.0,
            0.0,
            2.0,
            1.0,
            2.0,
            1.0,
            2.0,
            2.0,
            1.0,
            1.0,
            1.0,
            1.0,
            1.0,
            1.0,
            1.0,
            1.0,
            1.0,
            1.0,
            1.0,
            1.0,
            1.0,
            1.0,
            1.0
        ],
        [
            0.30000001192092896,
            26.0571346282959,
            8.0,
            8.100000381469727,
            8.199999809265137,
            10.447432518005371,
            3.4070932865142822,
            -0.9833594560623169,
            -3.3998630046844482,
            -15.4384126663208,
            -4.806177616119385,
            -7.116641044616699,
            -4.800136566162109,
            -9.02415657043457,
            -3.4035773277282715,
            1.3241565227508545,
            3.4035773277282715,
            15.609702110290527,
            4.809144496917725,
            7.222175121307373,
            4.806177616119385,
            0.7035092115402222,
            0.08862432092428207,
            1.037520170211792,
            0.12185844033956528,
            0.35734590888023376,
            0.09578770399093628,
            0.5642766952514648,
            0.17056769132614136,
            0.0,
            0.0,
            2.0,
            0.0,
            0.0,
            0.0,
            0.0,
            0.0,
            2.0,
            1.0,
            2.0,
            1.0,
            2.0,
            2.0,
            1.0,
            1.0,
            1.0,
            1.0,
            1.0,
            1.0,
            1.0,
            2.0,
            1.0,
            2.0,
            1.0,
            2.0,
            1.0,
            1.0,
            1.0
        ],
        [
            0.30000001192092896,
            25.052337646484375,
            7.900000095367432,
            8.100000381469727,
            8.300000190734863,
            8.583100318908691,
            4.572396278381348,
            0.0,
            -4.559653282165527,
            -16.435731887817383,
            -4.752602605370373e-17,
            -11.843875885009766,
            -3.740347146987915,
            -7.599999904632568,
            -4.566591739654541,
            0.0,
            4.566591739654541,
            16.469236373901367,
            5.790992872789502e-05,
            11.863277435302734,
            3.743875503540039,
            0.5825192928314209,
            0.12253254652023315,
            0.0,
            0.16848225891590118,
            0.15577508509159088,
            0.025848763063549995,
            0.23277772963047028,
            0.13706351816654205,
            0.0,
            0.0,
            0.0,
            0.0,
            0.0,
            0.0,
            0.0,
            0.0,
            2.0,
            1.0,
            -1.0,
            1.0,
            2.0,
            2.0,
            1.0,
            1.0,
            1.0,
            1.0,
            1.0,
            1.0,
            1.0,
            -1.0,
            1.0,
            2.0,
            2.0,
            2.0,
            1.0,
            1.0,
            1.0
        ]
    ],
    "eval_steps": 2016
}