{
    "eval_chronic": "/home/trlautenbacher/data_grid2op/rte_case5_example_val/chronics/12",
    "eval_rewards": [
        [
            0.00019111550512371627,
            -0.0004761904761904762,
            -1.0
        ],
        [
            0.0001869831394378212,
            -0.0004761904761904762,
            -1.0
        ],
        [
            0.0004260230656976364,
            -0.0006666666666666666,
            -1.0
        ],
        [
            0.00019132589333080405,
            -0.0008571428571428571,
            0.0
        ],
        [
            0.00020080512453691724,
            -0.0008571428571428571,
            0.0
        ],
        [
            0.38156705543090896,
            -0.6486666666666698,
            -0.5
        ],
        [
            0.4805786437338291,
            -0.6920000000000056,
            -0.25
        ]
    ],
    "eval_actions": [
        14,
        30,
        50,
        41,
        41,
        23,
        39
    ],
    "eval_states": [
        [
            0.30000001192092896,
            27.281768798828125,
            7.800000190734863,
            8.300000190734863,
            8.100000381469727,
            12.72269344329834,
            0.0006481412565335631,
            0.9145923256874084,
            -3.5359528064727783,
            -14.098603248596191,
            -6.951838970184326,
            -6.951838970184326,
            -4.564047336578369,
            -10.668633460998535,
            9.27405830082606e-13,
            -0.5260072946548462,
            3.6946403980255127,
            14.559075355529785,
            7.048977851867676,
            7.048977851867676,
            4.689085006713867,
            0.8477314114570618,
            2.391461831894367e-14,
            1.1124681234359741,
            0.8489853143692017,
            0.5825355648994446,
            0.5418708920478821,
            0.5418708920478821,
            0.8437339663505554,
            0.0,
            0.0,
            1.0,
            0.0,
            0.0,
            0.0,
            0.0,
            0.0,
            2.0,
            1.0,
            2.0,
            2.0,
            2.0,
            2.0,
            1.0,
            1.0,
            1.0,
            1.0,
            1.0,
            1.0,
            1.0,
            1.0,
            1.0,
            1.0,
            1.0,
            1.0,
            1.0,
            1.0,
            1.0
        ],
        [
            0.30000001192092896,
            27.457515716552734,
            8.0,
            8.100000381469727,
            8.199999809265137,
            12.87749195098877,
            0.0006481548771262169,
            1.0048127174377441,
            -3.5251502990722656,
            -14.108068466186523,
            -6.953945636749268,
            -6.953945636749268,
            -4.674849510192871,
            -10.776954650878906,
            4.639442584448983e-13,
            -0.6089555621147156,
            3.68591046333313,
            14.580024719238281,
            7.053709983825684,
            7.053709983825684,
            4.803077697753906,
            0.8574130535125732,
            1.2026896304220564e-14,
            1.1234711408615112,
            0.854814350605011,
            0.5896812677383423,
            0.5489877462387085,
            0.5489877462387085,
            0.8538053631782532,
            0.0,
            0.0,
            2.0,
            0.0,
            0.0,
            0.0,
            0.0,
            0.0,
            2.0,
            1.0,
            2.0,
            2.0,
            2.0,
            2.0,
            1.0,
            1.0,
            1.0,
            1.0,
            1.0,
            1.0,
            1.0,
            1.0,
            1.0,
            1.0,
            1.0,
            1.0,
            1.0,
            1.0,
            1.0
        ],
        [
            0.30000001192092896,
            29.155948638916016,
            7.900000095367432,
            8.100000381469727,
            8.300000190734863,
            21.04191017150879,
            0.0006479265284724534,
            -2.4343082904815674,
            -5.8684258460998535,
            -8.105817794799805,
            -4.050000190734863,
            -4.050000190734863,
            -2.4315743446350098,
            -15.913865089416504,
            -3.834618075638214e-17,
            2.436756134033203,
            5.877108573913574,
            8.114039421081543,
            4.052584648132324,
            4.052584648132324,
            2.4343082904815674,
            1.3469027280807495,
            1.4917529220898583e-15,
            0.1361735761165619,
            0.20890378952026367,
            0.07796716690063477,
            0.08116981387138367,
            0.08116981387138367,
            0.0918271392583847,
            1.0,
            0.0,
            0.0,
            0.0,
            0.0,
            0.0,
            0.0,
            0.0,
            2.0,
            1.0,
            2.0,
            2.0,
            2.0,
            2.0,
            1.0,
            1.0,
            1.0,
            1.0,
            1.0,
            1.0,
            1.0,
            2.0,
            1.0,
            1.0,
            2.0,
            1.0,
            1.0,
            1.0,
            1.0
        ],
        [
            0.30000001192092896,
            27.822126388549805,
            7.800000190734863,
            8.100000381469727,
            8.199999809265137,
            14.401206016540527,
            0.000648297427687794,
            0.2503712475299835,
            -4.048772811889648,
            -12.981515884399414,
            -12.62075424194336,
            -9.270181193857252e-13,
            -4.151226997375488,
            -11.819997787475586,
            4.639811213187628e-13,
            0.11968392133712769,
            4.200313091278076,
            13.420921325683594,
            12.980809211730957,
            5.806357876281254e-05,
            4.270382404327393,
            0.9518593549728394,
            1.2026896304220564e-14,
            1.0839561223983765,
            0.8287485837936401,
            0.5692203044891357,
            1.0316742658615112,
            0.025883030146360397,
            0.824903130531311,
            0.0,
            0.0,
            1.0,
            0.0,
            0.0,
            1.0,
            0.0,
            0.0,
            2.0,
            1.0,
            2.0,
            2.0,
            2.0,
            2.0,
            1.0,
            1.0,
            1.0,
            1.0,
            1.0,
            1.0,
            1.0,
            2.0,
            2.0,
            1.0,
            2.0,
            2.0,
            1.0,
            1.0,
            1.0
        ],
        [
            0.30000001192092896,
            27.123592376708984,
            7.599999904632568,
            8.0,
            8.0,
            14.008918762207031,
            0.0006483152392320335,
            0.21170908212661743,
            -3.969896078109741,
            -12.696493148803711,
            -12.354905128479004,
            1.691456927151939e-15,
            -4.03010368347168,
            -11.555431365966797,
            9.279551953234044e-13,
            0.14075668156147003,
            4.114675045013428,
            13.114673614501953,
            12.69578742980957,
            5.8065172197530046e-05,
            4.1431965827941895,
            0.9276894330978394,
            2.4053792608441128e-14,
            1.0562313795089722,
            0.8089736104011536,
            0.5554561018943787,
            1.0041645765304565,
            0.0258833859115839,
            0.8048795461654663,
            0.0,
            0.0,
            2.0,
            0.0,
            0.0,
            2.0,
            0.0,
            0.0,
            2.0,
            1.0,
            2.0,
            2.0,
            2.0,
            2.0,
            1.0,
            1.0,
