{
    "eval_chronic": "/home/trlautenbacher/data_grid2op/rte_case5_example_val/chronics/19",
    "eval_rewards": [
        [
            0.020853832432994445,
            -0.023714285714285677,
            -1.0
        ],
        [
            0.00022740500628907697,
            -9.523809523809523e-05,
            0.0
        ],
        [
            0.00021923076666187683,
            -0.0002857142857142857,
            0.0
        ],
        [
            0.797282546883152,
            -1.103428571428571,
            -1.0
        ]
    ],
    "eval_actions": [
        47,
        52,
        42,
        11
    ],
    "eval_states": [
        [
            2.0,
            25.466136932373047,
            8.600000381469727,
            8.199999809265137,
            7.800000190734863,
            10.576891899108887,
            2.473440408706665,
            -0.7484026551246643,
            -3.6642322540283203,
            -14.198399543762207,
            -4.190253734588623,
            -7.451597213745117,
            -4.135767936706543,
            -9.120423316955566,
            -2.1279826164245605,
            0.9092222452163696,
            3.739182949066162,
            14.889244079589844,
            4.22525691986084,
            7.499702453613281,
            4.190253734588623,
            0.7118143439292908,
            0.8711322546005249,
            0.6912664771080017,
            0.569129228591919,
            0.7121699452400208,
            0.33029690384864807,
            0.38450706005096436,
            0.5723222494125366,
            0.0,
            0.0,
            0.0,
            0.0,
            0.0,
            0.0,
            0.0,
            0.0,
            1.0,
            1.0,
            1.0,
            1.0,
            1.0,
            1.0,
            1.0,
            1.0,
            1.0,
            1.0,
            1.0,
            1.0,
            1.0,
            2.0,
            1.0,
            2.0,
            1.0,
            2.0,
            1.0,
            1.0,
            1.0
        ],
        [
            0.6000000238418579,
            27.849750518798828,
            8.899999618530273,
            8.399999618530273,
            7.900000095367432,
            11.80440902709961,
            2.9930498600006104,
            4.650391942188914e-13,
            -3.9894025325775146,
            -15.453592300415039,
            -6.2147979736328125,
            -6.2147979736328125,
            -3.910597562789917,
            -10.016865730285645,
            -2.4244260787963867,
            0.001311096828430891,
            4.139981269836426,
            16.04534149169922,
            6.230270862579346,
            6.230270862579346,
            4.029595851898193,
            0.7899621725082397,
            1.1287635564804077,
            0.13720062375068665,
            0.8259466886520386,
            0.6595438718795776,
            0.2221287041902542,
            0.2221287041902542,
            0.8244836926460266,
            0.0,
            1.0,
            0.0,
            0.0,
            0.0,
            0.0,
            0.0,
            0.0,
            1.0,
            1.0,
            1.0,
            1.0,
            1.0,
            1.0,
            1.0,
            1.0,
            1.0,
            1.0,
            1.0,
            1.0,
            1.0,
            2.0,
            1.0,
            1.0,
            1.0,
            1.0,
            1.0,
            1.0,
            1.0
        ],
        [
            0.6000000238418579,
            27.488779067993164,
            8.800000190734863,
            8.300000190734863,
            7.800000190734863,
            11.342700958251953,
            2.5524351596832275,
            0.3118911385536194,
            -3.7219014167785645,
            -15.449716567993164,
            -4.430279731750488,
            -8.300000190734863,
            -4.078098773956299,
            -9.68311882019043,
            -2.1121137142181396,
            -0.1846892535686493,
            3.779921770095825,
            16.146080017089844,
            4.585504055023193,
            8.311777114868164,
            4.118388652801514,
            0.7606942653656006,
            0.9885576963424683,
            0.6071381568908691,
            0.4954703450202942,
            0.7149614691734314,
            0.6819717884063721,
            0.17786727845668793,
            0.49815797805786133,
            0.0,
            0.0,
            0.0,
            0.0,
            0.0,
            0.0,
            0.0,
            0.0,
            1.0,
            1.0,
            1.0,
            1.0,
            1.0,
            1.0,
            1.0,
            1.0,
            1.0,
            1.0,
            1.0,
            1.0,
            1.0,
            2.0,
            2.0,
            1.0,
            2.0,
            1.0,
            1.0,
            1.0,
            1.0
        ],
        [
            0.6000000238418579,
            25.273658752441406,
            8.800000190734863,
            8.300000190734863,
            8.100000381469727,
            4.7987542152404785,
            -4.920322895050049,
            7.552601337432861,
            1.2701084613800049,
            -20.375032424926758,
            -16.947269439697266,
            -8.300000190734863,
            -9.370108604431152,
            -4.4758687019348145,
            5.075868606567383,
            -7.530322074890137,
            -1.2696782350540161,
            20.474905014038086,
            16.983413696289062,
            8.311942100524902,
            9.394667625427246,
            0.32835760712623596,
            0.5724806785583496,
            0.3111121952533722,
            0.07502079010009766,
            0.2729020118713379,
            0.3218074142932892,
            0.1790580153465271,
            0.34028178453445435,
            0.0,
            0.0,
            0.0,
            0.0,
            0.0,
            0.0,
            0.0,
            0.0,
            2.0,
            2.0,
            1.0,
            1.0,
            2.0,
            1.0,
            1.0,
            1.0,
            1.0,
            1.0,
            1.0,
            1.0,
            1.0,
            2.0,
            2.0,
            1.0,
            2.0,
            1.0,
            1.0,
            1.0,
            1.0
        ]
    ],
    "eval_steps": 2016
}