{
    "eval_chronic": "/home/trlautenbacher/data_grid2op/rte_case5_example_val/chronics/19",
    "eval_rewards": [
        [
            0.02226696460416131,
            -0.022857142857142822,
            -1.0
        ],
        [
            0.830042680366067,
            -1.1062857142857143,
            -1.0
        ]
    ],
    "eval_actions": [
        46,
        19
    ],
    "eval_states": [
        [
            2.0,
            25.20671844482422,
            8.600000381469727,
            8.199999809265137,
            7.800000190734863,
            10.172842979431152,
            2.0717008113861084,
            0.0902976542711258,
            -3.8700194358825684,
            -14.463855743408203,
            -8.199999809265137,
            -4.052676677703857,
            -3.929980754852295,
            -8.818862915039062,
            -1.7127827405929565,
            0.0127633698284626,
            3.91888165473938,
            15.033875465393066,
            8.21157169342041,
            4.180583477020264,
            3.962378978729248,
            0.6858530044555664,
            0.8886731266975403,
            0.5396425724029541,
            0.45130738615989685,
            0.6474528312683105,
            0.17619629204273224,
            0.6202442646026611,
            0.45114612579345703,
            0.0,
            0.0,
            0.0,
            0.0,
            0.0,
            0.0,
            0.0,
            0.0,
            1.0,
            1.0,
            1.0,
            1.0,
            1.0,
            1.0,
            1.0,
            1.0,
            1.0,
            1.0,
            1.0,
            1.0,
            1.0,
            2.0,
            1.0,
            2.0,
            2.0,
            1.0,
            1.0,
            1.0,
            1.0
        ],
        [
            0.6000000238418579,
            24.339324951171875,
            8.699999809265137,
            7.900000095367432,
            7.800000190734863,
            4.640130043029785,
            8.60216236114502,
            -4.8475775718688965,
            0.12001524120569229,
            -19.633535385131836,
            -7.900000095367432,
            -3.094764232635498,
            -7.920015335083008,
            -4.337586879730225,
            -8.581555366516113,
            4.937586784362793,
            -0.11844487488269806,
            19.699193954467773,
            7.910881996154785,
            3.1204919815063477,
            7.942341327667236,
            0.3174349069595337,
            0.22856412827968597,
            0.5035860538482666,
            0.13753660023212433,
            0.22103381156921387,
            0.17059361934661865,
            0.28504765033721924,
            0.31259530782699585,
            0.0,
            0.0,
            0.0,
            0.0,
            0.0,
            0.0,
            0.0,
            0.0,
            2.0,
            1.0,
            2.0,
            1.0,
            2.0,
            1.0,
            1.0,
            1.0,
            1.0,
            1.0,
            1.0,
            1.0,
            1.0,
            2.0,
            1.0,
            2.0,
            2.0,
            1.0,
            1.0,
            1.0,
            1.0
        ]
    ],
    "eval_steps": 2016
}