{
    "eval_chronic": "/home/trlautenbacher/data_grid2op/rte_case5_example_val/chronics/19",
    "eval_rewards": [
        [
            0.0003600346294760026,
            -0.0003809523809523809,
            -1.0
        ],
        [
            0.00026134124618058753,
            -0.0002857142857142857,
            0.0
        ],
        [
            0.059834921375202736,
            -0.05219047619047602,
            0.0
        ],
        [
            0.0002915938397808643,
            -0.0003809523809523809,
            0.0
        ],
        [
            0.00013889051651651133,
            -0.0002857142857142857,
            0.0
        ],
        [
            0.25660164565382276,
            -0.3177142857142809,
            0.0
        ],
        [
            0.00010602450637516149,
            0.0,
            0.0
        ],
        [
            0.4374754455903103,
            -0.29714285714285377,
            0.0
        ]
    ],
    "eval_actions": [
        18,
        20,
        16,
        18,
        20,
        15,
        1,
        11
    ],
    "eval_states": [
        [
            2.0,
            24.26836395263672,
            8.600000381469727,
            8.199999809265137,
            7.800000190734863,
            9.153416633605957,
            3.430880308151245,
            -1.1158696413040161,
            -3.4220712184906006,
            -14.951424598693848,
            -5.734500885009766,
            -5.734500885009766,
            -4.377928733825684,
            -8.043299674987793,
            -3.4249887466430664,
            1.443299412727356,
            3.4249887466430664,
            15.114947319030762,
            5.760272026062012,
            5.760272026062012,
            4.384871482849121,
            0.6198116540908813,
            0.0970480740070343,
            1.0156275033950806,
            0.13344110548496246,
            0.34929680824279785,
            0.2845545709133148,
            0.2845545709133148,
            0.16540899872779846,
            0.0,
            0.0,
            1.0,
            0.0,
            0.0,
            0.0,
            0.0,
            0.0,
            2.0,
            1.0,
            2.0,
            1.0,
            2.0,
            2.0,
            1.0,
            1.0,
            1.0,
            1.0,
            1.0,
            1.0,
            1.0,
            1.0,
            1.0,
            1.0,
            1.0,
            1.0,
            1.0,
            1.0,
            1.0
        ],
        [
            1.899999976158142,
            24.083038330078125,
            8.600000381469727,
            8.199999809265137,
            7.800000190734863,
            9.310155868530273,
            2.766143560409546,
            -0.5955169796943665,
            -3.9538662433624268,
            -14.358637809753418,
            -5.790152072906494,
            -5.790152072906494,
            -3.8461339473724365,
            -9.260152816772461,
            -2.2152931690216064,
            0.660152792930603,
            4.115293025970459,
            14.772882461547852,
            5.7962470054626465,
            5.7962470054626465,
            3.975821018218994,
            0.12475546449422836,
            1.110353946685791,
            0.5500791072845459,
            0.8568148612976074,
            0.5528192520141602,
            0.14030411839485168,
            0.14030411839485168,
            0.8586982488632202,
            0.0,
            1.0,
            0.0,
            0.0,
            0.0,
            0.0,
            0.0,
            0.0,
            2.0,
            1.0,
            2.0,
            1.0,
            1.0,
            2.0,
            1.0,
            1.0,
            1.0,
            1.0,
            1.0,
            1.0,
            1.0,
            1.0,
            1.0,
            1.0,
            1.0,
            1.0,
            1.0,
            1.0,
            1.0
        ],
        [
            1.899999976158142,
            22.716638565063477,
            8.5,
            8.0,
            7.900000095367432,
            10.786907196044922,
            -1.7917858362197876,
            0.9970643520355225,
            -3.248094320297241,
            -11.880095481872559,
            -6.828574180603027,
            -6.828574180603027,
            -4.6519060134887695,
            -10.756988525390625,
            1.899999976158142,
            -0.993844211101532,
            3.2508323192596436,
            11.929731369018555,
            6.835940837860107,
            6.835940837860107,
            4.660084247589111,
            0.1020546555519104,
            0.4703368842601776,
            0.1736072152853012,
            0.13630589842796326,
            0.19443495571613312,
            0.14023752510547638,
            0.14023752510547638,
            0.17965874075889587,
            0.0,
            0.0,
            0.0,
            0.0,
            0.0,
            0.0,
            0.0,
            0.0,
            2.0,
            1.0,
            2.0,
            2.0,
            1.0,
            2.0,
            1.0,
            1.0,
            1.0,
            1.0,
            1.0,
            1.0,
            1.0,
            1.0,
            1.0,
            1.0,
            1.0,
            1.0,
            1.0,
            1.0,
            1.0
        ],
        [
            0.5,
            30.781219482421875,
            10.0,
            9.300000190734863,
            9.0,
            12.530924797058105,
            4.01348876953125,
            -0.4276844561100006,
            -4.001380920410156,
            -17.98499870300293,
            -6.94072961807251,
            -6.94072961807251,
            -4.998619079589844,
            -10.53382682800293,
            -4.00547981262207,
            1.0338267087936401,
            4.00547981262207,
            18.250295639038086,
            6.98575496673584,
            6.98575496673584,
            5.009143352508545,
            0.835715115070343,
            0.11615081876516342,
            1.4065024852752686,
            0.15970738232135773,
            0.4433518946170807,
            0.37244561314582825,
            0.37244561314582825,
            0.20345278084278107,
            0.0,
            0.0,
            1.0,
            0.0,
            0.0,
            0.0,
            0.0,
            0.0,
            2.0,
            1.0,
            2.0,
            1.0,
            2.0,
            2.0,
            1.0,
            1.0,
            1.0,
            1.0,
            1.0,
            1.0,
            1.0,
            1.0,
            1.0,
            1.0,
            1.0,
            1.0,
            1.0,
            1.0,
            1.0
        ],
        [
            0.5,
            30.631675720214844,
            9.899999618530273,
            9.5,
            9.0,
            11.257685661315918,
            4.789706230163574,
            -1.144912838935852,
            -3.8515701293945312,
            -18.57548713684082,
            -6.883125305175781,
            -6.883125305175781,
            -5.148429870605469,
            -11.16988468170166,
            -3.673170566558838,
            1.2698850631713867,
            4.173170566558838,
            19.37398910522461,
            6.892890453338623,
            6.892890453338623,
            5.411162853240967,
            0.16770337522029877,
            1.5975338220596313,
            0.7380834221839905,
            1.2287427186965942,
            0.7651152610778809,
            0.17628078162670135,
            0.17628078162670135,
            1.202022910118103,
            0.0,
            1.0,
            0.0,
            1.0,
            0.0,
            0.0,
            0.0,
            1.0,
            2.0,
            1.0,
            2.0,
            1.0,
            1.0,
            2.0,
            1.0,
            1.0,
            1.0,
            1.0,
            1.0,
            1.0,
