{
    "eval_chronic": "/home/trlautenbacher/data_grid2op/rte_case5_example_val/chronics/19",
    "eval_rewards": [
        [
            0.0002791209363405961,
            -0.0003809523809523809,
            -1.0
        ],
        [
            0.00013185476637769008,
            -0.00019047619047619045,
            0.0
        ],
        [
            0.7956295230857199,
            -0.5754285714285752,
            0.0
        ]
    ],
    "eval_actions": [
        22,
        25,
        23
    ],
    "eval_states": [
        [
            2.0,
            25.092609405517578,
            8.600000381469727,
            8.199999809265137,
            7.800000190734863,
            11.850764274597168,
            1.177778959274292,
            -1.1707379817962646,
            -3.1997947692871094,
            -13.071379661560059,
            -5.920549392700195,
            -5.920549392700195,
            -4.600205421447754,
            -10.050148963928223,
            -1.1716400384902954,
            1.1716400384902954,
            3.450148344039917,
            13.241846084594727,
            5.946800231933594,
            5.946800231933594,
            4.8118367195129395,
            0.792892336845398,
            0.0837702825665474,
            0.11518414318561554,
            1.0784096717834473,
            0.35666874051094055,
            0.28703248500823975,
            0.28703248500823975,
            1.0837409496307373,
            0.0,
            0.0,
            0.0,
            1.0,
            0.0,
            0.0,
            0.0,
            1.0,
            2.0,
            1.0,
            1.0,
            2.0,
            2.0,
            2.0,
            1.0,
            1.0,
            1.0,
            1.0,
            1.0,
            1.0,
            1.0,
            1.0,
            1.0,
            1.0,
            1.0,
            1.0,
            1.0,
            1.0,
            1.0
        ],
        [
            1.899999976158142,
            26.070951461791992,
            8.600000381469727,
            8.199999809265137,
            7.800000190734863,
            6.841892719268799,
            6.042844772338867,
            2.567992687225342,
            -6.6672234535217285,
            -18.083755493164062,
            -5.994318008422852,
            -5.994318008422852,
            -1.1327766180038452,
            -6.742709159851074,
            -4.88401460647583,
            -1.8159857988357544,
            6.742709159851074,
            19.22905921936035,
            6.0204548835754395,
            6.0204548835754395,
            1.2206436395645142,
            0.17698104679584503,
            1.6282968521118164,
            1.5744612216949463,
            0.6636789441108704,
            0.9151408672332764,
            0.28640562295913696,
            0.28640562295913696,
            0.6190842390060425,
            0.0,
            1.0,
            1.0,
            0.0,
            0.0,
            0.0,
            0.0,
            0.0,
            2.0,
            1.0,
            1.0,
            2.0,
            1.0,
            1.0,
            1.0,
            1.0,
            1.0,
            1.0,
            1.0,
            1.0,
            1.0,
            1.0,
            1.0,
            1.0,
            1.0,
            1.0,
            1.0,
            1.0,
            1.0
        ],
        [
            1.899999976158142,
            23.178918838500977,
            8.5,
            8.0,
            7.900000095367432,
            5.670264720916748,
            5.894472599029541,
            2.6193525791168213,
            -7.038661956787109,
            -17.444337844848633,
            -5.76678991317749,
            -5.76678991317749,
            -0.861338198184967,
            -5.2246994972229,
            -5.884826183319092,
            -2.615173578262329,
            7.124699592590332,
            17.50865364074707,
            5.774933338165283,
            5.774933338165283,
            0.9142273664474487,
            0.38796812295913696,
            0.15908826887607574,
            0.17490915954113007,
            0.6158798336982727,
            0.21957001090049744,
            0.16259373724460602,
            0.16259373724460602,
            0.5662053823471069,
            0.0,
            0.0,
            0.0,
            0.0,
            0.0,
            0.0,
            0.0,
            0.0,
            2.0,
            1.0,
            1.0,
            2.0,
            2.0,
            1.0,
            1.0,
            1.0,
            1.0,
            1.0,
            1.0,
            1.0,
            1.0,
            1.0,
            1.0,
            1.0,
            1.0,
            1.0,
            1.0,
            1.0,
            1.0
        ]
    ],
    "eval_steps": 2016
}