{
    "eval_chronic": "/home/trlautenbacher/data_grid2op/rte_case5_example_val/chronics/12",
    "eval_rewards": [
        [
            0.00019422744211347937,
            -0.0002857142857142857,
            -1.0
        ],
        [
            0.03827542867490892,
            -0.031428571428571375,
            0.0
        ],
        [
            0.907800813932815,
            -0.5442857142857128,
            0.0
        ]
    ],
    "eval_actions": [
        20,
        24,
        26
    ],
    "eval_states": [
        [
            0.30000001192092896,
            25.980878829956055,
            7.800000190734863,
            8.300000190734863,
            8.100000381469727,
            9.274837493896484,
            4.199976444244385,
            -1.3111532926559448,
            -3.4187796115875244,
            -16.083478927612305,
            -5.933969974517822,
            -5.933969974517822,
            -4.681220531463623,
            -9.204680442810059,
            -3.358767509460449,
            1.4046802520751953,
            3.6587674617767334,
            16.70604133605957,
            5.941751003265381,
            5.941751003265381,
            4.879092693328857,
            0.14839403331279755,
            1.3814526796340942,
            0.647668719291687,
            1.054890751838684,
            0.6763303875923157,
            0.15868434309959412,
            0.15868434309959412,
            1.0494391918182373,
            0.0,
            1.0,
            0.0,
            1.0,
            0.0,
            0.0,
            0.0,
            1.0,
            2.0,
            1.0,
            2.0,
            1.0,
            1.0,
            2.0,
            1.0,
            1.0,
            1.0,
            1.0,
            1.0,
            1.0,
            1.0,
            1.0,
            1.0,
            1.0,
            1.0,
            1.0,
            1.0,
            1.0,
            1.0
        ],
        [
            0.30000001192092896,
            24.965604782104492,
            8.0,
            8.100000381469727,
            8.199999809265137,
            11.354582786560059,
            1.3193261623382568,
            -1.094892978668213,
            -3.290268659591675,
            -13.293378829956055,
            -5.978382110595703,
            -5.978382110595703,
            -4.909731388092041,
            -11.313332557678223,
            -1.0059261322021484,
            1.3059262037277222,
            3.3133325576782227,
            13.611021995544434,
            5.987026214599609,
            5.987026214599609,
            4.951656818389893,
            0.1163126528263092,
            0.8277998566627502,
            0.8018758893013,
            0.3878154754638672,
            0.484843909740448,
            0.16719584167003632,
            0.16719584167003632,
            0.41663041710853577,
            0.0,
            0.0,
            0.0,
            0.0,
            0.0,
            0.0,
            0.0,
            0.0,
            2.0,
            1.0,
            1.0,
            2.0,
            1.0,
            2.0,
            1.0,
            1.0,
            1.0,
            1.0,
            1.0,
            1.0,
            1.0,
            1.0,
            1.0,
            1.0,
            1.0,
            1.0,
            1.0,
            1.0,
            1.0
        ],
        [
            0.5,
            28.16325569152832,
            8.800000190734863,
            9.300000190734863,
            9.300000190734863,
            9.487740516662598,
            3.879892110824585,
            0.4582307040691376,
            -4.32669734954834,
            -18.63159942626953,
            -7.368995666503906,
            -7.368995666503906,
            -4.973302841186523,
            -8.300000190734863,
            -3.8754444122314453,
            -0.4577104449272156,
            4.333155155181885,
            18.675514221191406,
            7.375854015350342,
            7.375854015350342,
            4.979760646820068,
            0.6415565013885498,
            0.10095081478357315,
            0.03265446051955223,
            0.16080191731452942,
            0.17898279428482056,
            0.13957642018795013,
            0.13957642018795013,
            0.1769905835390091,
            0.0,
            0.0,
            0.0,
            0.0,
            0.0,
            0.0,
            0.0,
            0.0,
            2.0,
            1.0,
            1.0,
            1.0,
            2.0,
            2.0,
            1.0,
            1.0,
            1.0,
            1.0,
            1.0,
            1.0,
            1.0,
            1.0,
            1.0,
            1.0,
            1.0,
            1.0,
            1.0,
            1.0,
            1.0
        ]
    ],
    "eval_steps": 2016
}