{
    "eval_chronic": "/home/trlautenbacher/data_grid2op/rte_case5_example_val/chronics/12",
    "eval_rewards": [
        [
            0.03860486174647057,
            -0.03171428571428566,
            -1.0
        ],
        [
            0.00013610621267263806,
            -0.0004761904761904762,
            0.0
        ],
        [
            0.00012267658509272238,
            -0.0008571428571428571,
            -1.0
        ],
        [
            0.0,
            0.0,
            0.0
        ]
    ],
    "eval_actions": [
        24,
        14,
        41,
        39
    ],
    "eval_states": [
        [
            0.30000001192092896,
            24.873184204101562,
            7.800000190734863,
            8.300000190734863,
            8.100000381469727,
            11.201451301574707,
            1.3280948400497437,
            -1.0968722105026245,
            -3.3379926681518555,
            -13.35234546661377,
            -6.00349760055542,
            -6.00349760055542,
            -4.762007713317871,
            -11.160903930664062,
            -1.010900855064392,
            1.3109009265899658,
            3.360903739929199,
            13.671732902526855,
            6.012125015258789,
            6.012125015258789,
            4.803866863250732,
            0.11516698449850082,
            0.833033561706543,
            0.8080304265022278,
            0.38658788800239563,
            0.48615604639053345,
            0.16699717938899994,
            0.16699717938899994,
            0.4160262644290924,
            0.0,
            0.0,
            0.0,
            0.0,
            0.0,
            0.0,
            0.0,
            0.0,
            2.0,
            1.0,
            1.0,
            2.0,
            1.0,
            2.0,
            1.0,
            1.0,
            1.0,
            1.0,
            1.0,
            1.0,
            1.0,
            1.0,
            1.0,
            1.0,
            1.0,
            1.0,
            1.0,
            1.0,
            1.0
        ],
        [
            0.5,
            31.295358657836914,
            8.800000190734863,
            9.300000190734863,
            9.300000190734863,
            14.66926097869873,
            0.0006479716976173222,
            1.0856454372406006,
            -4.057367324829102,
            -16.04378890991211,
            -7.896295547485352,
            -7.896295547485352,
            -5.242632865905762,
            -11.999225616455078,
            -4.639242007047073e-13,
            -0.5702792406082153,
            4.269504547119141,
            16.626096725463867,
            8.021570205688477,
            8.021570205688477,
            5.40694522857666,
            0.968317985534668,
            1.2026896304220564e-14,
            1.29155695438385,
            0.9891026616096497,
            0.6542950868606567,
            0.6136587262153625,
            0.6136587262153625,
            0.9602286219596863,
            0.0,
            0.0,
            1.0,
            0.0,
            0.0,
            0.0,
            0.0,
            0.0,
            2.0,
            1.0,
            2.0,
            2.0,
            2.0,
            2.0,
            1.0,
            1.0,
            1.0,
            1.0,
            1.0,
            1.0,
            1.0,
            1.0,
            1.0,
            1.0,
            1.0,
            1.0,
            1.0,
            1.0,
            1.0
        ],
        [
            0.5,
            32.95857238769531,
            9.199999809265137,
            9.300000190734863,
            9.399999618530273,
            17.199359893798828,
            0.0006481228047050536,
            0.40142133831977844,
            -4.592732906341553,
            -15.171032905578613,
            -14.674544334411621,
            -9.288864165693522e-13,
            -4.807266712188721,
            -13.630777359008789,
            9.2796245947796e-13,
            0.12172257155179977,
            4.809055328369141,
            15.759214401245117,
            15.170327186584473,
            5.804793909192085e-05,
            4.973123073577881,
            1.121461272239685,
            2.4053792608441128e-14,
            1.301774263381958,
            0.9994157552719116,
            0.6575758457183838,
            1.208429217338562,
            0.025879543274641037,
            0.9646621942520142,
            1.0,
            0.0,
            2.0,
            0.0,
            0.0,
            1.0,
            0.0,
            0.0,
            2.0,
            1.0,
            2.0,
            2.0,
            2.0,
            2.0,
            1.0,
            1.0,
            1.0,
            1.0,
            1.0,
            1.0,
            1.0,
            2.0,
            2.0,
            1.0,
            2.0,
            2.0,
            1.0,
            1.0,
            1.0
        ],
        [
            0.0,
            0.0,
            0.0,
            0.0,
            0.0,
            0.0,
            0.0,
            0.0,
            0.0,
            0.0,
            0.0,
            0.0,
            0.0,
            0.0,
            0.0,
            0.0,
            0.0,
            0.0,
            0.0,
            0.0,
            0.0,
            0.0,
            0.0,
            0.0,
            0.0,
            0.0,
            0.0,
            0.0,
            0.0,
            0.0,
            0.0,
            0.0,
            0.0,
            0.0,
            0.0,
            0.0,
            0.0,
            -1.0,
            -1.0,
            -1.0,
            -1.0,
            -1.0,
            -1.0,
            -1.0,
            -1.0,
            -1.0,
            -1.0,
            -1.0,
            -1.0,
            -1.0,
            -1.0,
            -1.0,
            -1.0,
            -1.0,
            -1.0,
            -1.0,
            -1.0,
            -1.0
        ]
    ],
    "eval_steps": 114
}