{
    "eval_chronic": "/home/trlautenbacher/data_grid2op/rte_case5_example_val/chronics/19",
    "eval_rewards": [
        [
            0.06075661417867546,
            -0.05295238095238078,
            -1.0
        ],
        [
            0.00011184392100940887,
            -0.0004761904761904762,
            0.0
        ],
        [
            0.8075661896654538,
            -0.5359999999999971,
            0.0
        ]
    ],
    "eval_actions": [
        16,
        14,
        19
    ],
    "eval_states": [
        [
            2.0,
            22.810415267944336,
            8.600000381469727,
            8.199999809265137,
            7.800000190734863,
            10.840739250183105,
            -1.8961151838302612,
            0.9946913123130798,
            -3.1997222900390625,
            -11.921992301940918,
            -6.901510238647461,
            -6.901510238647461,
            -4.600277900695801,
            -10.810723304748535,
            2.0,
            -0.991627037525177,
            3.202349901199341,
            11.96967601776123,
            6.909053802490234,
            6.909053802490234,
            4.6083292961120605,
            0.10244333744049072,
            0.46006983518600464,
            0.17088404297828674,
            0.1328851282596588,
            0.19061188399791718,
            0.14194412529468536,
            0.14194412529468536,
            0.1779080182313919,
            0.0,
            0.0,
            0.0,
            0.0,
            0.0,
            0.0,
            0.0,
            0.0,
            2.0,
            1.0,
            2.0,
            2.0,
            1.0,
            2.0,
            1.0,
            1.0,
            1.0,
            1.0,
            1.0,
            1.0,
            1.0,
            1.0,
            1.0,
            1.0,
            1.0,
            1.0,
            1.0,
            1.0,
            1.0
        ],
        [
            0.5,
            32.70035934448242,
            10.0,
            9.300000190734863,
            9.0,
            15.576769828796387,
            0.0006479750154539943,
            1.408927083015442,
            -3.700439929962158,
            -16.475770950317383,
            -8.097097396850586,
            -8.097097396850586,
            -5.299560070037842,
            -12.596796989440918,
            9.273572578252787e-13,
            -0.8348789811134338,
            3.931675434112549,
            17.12359046936035,
            8.237561225891113,
            8.237561225891113,
            5.4852681159973145,
            1.023701548576355,
            2.391461831894367e-14,
            1.3669133186340332,
            1.0346590280532837,
            0.6897842288017273,
            0.649081289768219,
            0.649081289768219,
            1.0179288387298584,
            1.0,
            0.0,
            1.0,
            1.0,
            0.0,
            0.0,
            0.0,
            1.0,
            2.0,
            1.0,
            2.0,
            2.0,
            2.0,
            2.0,
            1.0,
            1.0,
            1.0,
            1.0,
            1.0,
            1.0,
            1.0,
            1.0,
            1.0,
            1.0,
            1.0,
            1.0,
            1.0,
            1.0,
            1.0
        ],
        [
            0.5,
            28.804080963134766,
            9.899999618530273,
            9.5,
            9.0,
            6.146383762359619,
            10.253100395202637,
            -5.923720836639404,
            -0.32150253653526306,
            -22.55877685546875,
            -6.140233993530273,
            -6.140233993530273,
            -8.678497314453125,
            -5.62614631652832,
            -10.222145080566406,
            6.12614631652832,
            0.32214516401290894,
            22.657697677612305,
            6.152838230133057,
            6.152838230133057,
            8.704188346862793,
            0.42025312781333923,
            0.28463345766067505,
            0.7862832546234131,
            0.10484707355499268,
            0.27101707458496094,
            0.20106269419193268,
            0.20106269419193268,
            0.33843037486076355,
            0.0,
            0.0,
            0.0,
            0.0,
            0.0,
            0.0,
            0.0,
            0.0,
            2.0,
            1.0,
            2.0,
            1.0,
            2.0,
            1.0,
            1.0,
            1.0,
            1.0,
            1.0,
            1.0,
            1.0,
            1.0,
            1.0,
            1.0,
            1.0,
            1.0,
            1.0,
            1.0,
            1.0,
            1.0
        ]
    ],
    "eval_steps": 2016
}