{
    "eval_chronic": "/home/trlautenbacher/data_grid2op/rte_case5_example_val/chronics/19",
    "eval_rewards": [
        [
            0.02226696446818574,
            -0.022857142857142822,
            -1.0
        ],
        [
            0.6968198654663966,
            -1.2906666666666575,
            -1.0
        ]
    ],
    "eval_actions": [
        42,
        15
    ],
    "eval_states": [
        [
            2.0,
            25.20671844482422,
            8.600000381469727,
            8.199999809265137,
            7.800000190734863,
            10.172842979431152,
            2.0717008113861084,
            0.0902976542711258,
            -3.8700194358825684,
            -14.463855743408203,
            -4.052676677703857,
            -8.199999809265137,
            -3.929980754852295,
            -8.818862915039062,
            -1.7127827405929565,
            0.0127633698284626,
            3.91888165473938,
            15.033875465393066,
            4.180583477020264,
            8.21157169342041,
            3.962378978729248,
            0.6858530044555664,
            0.8886731266975403,
            0.5396425724029541,
            0.45130738615989685,
            0.6474528312683105,
            0.6202442646026611,
            0.17619629204273224,
            0.45114612579345703,
            0.0,
            0.0,
            0.0,
            0.0,
            0.0,
            0.0,
            0.0,
            0.0,
            1.0,
            1.0,
            1.0,
            1.0,
            1.0,
            1.0,
            1.0,
            1.0,
            1.0,
            1.0,
            1.0,
            1.0,
            1.0,
            2.0,
            2.0,
            1.0,
            2.0,
            1.0,
            1.0,
            1.0,
            1.0
        ],
        [
            0.6000000238418579,
            24.962854385375977,
            8.699999809265137,
            7.900000095367432,
            7.800000190734863,
            7.170468330383301,
            8.726642608642578,
            -1.7506500482559204,
            -5.168663501739502,
            -17.67195701599121,
            -0.910535991191864,
            -7.900000095367432,
            -2.6313364505767822,
            -6.471845626831055,
            -8.699999809265137,
            1.8526097536087036,
            5.219235897064209,
            17.792387008666992,
            1.0344429016113281,
            7.9108710289001465,
            2.6611859798431396,
            0.48904210329055786,
            0.27309736609458923,
            0.5368388891220093,
            0.4615013599395752,
            0.30003947019577026,
            0.6107585430145264,
            0.17050378024578094,
            0.4362465441226959,
            0.0,
            0.0,
            0.0,
            0.0,
            0.0,
            0.0,
            0.0,
            0.0,
            2.0,
            1.0,
            2.0,
            2.0,
            2.0,
            1.0,
            1.0,
            1.0,
            1.0,
            1.0,
            1.0,
            1.0,
            1.0,
            2.0,
            2.0,
            1.0,
            2.0,
            1.0,
            1.0,
            1.0,
            1.0
        ]
    ],
    "eval_steps": 2016
}