{
    "weights": [
        [
            1.0,
            0.0,
            0.0
        ],
        [
            0.0,
            0.0,
            1.0
        ],
        [
            0.0,
            0.49104492887114937,
            0.5089550711288506
        ],
        [
            0.0,
            0.9928507596067916,
            0.007149240393208434
        ],
        [
            0.0,
            0.9999999999999999,
            8.251378852658169e-17
        ],
        [
            0.45228164867517173,
            0.0,
            0.5477183513248283
        ],
        [
            0.6325130146710837,
            0.0,
            0.3674869853289163
        ],
        [
            0.0,
            0.3674614305750351,
            0.6325385694249649
        ],
        [
            0.0,
            0.6360643745427943,
            0.36393562545720576
        ],
        [
            0.38021108179419527,
            0.0,
            0.6197889182058047
        ],
        [
            0.7046068427370948,
            0.0,
            0.2953931572629052
        ],
        [
            0.8754820936639118,
            0.0,
            0.1245179063360882
        ],
        [
            0.0,
            0.9150590267780019,
            0.08494097322199812
        ],
        [
            0.5093959731543625,
            0.0,
            0.4906040268456376
        ],
        [
            0.0,
            0.4343969094291027,
            0.5656030905708973
        ]
    ],
    "values": [
        [
            0.47231536343175357,
            0.5116911655902852,
            -0.4798095238095395
        ],
        [
            0.010206842503257364,
            0.014424131600062054,
            0.0
        ],
        [
            0.4567391006787524,
            0.5108642255942033,
            -0.36866666666665865
        ],
        [
            0.6120410097281642,
            0.7094769145806631,
            -0.6360476190476304
        ],
        [
            0.31905562353096895,
            0.415063261810938,
            -0.38447619047618203
        ],
        [
            0.00991515016616998,
            0.013077170832951865,
            -0.006952380952380955
        ],
        [
            0.4800093004349689,
            0.5104780388355253,
            -0.2882380952380972
        ],
        [
            0.4189772932751591,
            0.4892926944732677,
            -0.2883809523809543
        ],
        [
            0.0002213319972090589,
            0.00027889045874277755,
            -0.000619047619047619
        ],
        [
            0.8736924365153396,
            0.9821677082538609,
            -1.2273333333333283
        ],
        [
            0.7832751367547277,
            0.9232151593367246,
            -0.5916666666666548
        ],
        [
            0.4909063273813869,
            0.5278998648802438,
            -0.2881428571428591
        ],
        [
            0.3173813428844934,
            0.40840524834791847,
            -0.36847619047618246
        ],
        [
            0.4385618355360483,
            0.4971089201052986,
            -0.3954761904761838
        ],
        [
            0.556690811404556,
            0.6428069292704268,
            -0.5392380952380942
        ]
    ],
    "ccs_list": [
        [
            [
                0.47231536343175357,
                0.5116911655902852,
                -0.4798095238095395
            ],
            [
                0.010206842503257364,
                0.014424131600062054,
                0.0
            ],
            [
                0.4567391006787524,
                0.5108642255942033,
                -0.36866666666665865
            ],
            [
                0.6120410097281642,
                0.7094769145806631,
                -0.6360476190476304
            ],
            [
                0.4800093004349689,
                0.5104780388355253,
                -0.2882380952380972
            ],
            [
                0.8736924365153396,
                0.9821677082538609,
                -1.2273333333333283
            ],
            [
                0.7832751367547277,
                0.9232151593367246,
                -0.5916666666666548
            ],
            [
                0.4909063273813869,
                0.5278998648802438,
                -0.2881428571428591
            ]
        ],
        [
            [
                0.47231536343175357,
                0.5116911655902852,
                -0.4798095238095395
            ],
            [
                0.010206842503257364,
                0.014424131600062054,
                0.0
            ],
            [
                0.4567391006787524,
                0.5108642255942033,
                -0.36866666666665865
            ],
            [
                0.6120410097281642,
                0.7094769145806631,
                -0.6360476190476304
            ],
            [
                0.4800093004349689,
                0.5104780388355253,
                -0.2882380952380972
            ],
            [
                0.8736924365153396,
                0.9821677082538609,
                -1.2273333333333283
            ],
            [
                0.7832751367547277,
                0.9232151593367246,
                -0.5916666666666548
            ],
            [
                0.4909063273813869,
                0.5278998648802438,
                -0.2881428571428591
            ]
        ],
        [
            [
                0.47231536343175357,
                0.5116911655902852,
                -0.4798095238095395
            ],
            [
                0.010206842503257364,
                0.014424131600062054,
                0.0
            ],
            [
                0.4567391006787524,
                0.5108642255942033,
                -0.36866666666665865
            ],
            [
                0.6120410097281642,
                0.7094769145806631,
                -0.6360476190476304
            ],
            [
                0.4800093004349689,
                0.5104780388355253,
                -0.2882380952380972
            ],
            [
                0.8736924365153396,
                0.9821677082538609,
                -1.2273333333333283
            ],
            [
                0.7832751367547277,
                0.9232151593367246,
                -0.5916666666666548
            ],
            [
                0.4909063273813869,
                0.5278998648802438,
                -0.2881428571428591
            ]
        ],
        [
            [
                0.47231536343175357,
                0.5116911655902852,
                -0.4798095238095395
            ],
            [
                0.010206842503257364,
                0.014424131600062054,
                0.0
            ],
            [
                0.4567391006787524,
                0.5108642255942033,
                -0.36866666666665865
            ],
            [
                0.6120410097281642,
                0.7094769145806631,
                -0.6360476190476304
            ],
            [
                0.4800093004349689,
                0.5104780388355253,
                -0.2882380952380972
            ],
            [
                0.8736924365153396,
                0.9821677082538609,
                -1.2273333333333283
            ],
            [
                0.7832751367547277,
                0.9232151593367246,
                -0.5916666666666548
            ],
            [
                0.4909063273813869,
                0.5278998648802438,
                -0.2881428571428591
            ]
        ],
        [
            [
                0.47231536343175357,
                0.5116911655902852,
                -0.4798095238095395
            ],
            [
                0.010206842503257364,
                0.014424131600062054,
                0.0
            ],
