{"DoNothing/train/reward_0": 0.0, "DoNothing/train/reward_1": 0.3687751293182373, "DoNothing/train/reward_2": -0.1, "DoNothing/train/grid2opsteps": 2476, "_timestamp": 1721242382.2062383, "_runtime": 2.810988187789917, "_step": 16, "_wandb": {"runtime": 1}, "DoNothing/eval/reward_0": 0.0032242063492063495, "DoNothing/eval/reward_1": 3.41770008531, "DoNothing/eval/reward_2": -0.6612500000000056}