{"DoNothing/train/reward_0": 0.0, "DoNothing/train/reward_1": 0.3161282539367676, "DoNothing/train/reward_2": 0.0, "DoNothing/train/grid2opsteps": 438, "_timestamp": 1722416435.0883517, "_runtime": 2.5328028202056885, "_step": 64, "_wandb": {"runtime": 1}, "DoNothing/eval/reward_0": 0.002742763772175537, "DoNothing/eval/reward_1": 2.3202971109823016, "DoNothing/eval/reward_2": -0.058823529411764705}