{"Action dimension": 99, "_timestamp": 1720447555.3511212, "_runtime": 14.655275106430054, "_step": 1, "Observation dimension": [58], "_wandb": {"runtime": 57}}