{
    "eval_chronic": "C:\\Users\\thoma\\data_grid2op\\rte_case5_example_val\\chronics\\19",
    "eval_rewards": [
        [
            0.0001931163856971832,
            5.909173011779785,
            -0.0003809523809523809
        ],
        [
            0.8348007004585477,
            15847.823081970215,
            -0.5757142857142895
        ]
    ],
    "eval_actions": [
        4,
        11
    ],
    "eval_states": [
        [
            2.0,
            24.15598487854004,
            8.600000381469727,
            8.199999809265137,
            7.800000190734863,
            8.944064140319824,
            1.2156894207000732,
            -1.4591425657272339,
            -1.3819103240966797,
            -15.028570175170898,
            -6.860119342803955,
            -6.860119342803955,
            -6.418089866638184,
            -8.883251190185547,
            -1.210186243057251,
            1.4934370517730713,
            2.0,
            15.211920738220215,
            6.906440734863281,
            6.906440734863281,
            6.979381561279297,
            0.1376236528158188,
            0.15321505069732666,
            0.4186830520629883,
            1.7217785120010376,
            0.3695772886276245,
            0.37764132022857666,
            0.37764132022857666,
            1.734969139099121,
            0.0,
            0.0,
            0.0,
            1.0,
            0.0,
            0.0,
            0.0,
            1.0,
            2.0,
            2.0,
            2.0,
            1.0,
            1.0,
            2.0,
            1.0,
            1.0,
            1.0,
            1.0,
            1.0,
            1.0,
            1.0,
            1.0,
            1.0,
            1.0,
            1.0,
            1.0,
            1.0,
            1.0,
            1.0
        ],
        [
            1.899999976158142,
            23.16231918334961,
            8.600000381469727,
            8.199999809265137,
            7.800000190734863,
            3.754653215408325,
            -5.352792739868164,
            7.34627103805542,
            1.2752357721328735,
            -19.332096099853516,
            -12.322221755981445,
            -12.322221755981445,
            -9.075236320495605,
            -3.5541393756866455,
            5.454139232635498,
            -7.325207710266113,
            -1.2747925519943237,
            19.407665252685547,
            12.34244441986084,
            12.34244441986084,
            9.098172187805176,
            0.25603824853897095,
            0.45547401905059814,
            0.3035292327404022,
            0.07678188383579254,
            0.23751331865787506,
            0.23852060735225677,
            0.23852060735225677,
            0.3287406265735626,
            0.0,
            0.0,
            0.0,
            0.0,
            0.0,
            0.0,
            0.0,
            0.0,
            2.0,
            2.0,
            1.0,
            1.0,
            2.0,
            1.0,
            1.0,
            1.0,
            1.0,
            1.0,
            1.0,
            1.0,
            1.0,
            1.0,
            1.0,
            1.0,
            1.0,
            1.0,
            1.0,
            1.0,
            1.0
        ]
    ],
    "eval_steps": 2016
}