{
    "eval_chronic": "C:\\Users\\thoma\\data_grid2op\\rte_case5_example_val\\chronics\\19",
    "eval_rewards": [
        [
            0.0002193828553415522,
            5.654924392700195,
            -0.0004761904761904762
        ],
        [
            0.8348007004585477,
            15847.823081970215,
            -0.5757142857142895
        ]
    ],
    "eval_actions": [
        14,
        11
    ],
    "eval_states": [
        [
            2.0,
            25.503881454467773,
            8.600000381469727,
            8.199999809265137,
            7.800000190734863,
            11.714866638183594,
            0.0006481730379164219,
            0.6617861390113831,
            -3.54569935798645,
            -13.390277862548828,
            -6.611783981323242,
            -6.611783981323242,
            -4.254301071166992,
            -9.952459335327148,
            1.3908866463088754e-12,
            -0.3291566073894501,
            3.6816158294677734,
            13.789015769958496,
            6.694814682006836,
            6.694814682006836,
            4.361782550811768,
            0.7842977643013,
            3.583312913426652e-14,
            1.0241247415542603,
            0.7822268605232239,
            0.5425119996070862,
            0.5019010901451111,
            0.5019010901451111,
            0.7857221961021423,
            0.0,
            0.0,
            1.0,
            0.0,
            0.0,
            0.0,
            0.0,
            0.0,
            2.0,
            1.0,
            2.0,
            2.0,
            2.0,
            2.0,
            1.0,
            1.0,
            1.0,
            1.0,
            1.0,
            1.0,
            1.0,
            1.0,
            1.0,
            1.0,
            1.0,
            1.0,
            1.0,
            1.0,
            1.0
        ],
        [
            1.899999976158142,
            23.16231918334961,
            8.600000381469727,
            8.199999809265137,
            7.800000190734863,
            3.754653215408325,
            -5.352792739868164,
            7.34627103805542,
            1.2752357721328735,
            -19.332096099853516,
            -12.322221755981445,
            -12.322221755981445,
            -9.075236320495605,
            -3.5541393756866455,
            5.454139232635498,
            -7.325207710266113,
            -1.2747925519943237,
            19.407665252685547,
            12.34244441986084,
            12.34244441986084,
            9.098172187805176,
            0.25603824853897095,
            0.45547401905059814,
            0.3035292327404022,
            0.07678188383579254,
            0.23751331865787506,
            0.23852060735225677,
            0.23852060735225677,
            0.3287406265735626,
            0.0,
            0.0,
            0.0,
            0.0,
            0.0,
            0.0,
            0.0,
            0.0,
            2.0,
            2.0,
            1.0,
            1.0,
            2.0,
            1.0,
            1.0,
            1.0,
            1.0,
            1.0,
            1.0,
            1.0,
            1.0,
            1.0,
            1.0,
            1.0,
            1.0,
            1.0,
            1.0,
            1.0,
            1.0
        ]
    ],
    "eval_steps": 2016
}