{
    "eval_chronic": "C:\\Users\\thoma\\data_grid2op\\rte_case5_example_val\\chronics\\19",
    "eval_rewards": [
        [
            0.0001699821134031241,
            3.6944663524627686,
            -0.00019047619047619045
        ],
        [
            0.7701433027359111,
            13805.118544578552,
            -0.9595238095238409
        ]
    ],
    "eval_actions": [
        51,
        23
    ],
    "eval_states": [
        [
            2.0,
            26.926654815673828,
            8.600000381469727,
            8.199999809265137,
            7.800000190734863,
            13.773613929748535,
            5.920811653137207,
            -8.199999809265137,
            -1.589377999305725,
            -12.32602596282959,
            -3.17974853515625,
            -3.17974853515625,
            -6.210622310638428,
            -11.395428657531738,
            -5.197066783905029,
            8.228846549987793,
            1.7636480331420898,
            13.153040885925293,
            3.2026069164276123,
            3.2026069164276123,
            6.3594970703125,
            0.9131433963775635,
            1.2786575555801392,
            0.2990705370903015,
            0.8915601968765259,
            0.7786497473716736,
            0.26937970519065857,
            0.26937970519065857,
            0.9157959222793579,
            0.0,
            1.0,
            0.0,
            0.0,
            0.0,
            0.0,
            0.0,
            0.0,
            1.0,
            1.0,
            1.0,
            1.0,
            1.0,
            1.0,
            1.0,
            1.0,
            1.0,
            1.0,
            1.0,
            1.0,
            1.0,
            2.0,
            1.0,
            1.0,
            1.0,
            2.0,
            1.0,
            1.0,
            1.0
        ],
        [
            1.899999976158142,
            23.320825576782227,
            8.600000381469727,
            8.199999809265137,
            7.800000190734863,
            4.8476457595825195,
            16.920024871826172,
            -8.199999809265137,
            -6.3554158210754395,
            -18.414003372192383,
            -0.7402454018592834,
            -0.7402454018592834,
            -1.444584608078003,
            -4.518365383148193,
            -16.829057693481445,
            8.229058265686035,
            6.418365478515625,
            18.47317886352539,
            0.7469889521598816,
            0.7469889521598816,
            1.480490803718567,
            0.33171966671943665,
            0.4827059805393219,
            0.30081525444984436,
            0.5208579897880554,
            0.21012301743030548,
            0.1523326188325882,
            0.1523326188325882,
            0.47481781244277954,
            0.0,
            0.0,
            0.0,
            0.0,
            0.0,
            0.0,
            0.0,
            0.0,
            2.0,
            1.0,
            1.0,
            2.0,
            2.0,
            1.0,
            1.0,
            1.0,
            1.0,
            1.0,
            1.0,
            1.0,
            1.0,
            2.0,
            1.0,
            1.0,
            1.0,
            2.0,
            1.0,
            1.0,
            1.0
        ]
    ],
    "eval_steps": 2016
}