{
    "eval_chronic": "C:\\Users\\thoma\\data_grid2op\\rte_case5_example_val\\chronics\\12",
    "eval_rewards": [
        [
            0.0001441449186463144,
            3.8626585006713867,
            -0.00019047619047619045
        ],
        [
            0.0001432179051696164,
            3.817363739013672,
            -0.00019047619047619045
        ],
        [
            0.0,
            0.0,
            0.0
        ]
    ],
    "eval_actions": [
        51,
        1,
        25
    ],
    "eval_states": [
        [
            0.30000001192092896,
            28.820589065551758,
            7.800000190734863,
            8.300000190734863,
            8.100000381469727,
            14.780084609985352,
            6.353091716766357,
            -8.300000190734863,
            -1.5689610242843628,
            -13.105103492736816,
            -3.350290536880493,
            -3.350290536880493,
            -6.531039237976074,
            -12.072959899902344,
            -5.525485992431641,
            8.3291597366333,
            1.7692855596542358,
            14.040505409240723,
            3.3760061264038086,
            3.3760061264038086,
            6.700581073760986,
            0.9751092791557312,
            1.370049238204956,
            0.30174532532691956,
            0.9593677520751953,
            0.8276965022087097,
            0.28495681285858154,
            0.28495681285858154,
            0.9741767644882202,
            0.0,
            1.0,
            0.0,
            0.0,
            0.0,
            0.0,
            0.0,
            0.0,
            1.0,
            1.0,
            1.0,
            1.0,
            1.0,
            1.0,
            1.0,
            1.0,
            1.0,
            1.0,
            1.0,
            1.0,
            1.0,
            2.0,
            1.0,
            1.0,
            1.0,
            2.0,
            1.0,
            1.0,
            1.0
        ],
        [
            0.30000001192092896,
            28.955211639404297,
            8.0,
            8.100000381469727,
            8.199999809265137,
            14.839648246765137,
            6.368381500244141,
            -8.100000381469727,
            -1.6189751625061035,
            -13.17284107208252,
            -3.376249074935913,
            -3.376249074935913,
            -6.581024646759033,
            -12.11250114440918,
            -5.534900665283203,
            8.12748908996582,
            1.819912314414978,
            14.115564346313477,
            3.4022295475006104,
            3.4022295475006104,
            6.752498149871826,
            0.9787560105323792,
            1.3750418424606323,
            0.2932996153831482,
            0.9609131813049316,
            0.8309043645858765,
            0.2863554060459137,
            0.2863554060459137,
            0.9794360995292664,
            0.0,
            2.0,
            0.0,
            0.0,
            0.0,
            0.0,
            0.0,
            0.0,
            1.0,
            1.0,
            1.0,
            1.0,
            1.0,
            1.0,
            1.0,
            1.0,
            1.0,
            1.0,
            1.0,
            1.0,
            1.0,
            2.0,
            1.0,
            1.0,
            1.0,
            2.0,
            1.0,
            1.0,
            1.0
        ],
        [
            0.0,
            0.0,
            0.0,
            0.0,
            0.0,
            0.0,
            0.0,
            0.0,
            0.0,
            0.0,
            0.0,
            0.0,
            0.0,
            0.0,
            0.0,
            0.0,
            0.0,
            0.0,
            0.0,
            0.0,
            0.0,
            0.0,
            0.0,
            0.0,
            0.0,
            0.0,
            0.0,
            0.0,
            0.0,
            0.0,
            0.0,
            0.0,
            0.0,
            0.0,
            0.0,
            0.0,
            0.0,
            -1.0,
            -1.0,
            -1.0,
            -1.0,
            -1.0,
            -1.0,
            -1.0,
            -1.0,
            -1.0,
            -1.0,
            -1.0,
            -1.0,
            -1.0,
            -1.0,
            -1.0,
            -1.0,
            -1.0,
            -1.0,
            -1.0,
            -1.0,
            -1.0
        ]
    ],
    "eval_steps": 3
}