{
    "eval_chronic": "C:\\Users\\thoma\\data_grid2op\\rte_case5_example_val\\chronics\\12",
    "eval_rewards": [
        [
            0.00011156636086869603,
            3.9613304138183594,
            -0.0002857142857142857
        ],
        [
            0.0001990449887174648,
            5.499636173248291,
            -0.0003809523809523809
        ],
        [
            0.00020133172879793757,
            5.347038269042969,
            -9.523809523809523e-05
        ],
        [
            0.00014465656559417935,
            4.274040699005127,
            -0.0003809523809523809
        ],
        [
            0.0,
            4.174985885620117,
            0.0
        ],
        [
            0.0,
            0.0,
            0.0
        ]
    ],
    "eval_actions": [
        40,
        45,
        52,
        41,
        7,
        32
    ],
    "eval_states": [
        [
            0.30000001192092896,
            29.85245132446289,
            7.800000190734863,
            8.300000190734863,
            8.100000381469727,
            16.057865142822266,
            7.502284526824951,
            4.948437213897705,
            -16.42194938659668,
            -12.552275657653809,
            -2.4742186069488525,
            -2.4742186069488525,
            8.321949005126953,
            -12.907914161682129,
            -6.6310906410217285,
            -4.4638166427612305,
            16.50282096862793,
            13.794588088989258,
            2.5249955654144287,
            2.5249955654144287,
            -8.300000190734863,
            1.0528538227081299,
            1.4067620038986206,
            1.2508740425109863,
            0.6219797134399414,
            0.9529151320457458,
            0.39556121826171875,
            0.39556121826171875,
            0.35853591561317444,
            1.0,
            1.0,
            1.0,
            0.0,
            0.0,
            0.0,
            0.0,
            0.0,
            1.0,
            1.0,
            1.0,
            1.0,
            1.0,
            1.0,
            1.0,
            1.0,
            1.0,
            1.0,
            1.0,
            1.0,
            1.0,
            2.0,
            2.0,
            2.0,
            1.0,
            1.0,
            1.0,
            1.0,
            1.0
        ],
        [
            0.30000001192092896,
            27.7408504486084,
            8.0,
            8.100000381469727,
            8.199999809265137,
            12.376151084899902,
            3.7620182037353516,
            -0.9294651746749878,
            -4.810279846191406,
            -14.529614448547363,
            2.7837823192433664e-12,
            -10.610488891601562,
            -3.3897199630737305,
            -10.424527168273926,
            -3.255666732788086,
            1.0943101644515991,
            4.885883331298828,
            15.36469841003418,
            5.808062996948138e-05,
            10.767538070678711,
            3.439953327178955,
            0.8259986639022827,
            1.063003659248352,
            0.7007447481155396,
            0.5726726055145264,
            0.7823782563209534,
            0.025886831805109978,
            0.685410737991333,
            0.5518718957901001,
            0.0,
            2.0,
            0.0,
            0.0,
            0.0,
            0.0,
            0.0,
            0.0,
            1.0,
            1.0,
            1.0,
            1.0,
            1.0,
            1.0,
            1.0,
            1.0,
            1.0,
            1.0,
            1.0,
            1.0,
            1.0,
            2.0,
            1.0,
            2.0,
            2.0,
            2.0,
            1.0,
            1.0,
            1.0
        ],
        [
            0.30000001192092896,
            27.08835792541504,
            7.900000095367432,
            8.100000381469727,
            8.300000190734863,
            13.336170196533203,
            0.0,
            -4.665730692424153e-13,
            -3.158763885498047,
            -13.596846580505371,
            -6.763615608215332,
            -6.763615608215332,
            -5.141236305236816,
            -11.095338821411133,
            0.0,
            0.001311096828430891,
            3.494027614593506,
            13.752188682556152,
            6.7984232902526855,
            6.7984232902526855,
            5.4272308349609375,
            0.8860052227973938,
            0.0,
            0.13720062375068665,
            1.2554751634597778,
            0.3406735062599182,
            0.3287319540977478,
            0.3287319540977478,
            1.2520862817764282,
            0.0,
            0.0,
            0.0,
            1.0,
            0.0,
            0.0,
            0.0,
            1.0,
            1.0,
            -1.0,
            1.0,
            1.0,
            1.0,
            1.0,
            1.0,
            1.0,
            1.0,
            -1.0,
            1.0,
            1.0,
            1.0,
            2.0,
            1.0,
            1.0,
            1.0,
            1.0,
            1.0,
            1.0,
            1.0
        ],
        [
            0.30000001192092896,
            27.128793716430664,
            7.599999904632568,
            8.0,
            8.0,
            14.023134231567383,
            0.0,
            0.21780525147914886,
            -3.9696173667907715,
            -12.717391014099121,
            -12.365129470825195,
            -1.8540019779828e-12,
            -4.0303826332092285,
            -11.56506633758545,
            0.0,
            0.1462993621826172,
            4.118766784667969,
            13.105658531188965,
            12.71733283996582,
            5.8061046729562804e-05,
            4.147324562072754,
            0.9285669922828674,
            0.0,
            1.0746521949768066,
            0.821788489818573,
            0.5354387164115906,
            1.0205078125,
            0.02588246576488018,
            0.8176852464675903,
            0.0,
            0.0,
            1.0,
            0.0,
            0.0,
            1.0,
            0.0,
            0.0,
            1.0,
            -1.0,
            1.0,
            1.0,
            1.0,
            1.0,
            1.0,
            1.0,
            1.0,
            -1.0,
            1.0,
            1.0,
            1.0,
            2.0,
            2.0,
            1.0,
            2.0,
            2.0,
            1.0,
            1.0,
            1.0
        ],
        [
            0.30000001192092896,
            27.445613861083984,
            7.900000095367432,
            7.900000095367432,
            8.0,
            14.256567001342773,
            0.0,
            0.31082430481910706,
            -3.907299518585205,
            -12.788089752197266,
            -12.423759460449219,
            -9.286605772568235e-13,
            -4.092700481414795,
            -11.722765922546387,
            0.0,
            0.06285058706998825,
            4.059915542602539,
            13.189046859741211,
            12.788031578063965,
            5.806163608212955e-05,
            4.212934970855713,
            0.9429593086242676,
            0.0,
            1.0895788669586182,
            0.831799328327179,
            0.5440198183059692,
            1.0376402139663696,
            0.025882598012685776,
            0.828446090221405,
            0.0,
            0.0,
            2.0,
            0.0,
            0.0,
            2.0,
            0.0,
            0.0,
            1.0,
            -1.0,
            1.0,
            1.0,
            1.0,
            1.0,
            1.0,
            1.0,
            1.0,
            -1.0,
            1.0,
            1.0,
            1.0,
            2.0,
            2.0,
            1.0,
            2.0,
            2.0,
            1.0,
            1.0,
            1.0
        ],
        [
            0.0,
            0.0,
            0.0,
