{
    "eval_chronic": "/home/trlautenbacher/data_grid2op/rte_case5_example_val/chronics/12",
    "eval_rewards": [
        [
            0.02026960338449818,
            -0.023999999999999962,
            -1.0
        ],
        [
            0.00034348317268330516,
            -0.0006666666666666666,
            -1.0
        ],
        [
            0.0002657475346605872,
            -0.0006666666666666666,
            0.0
        ],
        [
            0.0,
            0.0,
            0.0
        ]
    ],
    "eval_actions": [
        43,
        18,
        22,
        35
    ],
    "eval_states": [
        [
            0.30000001192092896,
            27.20195198059082,
            7.800000190734863,
            8.300000190734863,
            8.100000381469727,
            11.414020538330078,
            2.770277500152588,
            -0.6093976497650146,
            -3.7252299785614014,
            -14.994261741638184,
            -7.6906023025512695,
            -4.43752384185791,
            -4.374770164489746,
            -9.734940528869629,
            -2.370974063873291,
            0.7936962842941284,
            3.812218189239502,
            15.787932395935059,
            7.7467851638793945,
            4.477198600769043,
            4.43752384185791,
            0.7652251124382019,
            0.9395295977592468,
            0.7448183298110962,
            0.6166549324989319,
            0.7628790140151978,
            0.4146508276462555,
            0.35084107518196106,
            0.6108279228210449,
            0.0,
            0.0,
            0.0,
            0.0,
            0.0,
            0.0,
            0.0,
            0.0,
            1.0,
            1.0,
            1.0,
            1.0,
            1.0,
            1.0,
            1.0,
            1.0,
            1.0,
            1.0,
            1.0,
            1.0,
            1.0,
            2.0,
            2.0,
            1.0,
            1.0,
            2.0,
            1.0,
            1.0,
            1.0
        ],
        [
            0.5,
            26.50322914123535,
            8.199999809265137,
            8.300000190734863,
            8.399999618530273,
            10.568992614746094,
            3.490347385406494,
            -1.0607554912567139,
            -3.4827842712402344,
            -15.762650489807129,
            -7.2392449378967285,
            -4.923609256744385,
            -4.917215347290039,
            -9.114558219909668,
            -3.4867188930511475,
            1.4145587682724,
            3.4867188930511475,
            15.934236526489258,
            7.34561014175415,
            4.926692962646484,
            4.923609256744385,
            0.7113078832626343,
            0.09106967598199844,
            1.0584349632263184,
            0.12522080540657043,
            0.3576250672340393,
            0.5664351582527161,
            0.09723462909460068,
            0.17458470165729523,
            0.0,
            0.0,
            1.0,
            0.0,
            0.0,
            0.0,
            0.0,
            0.0,
            2.0,
            1.0,
            2.0,
            1.0,
            2.0,
            2.0,
            1.0,
            1.0,
            1.0,
            1.0,
            1.0,
            1.0,
            1.0,
            2.0,
            2.0,
            1.0,
            1.0,
            2.0,
            1.0,
            1.0,
            1.0
        ],
        [
            0.5,
            27.724611282348633,
            8.199999809265137,
            8.5,
            8.5,
            13.333189010620117,
            1.4050493240356445,
            -1.40191650390625,
            -3.1326591968536377,
            -14.215838432312012,
            -7.09808349609375,
            -5.583092212677002,
            -5.367341041564941,
            -11.093281745910645,
            -1.403741478919983,
            1.403741478919983,
            3.393282175064087,
            14.391422271728516,
            7.104565143585205,
            5.706223964691162,
            5.583092212677002,
            0.8858199119567871,
            0.036328915506601334,
            0.04995226114988327,
            1.1012637615203857,
            0.3618277311325073,
            0.13485831022262573,
            0.6086918115615845,
            1.0935792922973633,
            0.0,
            0.0,
            0.0,
            1.0,
            0.0,
            0.0,
            0.0,
            1.0,
            2.0,
            1.0,
            1.0,
            2.0,
            2.0,
            2.0,
            1.0,
            1.0,
            1.0,
            1.0,
            1.0,
            1.0,
            1.0,
            2.0,
            2.0,
            1.0,
            1.0,
            2.0,
            1.0,
            1.0,
            1.0
        ],
        [
            0.0,
            0.0,
            0.0,
            0.0,
            0.0,
            0.0,
            0.0,
            0.0,
            0.0,
            0.0,
            0.0,
            0.0,
            0.0,
            0.0,
            0.0,
            0.0,
            0.0,
            0.0,
            0.0,
            0.0,
            0.0,
            0.0,
            0.0,
            0.0,
            0.0,
            0.0,
            0.0,
            0.0,
            0.0,
            0.0,
            0.0,
            0.0,
            0.0,
            0.0,
            0.0,
            0.0,
            0.0,
            -1.0,
            -1.0,
            -1.0,
            -1.0,
            -1.0,
            -1.0,
            -1.0,
            -1.0,
            -1.0,
            -1.0,
            -1.0,
            -1.0,
            -1.0,
            -1.0,
            -1.0,
            -1.0,
            -1.0,
            -1.0,
            -1.0,
            -1.0,
            -1.0
        ]
    ],
    "eval_steps": 87
}