{
    "eval_chronic": "/home/trlautenbacher/data_grid2op/rte_case5_example_val/chronics/12",
    "eval_rewards": [
        [
            0.00018178309354378053,
            -9.523809523809523e-05,
            -1.0
        ],
        [
            0.00024108520285823877,
            -0.00019047619047619045,
            -1.0
        ],
        [
            0.00024181331806386378,
            -0.00019047619047619045,
            -1.0
        ],
        [
            0.0,
            0.0,
            0.0
        ]
    ],
    "eval_actions": [
        37,
        52,
        1,
        37
    ],
    "eval_states": [
        [
            0.30000001192092896,
            27.28756332397461,
            7.800000190734863,
            8.300000190734863,
            8.100000381469727,
            12.736221313476562,
            2.6843996640211467e-15,
            0.9236764907836914,
            -3.534424066543579,
            -14.12021541595459,
            -6.959481239318848,
            -6.959481239318848,
            -4.565576076507568,
            -10.678116798400879,
            0.0006492077955044806,
            -0.5209556221961975,
            3.698423385620117,
            14.551342964172363,
            7.060107707977295,
            7.060107707977295,
            4.695286273956299,
            0.8485782146453857,
            0.07894150167703629,
            1.1337578296661377,
            0.8638564348220825,
            0.5638597011566162,
            0.5513015985488892,
            0.5513015985488892,
            0.8585058450698853,
            0.0,
            0.0,
            1.0,
            0.0,
            0.0,
            0.0,
            0.0,
            0.0,
            1.0,
            1.0,
            1.0,
            1.0,
            1.0,
            1.0,
            1.0,
            1.0,
            1.0,
            2.0,
            1.0,
            1.0,
            1.0,
            1.0,
            1.0,
            1.0,
            1.0,
            1.0,
            1.0,
            1.0,
            1.0
        ],
        [
            0.30000001192092896,
            27.104522705078125,
            8.0,
            8.100000381469727,
            8.199999809265137,
            13.374165534973145,
            4.609256769663728e-13,
            -9.289058237882397e-13,
            -3.084446668624878,
            -13.573473930358887,
            -6.7515692710876465,
            -6.7515692710876465,
            -5.115553379058838,
            -11.121541023254395,
            0.0006492077955044806,
            0.001311096828430891,
            3.4195809364318848,
            13.730358123779297,
            6.786736965179443,
            6.786736965179443,
            5.403138160705566,
            0.8883675336837769,
            0.07894150167703629,
            0.13720062375068665,
            1.255213975906372,
            0.342337042093277,
            0.3303817808628082,
            0.3303817808628082,
            1.2554395198822021,
            0.0,
            0.0,
            0.0,
            1.0,
            0.0,
            0.0,
            0.0,
            1.0,
            1.0,
            1.0,
            1.0,
            1.0,
            1.0,
            1.0,
            1.0,
            1.0,
            1.0,
            2.0,
            1.0,
            1.0,
            1.0,
            2.0,
            1.0,
            1.0,
            1.0,
            1.0,
            1.0,
            1.0,
            1.0
        ],
        [
            0.30000001192092896,
            27.08930015563965,
            7.900000095367432,
            8.100000381469727,
            8.300000190734863,
            13.336860656738281,
            0.0,
            -4.623305319313709e-13,
            -3.158562183380127,
            -13.59708309173584,
            -6.763730525970459,
            -6.763730525970459,
            -5.141438007354736,
            -11.095815658569336,
            0.0006492077955044806,
            0.001311096828430891,
            3.4938552379608154,
            13.75243854522705,
            6.79854154586792,
            6.79854154586792,
            5.427460193634033,
            0.8860482573509216,
            0.07894150167703629,
            0.13720062375068665,
            1.2555325031280518,
            0.34068864583969116,
            0.328747034072876,
            0.328747034072876,
            1.2521448135375977,
            0.0,
            0.0,
            0.0,
            2.0,
            0.0,
            0.0,
            0.0,
            2.0,
            1.0,
            1.0,
            1.0,
            1.0,
            1.0,
            1.0,
            1.0,
            1.0,
            1.0,
            2.0,
            1.0,
            1.0,
            1.0,
            2.0,
            1.0,
            1.0,
            1.0,
            1.0,
            1.0,
            1.0,
            1.0
        ],
        [
            0.0,
            0.0,
            0.0,
            0.0,
            0.0,
            0.0,
            0.0,
            0.0,
            0.0,
            0.0,
            0.0,
            0.0,
            0.0,
            0.0,
            0.0,
            0.0,
            0.0,
            0.0,
            0.0,
            0.0,
            0.0,
            0.0,
            0.0,
            0.0,
            0.0,
            0.0,
            0.0,
            0.0,
            0.0,
            0.0,
            0.0,
            0.0,
            0.0,
            0.0,
            0.0,
            0.0,
            0.0,
            -1.0,
            -1.0,
            -1.0,
            -1.0,
            -1.0,
            -1.0,
            -1.0,
            -1.0,
            -1.0,
            -1.0,
            -1.0,
            -1.0,
            -1.0,
            -1.0,
            -1.0,
            -1.0,
            -1.0,
            -1.0,
            -1.0,
            -1.0,
            -1.0
        ]
    ],
    "eval_steps": 4
}