{
    "eval_chronic": "/home/trlautenbacher/data_grid2op/rte_case5_example_val/chronics/19",
    "eval_rewards": [
        [
            0.024206537224631834,
            -0.022476190476190483,
            -1.0
        ],
        [
            0.0,
            0.0,
            0.0
        ]
    ],
    "eval_actions": [
        8,
        5
    ],
    "eval_states": [
        [
            2.0,
            22.991369247436523,
            8.600000381469727,
            8.199999809265137,
            7.800000190734863,
            9.66545295715332,
            2.6929244995117188,
            -1.7587542533874512,
            -3.716780662536621,
            -13.259796142578125,
            -5.2686262130737305,
            -5.2686262130737305,
            -4.083219528198242,
            -9.635736465454102,
            -2.6869072914123535,
            2.0,
            3.7226436138153076,
            13.325915336608887,
            5.283435821533203,
            5.283435821533203,
            4.096006393432617,
            0.09803874790668488,
            0.1540290117263794,
            0.8622050285339355,
            0.20694582164287567,
            0.22368401288986206,
            0.21810035407543182,
            0.21810035407543182,
            0.21657416224479675,
            0.0,
            0.0,
            0.0,
            0.0,
            0.0,
            0.0,
            0.0,
            0.0,
            2.0,
            2.0,
            1.0,
            2.0,
            1.0,
            2.0,
            1.0,
            1.0,
            1.0,
            1.0,
            1.0,
            1.0,
            1.0,
            1.0,
            1.0,
            1.0,
            1.0,
            1.0,
            1.0,
            1.0,
            1.0
        ],
        [
            0.0,
            0.0,
            0.0,
            0.0,
            0.0,
            0.0,
            0.0,
            0.0,
            0.0,
            0.0,
            0.0,
            0.0,
            0.0,
            0.0,
            0.0,
            0.0,
            0.0,
            0.0,
            0.0,
            0.0,
            0.0,
            0.0,
            0.0,
            0.0,
            0.0,
            0.0,
            0.0,
            0.0,
            0.0,
            0.0,
            0.0,
            0.0,
            0.0,
            0.0,
            0.0,
            0.0,
            0.0,
            -1.0,
            -1.0,
            -1.0,
            -1.0,
            -1.0,
            -1.0,
            -1.0,
            -1.0,
            -1.0,
            -1.0,
            -1.0,
            -1.0,
            -1.0,
            -1.0,
            -1.0,
            -1.0,
            -1.0,
            -1.0,
            -1.0,
            -1.0,
            -1.0
        ]
    ],
    "eval_steps": 60
}