{
    "eval_chronic": "/home/trlautenbacher/data_grid2op/rte_case5_example_val/chronics/12",
    "eval_rewards": [
        [
            0.03551330613551531,
            -0.04342857142857134,
            -1.0
        ],
        [
            0.00012932538274143535,
            -0.0004761904761904762,
            0.0
        ],
        [
            0.00012189414764522853,
            -0.0006666666666666666,
            -1.0
        ],
        [
            0.0,
            0.0,
            0.0
        ]
    ],
    "eval_actions": [
        7,
        14,
        35,
        36
    ],
    "eval_states": [
        [
            0.30000001192092896,
            25.629371643066406,
            7.800000190734863,
            8.300000190734863,
            8.100000381469727,
            8.25452709197998,
            -0.5869096517562866,
            7.82595682144165,
            -6.661339282989502,
            -17.06360626220703,
            -8.812023162841797,
            -8.812023162841797,
            -1.438660979270935,
            -7.341468334197998,
            0.8844369649887085,
            -7.800000190734863,
            6.757031440734863,
            17.374845504760742,
            8.825258255004883,
            8.825258255004883,
            1.4980899095535278,
            0.5609190464019775,
            0.8055494427680969,
            0.33943092823028564,
            0.6511603593826294,
            0.4798343777656555,
            0.20242933928966522,
            0.20242933928966522,
            0.5971745252609253,
            0.0,
            0.0,
            0.0,
            0.0,
            0.0,
            0.0,
            0.0,
            0.0,
            2.0,
            2.0,
            1.0,
            2.0,
            2.0,
            1.0,
            1.0,
            1.0,
            1.0,
            1.0,
            1.0,
            1.0,
            1.0,
            1.0,
            1.0,
            1.0,
            1.0,
            1.0,
            1.0,
            1.0,
            1.0
        ],
        [
            0.5,
            31.734050750732422,
            9.0,
            9.300000190734863,
            9.399999618530273,
            14.92116928100586,
            0.0006479661096818745,
            1.1497390270233154,
            -4.067098617553711,
            -16.2115478515625,
            -7.975768089294434,
            -7.975768089294434,
            -5.3329010009765625,
            -12.166519165039062,
            -4.639296759256784e-13,
            -0.6191858649253845,
            4.28570556640625,
            16.81287956237793,
            8.105449676513672,
            8.105449676513672,
            5.501796722412109,
            0.9837436079978943,
            1.2026896304220564e-14,
            1.311453104019165,
            1.0047849416732788,
            0.6647971868515015,
            0.6241464018821716,
            0.6241464018821716,
            0.9728630781173706,
            0.0,
            0.0,
            1.0,
            1.0,
            0.0,
            0.0,
            0.0,
            0.0,
            2.0,
            1.0,
            2.0,
            2.0,
            2.0,
            2.0,
            1.0,
            1.0,
            1.0,
            1.0,
            1.0,
            1.0,
            1.0,
            1.0,
            1.0,
            1.0,
            1.0,
            1.0,
            1.0,
            1.0,
            1.0
        ],
        [
            0.5,
            32.94136428833008,
            9.100000381469727,
            9.300000190734863,
            9.5,
            17.16984748840332,
            0.0006471151718869805,
            0.3622574210166931,
            -4.6633195877075195,
            -15.204944610595703,
            0.00238130078651011,
            -14.660490036010742,
            -4.8366804122924805,
            -13.612356185913086,
            4.610207614968997e-13,
            0.14031916856765747,
            4.872036457061768,
            15.771519660949707,
            -0.0006471151718869805,
            15.204944610595703,
            4.995851039886475,
            1.1196972131729126,
            1.230130956814254e-14,
            1.274566411972046,
            0.9808835983276367,
            0.6454954743385315,
            0.05779705569148064,
            1.265787124633789,
            0.9459468126296997,
            1.0,
            0.0,
            2.0,
            0.0,
            0.0,
            0.0,
            1.0,
            0.0,
            2.0,
            1.0,
            2.0,
            2.0,
            2.0,
            2.0,
            1.0,
            1.0,
            1.0,
            2.0,
            1.0,
            2.0,
            1.0,
            1.0,
            1.0,
            1.0,
            1.0,
            1.0,
            1.0,
            1.0,
            1.0
        ],
        [
            0.0,
            0.0,
            0.0,
            0.0,
            0.0,
            0.0,
            0.0,
            0.0,
            0.0,
            0.0,
            0.0,
            0.0,
            0.0,
            0.0,
            0.0,
            0.0,
            0.0,
            0.0,
            0.0,
            0.0,
            0.0,
            0.0,
            0.0,
            0.0,
            0.0,
            0.0,
            0.0,
            0.0,
            0.0,
            0.0,
            0.0,
            0.0,
            0.0,
            0.0,
            0.0,
            0.0,
            0.0,
            -1.0,
            -1.0,
            -1.0,
            -1.0,
            -1.0,
            -1.0,
            -1.0,
            -1.0,
            -1.0,
            -1.0,
            -1.0,
            -1.0,
            -1.0,
            -1.0,
            -1.0,
            -1.0,
            -1.0,
            -1.0,
            -1.0,
            -1.0,
            -1.0
        ]
    ],
    "eval_steps": 117
}