{
    "eval_chronic": "/home/trlautenbacher/data_grid2op/rte_case5_example_val/chronics/19",
    "eval_rewards": [
        [
            0.00013714469212623714,
            -0.0002857142857142857,
            -1.0
        ],
        [
            0.00022505205096026864,
            -0.0003809523809523809,
            0.0
        ],
        [
            0.00021033667234518068,
            -0.0004761904761904762,
            -1.0
        ],
        [
            0.00012602063238754206,
            -0.0006666666666666666,
            -1.0
        ],
        [
            0.0,
            0.0,
            0.0
        ]
    ],
    "eval_actions": [
        40,
        45,
        37,
        28,
        28
    ],
    "eval_states": [
        [
            2.0,
            27.852882385253906,
            8.600000381469727,
            8.199999809265137,
            7.800000190734863,
            14.98206901550293,
            7.035360813140869,
            4.645751953125,
            -16.02174949645996,
            -11.771077156066895,
            -2.3228759765625,
            -2.3228759765625,
            8.221749305725098,
            -12.206798553466797,
            -6.270693778991699,
            -4.221147537231445,
            16.0986385345459,
            12.870814323425293,
            2.367858409881592,
            2.367858409881592,
            -8.199999809265137,
            0.9874666333198547,
            1.3154834508895874,
            1.166517972946167,
            0.6061027646064758,
            0.8969480395317078,
            0.3730641305446625,
            0.3730641305446625,
            0.3576045632362366,
            0.0,
            1.0,
            1.0,
            0.0,
            0.0,
            0.0,
            0.0,
            0.0,
            1.0,
            1.0,
            1.0,
            1.0,
            1.0,
            1.0,
            1.0,
            1.0,
            1.0,
            1.0,
            1.0,
            1.0,
            1.0,
            2.0,
            2.0,
            2.0,
            1.0,
            1.0,
            1.0,
            1.0,
            1.0
        ],
        [
            1.899999976158142,
            25.93830680847168,
            8.600000381469727,
            8.199999809265137,
            7.800000190734863,
            11.447493553161621,
            3.38088321685791,
            -1.08253812789917,
            -4.711405277252197,
            -13.766146659851074,
            1.85652426591687e-12,
            -10.249886512756348,
            -3.088594675064087,
            -9.759228706359863,
            -2.943819046020508,
            1.225847840309143,
            4.777199745178223,
            14.490813255310059,
            5.808203786727972e-05,
            10.385205268859863,
            3.13242506980896,
            0.767350435256958,
            0.9848033785820007,
            0.6487829089164734,
            0.531335711479187,
            0.7292538285255432,
            0.02588714472949505,
            0.6370639801025391,
            0.5186856389045715,
            0.0,
            0.0,
            0.0,
            0.0,
            0.0,
            0.0,
            0.0,
            0.0,
            1.0,
            1.0,
            1.0,
            1.0,
            1.0,
            1.0,
            1.0,
            1.0,
            1.0,
            1.0,
            1.0,
            1.0,
            1.0,
            2.0,
            1.0,
            2.0,
            2.0,
            2.0,
            1.0,
            1.0,
            1.0
        ],
        [
            1.899999976158142,
            25.969356536865234,
            8.5,
            8.0,
            7.900000095367432,
            13.287196159362793,
            -9.30256414434505e-13,
            0.0378204844892025,
            -4.034931182861328,
            -12.328369140625,
            1.5554525525804603e-15,
            -12.008872985839844,
            -3.8650686740875244,
            -11.061527252197266,
            0.0006492077955044806,
            0.2910543382167816,
            4.16982364654541,
            12.682160377502441,
            5.8062196330865845e-05,
            12.3283109664917,
            3.971052408218384,
            0.8829591870307922,
            0.07894150167703629,
            1.0179389715194702,
            0.7792814373970032,
            0.5113955140113831,
            0.025882722809910774,
            0.9724660515785217,
            0.7807125449180603,
            0.0,
            0.0,
            1.0,
            0.0,
            0.0,
            0.0,
            0.0,
            0.0,
            1.0,
            1.0,
            1.0,
            1.0,
            1.0,
            1.0,
            1.0,
            1.0,
            1.0,
            2.0,
            1.0,
            1.0,
            1.0,
            2.0,
            1.0,
            2.0,
            2.0,
            2.0,
            1.0,
            1.0,
            1.0
        ],
        [
            1.7999999523162842,
            25.14470863342285,
            8.5,
            8.0,
            7.699999809265137,
            8.523237228393555,
            -9.312742634340343e-13,
            1.9339274168014526,
            -2.7335193157196045,
            -15.855278968811035,
            -1.8538618990621147e-12,
            -15.140361785888672,
            -4.966480255126953,
            -8.5,
            0.0006492077955044806,
            -1.2121750116348267,
            3.011525869369507,
            16.62147331237793,
            5.805505861644633e-05,
            15.85522174835205,
            5.20643424987793,
            0.09837409108877182,
            0.07894150167703629,
            1.5410422086715698,
            1.138909101486206,
            0.749648928642273,
            0.02588113211095333,
            1.448630928993225,
            1.1508628129959106,
            0.0,
            0.0,
            2.0,
            1.0,
            0.0,
            0.0,
            1.0,
            1.0,
            2.0,
            1.0,
            1.0,
            1.0,
            1.0,
            2.0,
            1.0,
            1.0,
            1.0,
            2.0,
            1.0,
            1.0,
            1.0,
            2.0,
            1.0,
            2.0,
            2.0,
            2.0,
            1.0,
            1.0,
            1.0
        ],
        [
            0.0,
            0.0,
            0.0,
            0.0,
            0.0,
            0.0,
            0.0,
            0.0,
            0.0,
            0.0,
            0.0,
            0.0,
            0.0,
            0.0,
            0.0,
            0.0,
            0.0,
            0.0,
            0.0,
            0.0,
            0.0,
            0.0,
            0.0,
            0.0,
            0.0,
            0.0,
            0.0,
            0.0,
            0.0,
            0.0,
            0.0,
            0.0,
            0.0,
            0.0,
            0.0,
            0.0,
            0.0,
            -1.0,
            -1.0,
            -1.0,
            -1.0,
            -1.0,
            -1.0,
            -1.0,
            -1.0,
            -1.0,
            -1.0,
            -1.0,
            -1.0,
            -1.0,
            -1.0,
            -1.0,
            -1.0,
            -1.0,
            -1.0,
            -1.0,
            -1.0,
            -1.0
        ]
    ],
    "eval_steps": 5
}