{
    "eval_chronic": "/home/trlautenbacher/data_grid2op/rte_case5_example_val/chronics/12",
    "eval_rewards": [
        [
            0.029177140059487374,
            -0.042380952380952436,
            -1.0
        ],
        [
            0.00027094435113474206,
            -0.0008571428571428571,
            -1.0
        ],
        [
            0.0,
            0.0,
            0.0
        ]
    ],
    "eval_actions": [
        2,
        41,
        33
    ],
    "eval_states": [
        [
            0.30000001192092896,
            26.32218360900879,
            7.800000190734863,
            8.300000190734863,
            8.100000381469727,
            9.874114990234375,
            1.1896162033081055,
            -1.7056965827941895,
            0.0004616523801814765,
            -15.944766998291016,
            -7.355907917022705,
            -7.355907917022705,
            -8.100461959838867,
            -8.593796730041504,
            -0.8269320726394653,
            1.9207289218902588,
            -9.252493519615324e-13,
            16.448068618774414,
            7.377575397491455,
            7.377575397491455,
            8.117512702941895,
            0.666581392288208,
            0.8934939503669739,
            0.8102020025253296,
            3.3073963354298894e-14,
            0.6087077260017395,
            0.2608397603034973,
            0.2608397603034973,
            0.2879382073879242,
            0.0,
            0.0,
            0.0,
            0.0,
            0.0,
            0.0,
            0.0,
            0.0,
            2.0,
            2.0,
            2.0,
            1.0,
            2.0,
            2.0,
            1.0,
            1.0,
            1.0,
            1.0,
            1.0,
            1.0,
            1.0,
            1.0,
            1.0,
            1.0,
            1.0,
            1.0,
            1.0,
            1.0,
            1.0
        ],
        [
            0.5,
            28.45134925842285,
            8.5,
            8.5,
            8.800000190734863,
            11.448906898498535,
            2.262824058532715,
            -3.28061580657959,
            0.00046091945841908455,
            -16.386314392089844,
            -14.040057182312012,
            -9.267625729336704e-13,
            -8.800460815429688,
            -9.76025390625,
            -1.7598992586135864,
            3.5201528072357178,
            4.630591157912811e-13,
            17.00244140625,
            14.123432159423828,
            5.8032837841892615e-05,
            8.820672035217285,
            0.7674400806427002,
            1.0591837167739868,
            0.8593603372573853,
            1.6914300973833347e-14,
            0.6728496551513672,
            0.501309871673584,
            0.025876179337501526,
            0.31340551376342773,
            0.0,
            1.0,
            0.0,
            0.0,
            0.0,
            0.0,
            0.0,
            0.0,
            2.0,
            2.0,
            2.0,
            1.0,
            2.0,
            2.0,
            1.0,
            1.0,
            1.0,
            1.0,
            1.0,
            1.0,
            1.0,
            2.0,
            2.0,
            1.0,
            2.0,
            2.0,
            1.0,
            1.0,
            1.0
        ],
        [
            0.0,
            0.0,
            0.0,
            0.0,
            0.0,
            0.0,
            0.0,
            0.0,
            0.0,
            0.0,
            0.0,
            0.0,
            0.0,
            0.0,
            0.0,
            0.0,
            0.0,
            0.0,
            0.0,
            0.0,
            0.0,
            0.0,
            0.0,
            0.0,
            0.0,
            0.0,
            0.0,
            0.0,
            0.0,
            0.0,
            0.0,
            0.0,
            0.0,
            0.0,
            0.0,
            0.0,
            0.0,
            -1.0,
            -1.0,
            -1.0,
            -1.0,
            -1.0,
            -1.0,
            -1.0,
            -1.0,
            -1.0,
            -1.0,
            -1.0,
            -1.0,
            -1.0,
            -1.0,
            -1.0,
            -1.0,
            -1.0,
            -1.0,
            -1.0,
            -1.0,
            -1.0
        ]
    ],
    "eval_steps": 91
}