{
    "eval_chronic": "/home/trlautenbacher/data_grid2op/rte_case5_example_val/chronics/19",
    "eval_rewards": [
        [
            0.0002193828553415522,
            -0.0004761904761904762,
            -1.0
        ],
        [
            0.0002762979134519865,
            -0.0005714285714285714,
            -1.0
        ],
        [
            0.0002737005760225555,
            -0.0008571428571428571,
            -1.0
        ],
        [
            0.0,
            0.0,
            0.0
        ]
    ],
    "eval_actions": [
        14,
        52,
        32,
        35
    ],
    "eval_states": [
        [
            2.0,
            25.503881454467773,
            8.600000381469727,
            8.199999809265137,
            7.800000190734863,
            11.714866638183594,
            0.0006481730379164219,
            0.6617861390113831,
            -3.54569935798645,
            -13.390277862548828,
            -6.611783981323242,
            -6.611783981323242,
            -4.254301071166992,
            -9.952459335327148,
            4.634849361945248e-13,
            -0.3291566073894501,
            3.6816158294677734,
            13.789015769958496,
            6.694814682006836,
            6.694814682006836,
            4.361782550811768,
            0.7842977643013,
            1.1934023376718866e-14,
            1.0241247415542603,
            0.7822268605232239,
            0.5425119996070862,
            0.5019010901451111,
            0.5019010901451111,
            0.7857221961021423,
            0.0,
            0.0,
            1.0,
            0.0,
            0.0,
            0.0,
            0.0,
            0.0,
            2.0,
            1.0,
            2.0,
            2.0,
            2.0,
            2.0,
            1.0,
            1.0,
            1.0,
            1.0,
            1.0,
            1.0,
            1.0,
            1.0,
            1.0,
            1.0,
            1.0,
            1.0,
            1.0,
            1.0,
            1.0
        ],
        [
            1.899999976158142,
            25.27398681640625,
            8.600000381469727,
            8.199999809265137,
            7.800000190734863,
            12.075729370117188,
            0.0006477739079855382,
            -9.301215396842477e-13,
            -3.2397422790527344,
            -13.048116683959961,
            -6.495612144470215,
            -6.495612144470215,
            -4.560257911682129,
            -10.211091995239258,
            4.628146282013856e-13,
            0.001311096828430891,
            3.509780168533325,
            13.198256492614746,
            6.5237345695495605,
            6.5237345695495605,
            4.791224479675293,
            0.8070915341377258,
            1.230130956814254e-14,
            0.13720062375068665,
            1.121852159500122,
            0.33504581451416016,
            0.2965303659439087,
            0.2965303659439087,
            1.1300792694091797,
            0.0,
            0.0,
            0.0,
            1.0,
            0.0,
            0.0,
            0.0,
            1.0,
            2.0,
            1.0,
            2.0,
            2.0,
            2.0,
            2.0,
            1.0,
            1.0,
            1.0,
            1.0,
            1.0,
            1.0,
            1.0,
            2.0,
            1.0,
            1.0,
            1.0,
            1.0,
            1.0,
            1.0,
            1.0
        ],
        [
            1.899999976158142,
            25.42041015625,
            8.5,
            8.0,
            7.900000095367432,
            13.085094451904297,
            0.0006479094736278057,
            1.3902381409437985e-15,
            -4.051977634429932,
            -12.188826560974121,
            5.790623981738463e-05,
            -12.074545860290527,
            -3.8480224609375,
            -10.92153549194336,
            4.63132570488467e-13,
            0.001311096828430891,
            4.320224285125732,
            12.335315704345703,
            -2.780925880199736e-12,
            12.188179016113281,
            4.074487686157227,
            0.8703716993331909,
            1.2026896304220564e-14,
            0.13720062375068665,
            1.1181150674819946,
            0.33107271790504456,
            5.323400140838652e-14,
            0.58438640832901,
            1.1196166276931763,
            0.0,
            0.0,
            0.0,
            2.0,
            0.0,
            0.0,
            0.0,
            2.0,
            2.0,
            1.0,
            2.0,
            2.0,
            2.0,
            2.0,
            1.0,
            1.0,
            1.0,
            2.0,
            2.0,
            1.0,
            2.0,
            2.0,
            1.0,
            1.0,
            1.0,
            1.0,
            1.0,
            1.0,
            1.0
        ],
        [
            0.0,
            0.0,
            0.0,
            0.0,
            0.0,
            0.0,
            0.0,
            0.0,
            0.0,
            0.0,
            0.0,
            0.0,
            0.0,
            0.0,
            0.0,
            0.0,
            0.0,
            0.0,
            0.0,
            0.0,
            0.0,
            0.0,
            0.0,
            0.0,
            0.0,
            0.0,
            0.0,
            0.0,
            0.0,
            0.0,
            0.0,
            0.0,
            0.0,
            0.0,
            0.0,
            0.0,
            0.0,
            -1.0,
            -1.0,
            -1.0,
            -1.0,
            -1.0,
            -1.0,
            -1.0,
            -1.0,
            -1.0,
            -1.0,
            -1.0,
            -1.0,
            -1.0,
            -1.0,
            -1.0,
            -1.0,
            -1.0,
            -1.0,
            -1.0,
            -1.0,
            -1.0
        ]
    ],
    "eval_steps": 4
}