{
    "eval_chronic": "/home/trlautenbacher/data_grid2op/rte_case5_example_val/chronics/12",
    "eval_rewards": [
        [
            0.8643482542480704,
            -0.31999999999999557,
            -1.0
        ]
    ],
    "eval_actions": [
        19
    ],
    "eval_states": [
        [
            0.30000001192092896,
            24.56761360168457,
            7.800000190734863,
            8.300000190734863,
            8.100000381469727,
            5.279535293579102,
            8.481253623962402,
            -5.049417972564697,
            -0.6602739691734314,
            -19.209409713745117,
            -5.354215621948242,
            -5.354215621948242,
            -7.43972635269165,
            -4.891236782073975,
            -8.460679054260254,
            5.191236972808838,
            0.6606788635253906,
            19.28807830810547,
            5.364078044891357,
            5.364078044891357,
            7.457849025726318,
            0.36132580041885376,
            0.23243685066699982,
            0.6474553346633911,
            0.09020434319972992,
            0.24240966141223907,
            0.17916031181812286,
            0.17916031181812286,
            0.2826611399650574,
            0.0,
            0.0,
            0.0,
            0.0,
            0.0,
            0.0,
            0.0,
            0.0,
            2.0,
            1.0,
            2.0,
            1.0,
            2.0,
            1.0,
            1.0,
            1.0,
            1.0,
            1.0,
            1.0,
            1.0,
            1.0,
            1.0,
            1.0,
            1.0,
            1.0,
            1.0,
            1.0,
            1.0,
            1.0
        ]
    ],
    "eval_steps": 2016
}