{
    "eval_chronic": "/home/trlautenbacher/data_grid2op/rte_case5_example_val/chronics/19",
    "eval_rewards": [
        [
            0.0002193828553415522,
            -0.0002645502645502645,
            -1.0
        ],
        [
            0.9434473861166947,
            -0.2132275132275189,
            -1.0
        ]
    ],
    "eval_actions": [
        14,
        27
    ],
    "eval_states": [
        [
            2.0,
            25.503881454467773,
            8.600000381469727,
            8.199999809265137,
            7.800000190734863,
            11.714866638183594,
            0.0006481730379164219,
            0.6617861390113831,
            -3.54569935798645,
            -13.390277862548828,
            -6.611783981323242,
            -6.611783981323242,
            -4.254301071166992,
            -9.952459335327148,
            4.634849361945248e-13,
            -0.3291566073894501,
            3.6816158294677734,
            13.789015769958496,
            6.694814682006836,
            6.694814682006836,
            4.361782550811768,
            0.7842977643013,
            1.1934023376718866e-14,
            1.0241247415542603,
            0.7822268605232239,
            0.5425119996070862,
            0.5019010901451111,
            0.5019010901451111,
            0.7857221961021423,
            0.0,
            0.0,
            1.0,
            0.0,
            0.0,
            0.0,
            0.0,
            0.0,
            2.0,
            1.0,
            2.0,
            2.0,
            2.0,
            2.0,
            1.0,
            1.0,
            1.0,
            1.0,
            1.0,
            1.0,
            1.0,
            1.0,
            1.0,
            1.0,
            1.0,
            1.0,
            1.0,
            1.0,
            1.0
        ],
        [
            1.899999976158142,
            22.87767219543457,
            8.600000381469727,
            8.199999809265137,
            7.800000190734863,
            -1.847291111946106,
            7.53172492980957,
            2.9258339405059814,
            -1.8369333744049072,
            -24.64924430847168,
            -8.549287796020508,
            -8.549287796020508,
            -5.963066577911377,
            1.899999976158142,
            -7.515292644500732,
            -2.922684669494629,
            1.8379770517349243,
            24.724964141845703,
            8.558759689331055,
            8.558759689331055,
            5.972742557525635,
            0.1507081687450409,
            0.21016837656497955,
            0.13790658116340637,
            0.0673828125,
            0.23337407410144806,
            0.16320978105068207,
            0.16320978105068207,
            0.2127232551574707,
            0.0,
            0.0,
            0.0,
            0.0,
            0.0,
            0.0,
            0.0,
            0.0,
            2.0,
            1.0,
            1.0,
            1.0,
            2.0,
            1.0,
            1.0,
            1.0,
            1.0,
            1.0,
            1.0,
            1.0,
            1.0,
            1.0,
            1.0,
            1.0,
            1.0,
            1.0,
            1.0,
            1.0,
            1.0
        ]
    ],
    "eval_steps": 2016
}