{
    "eval_chronic": "/home/trlautenbacher/data_grid2op/rte_case5_example_val/chronics/19",
    "eval_rewards": [
        [
            0.00022886861337522408,
            -0.00015873015873015873,
            -1.0
        ],
        [
            0.3053482879623987,
            -0.25555555555555914,
            -1.0
        ],
        [
            0.5126989034109494,
            -0.38412698412699176,
            -1.0
        ]
    ],
    "eval_actions": [
        32,
        23,
        19
    ],
    "eval_states": [
        [
            2.0,
            25.800434112548828,
            8.600000381469727,
            8.199999809265137,
            7.800000190734863,
            11.375960350036621,
            3.3511319160461426,
            -1.0986665487289429,
            -4.721121311187744,
            -13.714180946350098,
            5.799335121992044e-05,
            -10.22237777709961,
            -3.07887864112854,
            -9.707298278808594,
            -2.9159696102142334,
            1.2376306056976318,
            4.785636901855469,
            14.424474716186523,
            -2.7823520397374235e-12,
            10.363049507141113,
            3.120986223220825,
            0.7628076672554016,
            0.982571005821228,
            0.6378321051597595,
            0.5257518887519836,
            0.7220473289489746,
            5.2691710586763585e-14,
            0.6493295431137085,
            0.5092878937721252,
            0.0,
            0.0,
            0.0,
            0.0,
            0.0,
            0.0,
            0.0,
            0.0,
            1.0,
            1.0,
            1.0,
            1.0,
            1.0,
            1.0,
            1.0,
            1.0,
            1.0,
            2.0,
            2.0,
            1.0,
            2.0,
            1.0,
            1.0,
            1.0,
            1.0,
            1.0,
            1.0,
            1.0,
            1.0
        ],
        [
            1.899999976158142,
            23.535791397094727,
            8.600000381469727,
            8.199999809265137,
            7.800000190734863,
            6.418744087219238,
            6.8297648429870605,
            1.788703441619873,
            -7.656651020050049,
            -17.051626205444336,
            5.780369247077033e-05,
            -10.191999435424805,
            -0.14334899187088013,
            -5.853410720825195,
            -6.816662788391113,
            -1.7833375930786133,
            7.753410816192627,
            17.117046356201172,
            3.700736765643864e-12,
            10.221861839294434,
            0.20323872566223145,
            0.43863409757614136,
            0.17695753276348114,
            0.20202210545539856,
            0.6560264825820923,
            0.2215832769870758,
            7.014954752065233e-14,
            0.30333995819091797,
            0.5994768142700195,
            0.0,
            0.0,
            0.0,
            0.0,
            0.0,
            0.0,
            0.0,
            0.0,
            2.0,
            1.0,
            1.0,
            2.0,
            2.0,
            1.0,
            1.0,
            1.0,
            1.0,
            2.0,
            2.0,
            1.0,
            2.0,
            1.0,
            1.0,
            1.0,
            1.0,
            1.0,
            1.0,
            1.0,
            1.0
        ],
        [
            0.5,
            29.677101135253906,
            10.100000381469727,
            9.600000381469727,
            9.300000190734863,
            7.271647930145264,
            11.262479782104492,
            -6.816330432891846,
            -1.1243306398391724,
            -22.30080795288086,
            5.7732209825189784e-05,
            -10.9876127243042,
            -8.17566967010498,
            -6.554109573364258,
            -11.22690486907959,
            7.054109573364258,
            1.1269042491912842,
            22.405452728271484,
            1.1612566538181097e-15,
            11.038329124450684,
            8.203885078430176,
            0.495790958404541,
            0.29898762702941895,
            0.8580304980278015,
            0.16035105288028717,
            0.278883159160614,
            4.3758086279324475e-15,
            0.39336711168289185,
            0.3493591845035553,
            0.0,
            0.0,
            0.0,
            0.0,
            0.0,
            0.0,
            0.0,
            0.0,
            2.0,
            1.0,
            2.0,
            1.0,
            2.0,
            1.0,
            1.0,
            1.0,
            1.0,
            2.0,
            2.0,
            1.0,
            2.0,
            1.0,
            1.0,
            1.0,
            1.0,
            1.0,
            1.0,
            1.0,
            1.0
        ]
    ],
    "eval_steps": 2016
}