{
    "eval_chronic": "/home/trlautenbacher/data_grid2op/rte_case5_example_val/chronics/19",
    "eval_rewards": [
        [
            0.06075661417867546,
            -0.029417989417989385,
            -1.0
        ],
        [
            0.0,
            0.0,
            -1.0
        ]
    ],
    "eval_actions": [
        16,
        13
    ],
    "eval_states": [
        [
            2.0,
            22.810415267944336,
            8.600000381469727,
            8.199999809265137,
            7.800000190734863,
            10.840739250183105,
            -1.8961151838302612,
            0.9946913123130798,
            -3.1997222900390625,
            -11.921992301940918,
            -6.901510238647461,
            -6.901510238647461,
            -4.600277900695801,
            -10.810723304748535,
            2.0,
            -0.991627037525177,
            3.202349901199341,
            11.96967601776123,
            6.909053802490234,
            6.909053802490234,
            4.6083292961120605,
            0.10244333744049072,
            0.46006983518600464,
            0.17088404297828674,
            0.1328851282596588,
            0.19061188399791718,
            0.14194412529468536,
            0.14194412529468536,
            0.1779080182313919,
            0.0,
            0.0,
            0.0,
            0.0,
            0.0,
            0.0,
            0.0,
            0.0,
            2.0,
            1.0,
            2.0,
            2.0,
            1.0,
            2.0,
            1.0,
            1.0,
            1.0,
            1.0,
            1.0,
            1.0,
            1.0,
            1.0,
            1.0,
            1.0,
            1.0,
            1.0,
            1.0,
            1.0,
            1.0
        ],
        [
            0.0,
            0.0,
            0.0,
            0.0,
            0.0,
            0.0,
            0.0,
            0.0,
            0.0,
            0.0,
            0.0,
            0.0,
            0.0,
            0.0,
            0.0,
            0.0,
            0.0,
            0.0,
            0.0,
            0.0,
            0.0,
            0.0,
            0.0,
            0.0,
            0.0,
            0.0,
            0.0,
            0.0,
            0.0,
            0.0,
            0.0,
            0.0,
            0.0,
            0.0,
            0.0,
            0.0,
            0.0,
            -1.0,
            -1.0,
            -1.0,
            -1.0,
            -1.0,
            -1.0,
            -1.0,
            -1.0,
            -1.0,
            -1.0,
            -1.0,
            -1.0,
            -1.0,
            -1.0,
            -1.0,
            -1.0,
            -1.0,
            -1.0,
            -1.0,
            -1.0,
            -1.0
        ]
    ],
    "eval_steps": 140
}