{
    "eval_chronic": "/home/trlautenbacher/data_grid2op/rte_case5_example_val/chronics/12",
    "eval_rewards": [
        [
            0.8374708807424124,
            -0.31999999999999557,
            -1.0
        ]
    ],
    "eval_actions": [
        11
    ],
    "eval_states": [
        [
            0.30000001192092896,
            24.5516414642334,
            7.800000190734863,
            8.300000190734863,
            8.100000381469727,
            4.787128925323486,
            -4.614120006561279,
            6.963317394256592,
            0.8556158542633057,
            -19.666311264038086,
            -12.120689392089844,
            -12.120689392089844,
            -8.955615997314453,
            -4.465754985809326,
            4.7657551765441895,
            -6.9445672035217285,
            -0.85543292760849,
            19.76451301574707,
            12.140215873718262,
            12.140215873718262,
            8.978060722351074,
            0.32755789160728455,
            0.5646576881408691,
            0.2875502109527588,
            0.05761722847819328,
            0.2707698941230774,
            0.23437730967998505,
            0.23437730967998505,
            0.32475459575653076,
            0.0,
            0.0,
            0.0,
            0.0,
            0.0,
            0.0,
            0.0,
            0.0,
            2.0,
            2.0,
            1.0,
            1.0,
            2.0,
            1.0,
            1.0,
            1.0,
            1.0,
            1.0,
            1.0,
            1.0,
            1.0,
            1.0,
            1.0,
            1.0,
            1.0,
            1.0,
            1.0,
            1.0,
            1.0
        ]
    ],
    "eval_steps": 2016
}