{
    "eval_chronic": "/home/trlautenbacher/data_grid2op/rte_case5_example_val/chronics/12",
    "eval_rewards": [
        [
            0.03860486174647057,
            -0.01761904761904762,
            -1.0
        ],
        [
            0.0,
            0.0,
            -1.0
        ]
    ],
    "eval_actions": [
        24,
        5
    ],
    "eval_states": [
        [
            0.30000001192092896,
            24.873184204101562,
            7.800000190734863,
            8.300000190734863,
            8.100000381469727,
            11.201451301574707,
            1.3280948400497437,
            -1.0968722105026245,
            -3.3379926681518555,
            -13.35234546661377,
            -6.00349760055542,
            -6.00349760055542,
            -4.762007713317871,
            -11.160903930664062,
            -1.010900855064392,
            1.3109009265899658,
            3.360903739929199,
            13.671732902526855,
            6.012125015258789,
            6.012125015258789,
            4.803866863250732,
            0.11516698449850082,
            0.833033561706543,
            0.8080304265022278,
            0.38658788800239563,
            0.48615604639053345,
            0.16699717938899994,
            0.16699717938899994,
            0.4160262644290924,
            0.0,
            0.0,
            0.0,
            0.0,
            0.0,
            0.0,
            0.0,
            0.0,
            2.0,
            1.0,
            1.0,
            2.0,
            1.0,
            2.0,
            1.0,
            1.0,
            1.0,
            1.0,
            1.0,
            1.0,
            1.0,
            1.0,
            1.0,
            1.0,
            1.0,
            1.0,
            1.0,
            1.0,
            1.0
        ],
        [
            0.0,
            0.0,
            0.0,
            0.0,
            0.0,
            0.0,
            0.0,
            0.0,
            0.0,
            0.0,
            0.0,
            0.0,
            0.0,
            0.0,
            0.0,
            0.0,
            0.0,
            0.0,
            0.0,
            0.0,
            0.0,
            0.0,
            0.0,
            0.0,
            0.0,
            0.0,
            0.0,
            0.0,
            0.0,
            0.0,
            0.0,
            0.0,
            0.0,
            0.0,
            0.0,
            0.0,
            0.0,
            -1.0,
            -1.0,
            -1.0,
            -1.0,
            -1.0,
            -1.0,
            -1.0,
            -1.0,
            -1.0,
            -1.0,
            -1.0,
            -1.0,
            -1.0,
            -1.0,
            -1.0,
            -1.0,
            -1.0,
            -1.0,
            -1.0,
            -1.0,
            -1.0
        ]
    ],
    "eval_steps": 112
}