{
    "weights": [
        [
            1.0,
            0.0,
            0.0
        ],
        [
            0.0,
            0.0,
            1.0
        ],
        [
            0.0,
            0.34611546685673544,
            0.6538845331432646
        ],
        [
            0.0,
            0.3694480102695763,
            0.6305519897304237
        ],
        [
            0.0,
            1.0,
            0.0
        ],
        [
            0.34023276883406517,
            0.0,
            0.6597672311659348
        ],
        [
            0.0,
            0.27068941209643305,
            0.729310587903567
        ],
        [
            0.3849753054328049,
            0.0,
            0.6150246945671951
        ],
        [
            0.28863192671572313,
            0.0,
            0.7113680732842769
        ]
    ],
    "values": [
        [
            0.43319534921214686,
            0.49153126228650335,
            -0.2880000000000019
        ],
        [
            0.024646716992052026,
            0.03277087336381277,
            -0.0451904761904762
        ],
        [
            0.00017172334861777108,
            0.0003023587226867676,
            -0.00023809523809523807
        ],
        [
            0.38869924836180786,
            0.4336586796363202,
            -0.4979047619047532
        ],
        [
            0.9468667179517131,
            1.0231627587477359,
            -0.48838095238094803
        ],
        [
            0.4736642000689691,
            0.5175934438546494,
            -0.19223809523809102
        ],
        [
            0.0,
            0.0,
            0.0
        ],
        [
            0.010537593246120207,
            0.014863011439641317,
            -0.008000000000000002
        ],
        [
            0.014818391848890578,
            0.018120845651626583,
            -0.02152380952380955
        ]
    ],
    "ccs_list": [
        [
            [
                0.43319534921214686,
                0.49153126228650335,
                -0.2880000000000019
            ],
            [
                0.024646716992052026,
                0.03277087336381277,
                -0.0451904761904762
            ],
            [
                0.00017172334861777108,
                0.0003023587226867676,
                -0.00023809523809523807
            ],
            [
                0.9468667179517131,
                1.0231627587477359,
                -0.48838095238094803
            ],
            [
                0.4736642000689691,
                0.5175934438546494,
                -0.19223809523809102
            ],
            [
                0.0,
                0.0,
                0.0
            ]
        ],
        [
            [
                0.43319534921214686,
                0.49153126228650335,
                -0.2880000000000019
            ],
            [
                0.024646716992052026,
                0.03277087336381277,
                -0.0451904761904762
            ],
            [
                0.00017172334861777108,
                0.0003023587226867676,
                -0.00023809523809523807
            ],
            [
                0.9468667179517131,
                1.0231627587477359,
                -0.48838095238094803
            ],
            [
                0.4736642000689691,
                0.5175934438546494,
                -0.19223809523809102
            ],
            [
                0.0,
                0.0,
                0.0
            ]
        ],
        [
            [
                0.43319534921214686,
                0.49153126228650335,
                -0.2880000000000019
            ],
            [
                0.024646716992052026,
                0.03277087336381277,
                -0.0451904761904762
            ],
            [
                0.00017172334861777108,
                0.0003023587226867676,
                -0.00023809523809523807
            ],
            [
                0.9468667179517131,
                1.0231627587477359,
                -0.48838095238094803
            ],
            [
                0.4736642000689691,
                0.5175934438546494,
                -0.19223809523809102
            ],
            [
                0.0,
                0.0,
                0.0
            ]
        ],
        [
            [
                0.43319534921214686,
                0.49153126228650335,
                -0.2880000000000019
            ],
            [
                0.024646716992052026,
                0.03277087336381277,
                -0.0451904761904762
            ],
            [
                0.00017172334861777108,
                0.0003023587226867676,
                -0.00023809523809523807
            ],
            [
                0.9468667179517131,
                1.0231627587477359,
                -0.48838095238094803
            ],
            [
                0.4736642000689691,
                0.5175934438546494,
                -0.19223809523809102
            ],
            [
                0.0,
                0.0,
                0.0
            ]
        ],
        [
            [
                0.43319534921214686,
                0.49153126228650335,
                -0.2880000000000019
            ],
            [
                0.024646716992052026,
                0.03277087336381277,
                -0.0451904761904762
            ],
            [
                0.00017172334861777108,
                0.0003023587226867676,
                -0.00023809523809523807
            ],
            [
                0.9468667179517131,
                1.0231627587477359,
                -0.48838095238094803
            ],
            [
                0.4736642000689691,
                0.5175934438546494,
                -0.19223809523809102
            ],
            [
                0.0,
                0.0,
                0.0
            ]
        ],
        [
            [
                0.43319534921214686,
                0.49153126228650335,
                -0.2880000000000019
            ],
            [
                0.024646716992052026,
                0.03277087336381277,
                -0.0451904761904762
            ],
            [
                0.00017172334861777108,
                0.0003023587226867676,
                -0.00023809523809523807
            ],
            [
                0.9468667179517131,
                1.0231627587477359,
                -0.48838095238094803
            ],
            [
                0.4736642000689691,
                0.5175934438546494,
                -0.19223809523809102
            ],
            [
                0.0,
                0.0,
                0.0
            ]
        ],
        [
            [
                0.43319534921214686,
                0.49153126228650335,
                -0.2880000000000019
            ],
            [
                0.024646716992052026,
                0.03277087336381277,
                -0.0451904761904762
            ],
            [
                0.00017172334861777108,
                0.0003023587226867676,
                -0.00023809523809523807
            ],
            [
                0.9468667179517131,
                1.0231627587477359,
                -0.48838095238094803
            ],
            [
                0.4736642000689691,
                0.5175934438546494,
                -0.19223809523809102
            ],
            [
                0.0,
                0.0,
                0.0
            ]
        ],
        [
            [
                0.43319534921214686,
                0.49153126228650335,
                -0.2880000000000019
            ],
            [
                0.024646716992052026,
                0.03277087336381277,
                -0.0451904761904762
            ],
            [
                0.00017172334861777108,
