{
    "weights": [
        [
            1.0,
            0.0,
            0.0
        ],
        [
            0.0,
            0.0,
            1.0
        ],
        [
            0.0,
            0.4384725879818051,
            0.5615274120181949
        ],
        [
            0.0,
            0.49464679332423644,
            0.5053532066757636
        ],
        [
            0.0,
            0.9999999999999999,
            5.825801671958632e-17
        ],
        [
            0.5273022266979972,
            0.0,
            0.47269777330200285
        ]
    ],
    "values": [
        [
            0.4276710474952832,
            0.49402413529554945,
            -0.5762857142857181
        ],
        [
            0.8450831669225332,
            0.9631120562871301,
            -0.9426190476190368
        ],
        [
            0.00016104465987522412,
            0.000248152486483256,
            -0.00014285714285714284
        ],
        [
            0.018129161025597598,
            0.020079056040445978,
            -0.03142857142857144
        ],
        [
            0.00012484719717660927,
            0.00017500252723693846,
            -0.00014285714285714284
        ],
        [
            0.017048388162840235,
            0.019656497557957963,
            -0.019142857142857145
        ]
    ],
    "ccs_list": [
        [
            [
                0.4276710474952832,
                0.49402413529554945,
                -0.5762857142857181
            ],
            [
                0.8450831669225332,
                0.9631120562871301,
                -0.9426190476190368
            ],
            [
                0.00016104465987522412,
                0.000248152486483256,
                -0.00014285714285714284
            ],
            [
                0.00012484719717660927,
                0.00017500252723693846,
                -0.00014285714285714284
            ]
        ],
        [
            [
                0.4276710474952832,
                0.49402413529554945,
                -0.5762857142857181
            ],
            [
                0.8450831669225332,
                0.9631120562871301,
                -0.9426190476190368
            ],
            [
                0.00016104465987522412,
                0.000248152486483256,
                -0.00014285714285714284
            ],
            [
                0.00012484719717660927,
                0.00017500252723693846,
                -0.00014285714285714284
            ]
        ],
        [
            [
                0.4276710474952832,
                0.49402413529554945,
                -0.5762857142857181
            ],
            [
                0.8450831669225332,
                0.9631120562871301,
                -0.9426190476190368
            ],
            [
                0.00016104465987522412,
                0.000248152486483256,
                -0.00014285714285714284
            ],
            [
                0.00012484719717660927,
                0.00017500252723693846,
                -0.00014285714285714284
            ]
        ],
        [
            [
                0.4276710474952832,
                0.49402413529554945,
                -0.5762857142857181
            ],
            [
                0.8450831669225332,
                0.9631120562871301,
                -0.9426190476190368
            ],
            [
                0.00016104465987522412,
                0.000248152486483256,
                -0.00014285714285714284
            ],
            [
                0.00012484719717660927,
                0.00017500252723693846,
                -0.00014285714285714284
            ]
        ],
        [
            [
                0.4276710474952832,
                0.49402413529554945,
                -0.5762857142857181
            ],
            [
                0.8450831669225332,
                0.9631120562871301,
                -0.9426190476190368
            ],
            [
                0.00016104465987522412,
                0.000248152486483256,
                -0.00014285714285714284
            ],
            [
                0.00012484719717660927,
                0.00017500252723693846,
                -0.00014285714285714284
            ]
        ],
        [
            [
                0.4276710474952832,
                0.49402413529554945,
                -0.5762857142857181
            ],
            [
                0.8450831669225332,
                0.9631120562871301,
                -0.9426190476190368
            ],
            [
                0.00016104465987522412,
                0.000248152486483256,
                -0.00014285714285714284
            ],
            [
                0.00012484719717660927,
                0.00017500252723693846,
                -0.00014285714285714284
            ]
        ]
    ]
}