{
    "eval_chronic": "/home/trlautenbacher/data_grid2op/rte_case5_example_val/chronics/19",
    "eval_rewards": [
        [
            0.0003600346294760026,
            0.0,
            -1.0
        ],
        [
            0.027886862805378724,
            0.0,
            -1.0
        ],
        [
            0.0019435740926693687,
            0.0,
            -1.0
        ],
        [
            0.00018874211946489343,
            0.0,
            -1.0
        ],
        [
            0.007108008357775649,
            0.0,
            -1.0
        ],
        [
            0.00018021101194336343,
            0.0,
            -1.0
        ],
        [
            0.0,
            0.051587301587301584,
            -1.0
        ]
    ],
    "eval_actions": [
        18,
        47,
        10,
        14,
        24,
        20,
        13
    ],
    "eval_states": [
        [
            2.0,
            24.26836395263672,
            8.600000381469727,
            8.199999809265137,
            7.800000190734863,
            9.153416633605957,
            3.430880308151245,
            -1.1158696413040161,
            -3.4220712184906006,
            -14.951424598693848,
            -5.734500885009766,
            -5.734500885009766,
            -4.377928733825684,
            -8.043299674987793,
            -3.4249887466430664,
            1.443299412727356,
            3.4249887466430664,
            15.114947319030762,
            5.760272026062012,
            5.760272026062012,
            4.384871482849121,
            0.6198116540908813,
            0.0970480740070343,
            1.0156275033950806,
            0.13344110548496246,
            0.34929680824279785,
            0.2845545709133148,
            0.2845545709133148,
            0.16540899872779846,
            0.0,
            0.0,
            1.0,
            0.0,
            0.0,
            0.0,
            0.0,
            0.0,
            2.0,
            1.0,
            2.0,
            1.0,
            2.0,
            2.0,
            1.0,
            1.0,
            1.0,
            1.0,
            1.0,
            1.0,
            1.0,
            1.0,
            1.0,
            1.0,
            1.0,
            1.0,
            1.0,
            1.0,
            1.0
        ],
        [
            1.899999976158142,
            24.416664123535156,
            8.600000381469727,
            8.199999809265137,
            7.800000190734863,
            9.471870422363281,
            3.2406320571899414,
            -1.3035496473312378,
            -3.234015464782715,
            -14.796956062316895,
            -4.571388244628906,
            -6.896450042724609,
            -4.565984725952148,
            -8.287867546081543,
            -3.2373454570770264,
            1.5878669023513794,
            3.2373454570770264,
            14.944793701171875,
            4.57412576675415,
            6.9821977615356445,
            4.571388244628906,
            0.6405261754989624,
            0.08396542817354202,
            0.9417673349380493,
            0.11545246839523315,
            0.3323636054992676,
            0.09274112433195114,
            0.5098139643669128,
            0.16268807649612427,
            0.0,
            0.0,
            0.0,
            0.0,
            0.0,
            0.0,
            0.0,
            0.0,
            2.0,
            1.0,
            2.0,
            1.0,
            2.0,
            2.0,
            1.0,
            1.0,
            1.0,
            1.0,
            1.0,
            1.0,
            1.0,
            2.0,
            1.0,
            2.0,
            1.0,
            2.0,
            1.0,
            1.0,
            1.0
        ],
        [
            0.6000000238418579,
            23.840160369873047,
            7.900000095367432,
            7.699999809265137,
            7.300000190734863,
            8.300454139709473,
            0.2859593331813812,
            1.6124334335327148,
            -1.6092805862426758,
            -15.312444686889648,
            -5.698904037475586,
            -9.312433242797852,
            -5.6907196044921875,
            -7.377744674682617,
            0.07774478942155838,
            -1.6106687784194946,
            1.6106687784194946,
            15.53970718383789,
            5.703139781951904,
            9.323345184326172,
            5.698904037475586,
            0.5639433860778809,
            0.8947942852973938,
            0.058607764542102814,
            0.058607764542102814,
            0.41086915135383606,
            0.11412525177001953,
            0.17633143067359924,
            0.20321181416511536,
            0.0,
            0.0,
            0.0,
            0.0,
            0.0,
            0.0,
            0.0,
            0.0,
            2.0,
            2.0,
            1.0,
            1.0,
            2.0,
            2.0,
            1.0,
            1.0,
            1.0,
            1.0,
            1.0,
            1.0,
            1.0,
            2.0,
            1.0,
            2.0,
            1.0,
            2.0,
            1.0,
            1.0,
            1.0
        ],
        [
            0.6000000238418579,
            27.008750915527344,
            8.600000381469727,
            8.0,
            7.599999904632568,
            12.790275573730469,
            0.0006482037133537233,
            0.5116994976997375,
            -2.6925017833709717,
            -13.753867149353027,
            -5.043230056762695,
            -8.511699676513672,
            -4.907497882843018,
            -10.715978622436523,
            9.279173566675847e-13,
            -0.14002814888954163,
            2.856006383895874,
            14.218475341796875,
            5.123246192932129,
            8.629973411560059,
            5.043230056762695,
            0.8519601821899414,
            2.4053792608441128e-14,
            1.086470365524292,
            0.8622666597366333,
            0.585128128528595,
            0.49310532212257385,
            0.596527099609375,
            0.8770298957824707,
            0.0,
            0.0,
            1.0,
            0.0,
            0.0,
            0.0,
            0.0,
            0.0,
            2.0,
            1.0,
            2.0,
            2.0,
            2.0,
            2.0,
            1.0,
            1.0,
            1.0,
            1.0,
            1.0,
            1.0,
            1.0,
            2.0,
            1.0,
            2.0,
            1.0,
            2.0,
            1.0,
            1.0,
            1.0
        ],
        [
            0.6000000238418579,
            24.648866653442383,
            8.699999809265137,
            7.900000095367432,
            7.800000190734863,
            11.463666915893555,
            1.2290116548538208,
            -1.3897676467895508,
            -2.7156481742858887,
            -12.901986122131348,
            -5.112316608428955,
            -6.510232448577881,
            -5.084352016448975,
            -11.428434371948242,
            -0.9302530884742737,
            1.5302530527114868,
            2.7284345626831055,
            13.185200691223145,
            5.1220855712890625,
            6.550888538360596,
            5.112316608428955,
            0.10975819826126099,
            0.8072977066040039,
            0.6417624950408936,
            0.2999851107597351,
            0.4581506848335266,
            0.15746495127677917,
            0.35454797744750977,
            0.3348597586154938,
            0.0,
            0.0,
            0.0,
            0.0,
            0.0,
            0.0,
            0.0,
            0.0,
            2.0,
            1.0,
            1.0,
            2.0,
            1.0,
            2.0,
            1.0,
            1.0,
            1.0,
            1.0,
            1.0,
            1.0,
            1.0,
            2.0,
            1.0,
            2.0,
            1.0,
