{
    "eval_chronic": "/home/trlautenbacher/data_grid2op/rte_case5_example_val/chronics/19",
    "eval_rewards": [
        [
            0.000265221037237518,
            0.0,
            -1.0
        ],
        [
            0.00026134124618058753,
            0.0,
            -1.0
        ],
        [
            0.9588110176881478,
            1.0,
            -1.0
        ]
    ],
    "eval_actions": [
        20,
        20,
        26
    ],
    "eval_states": [
        [
            2.0,
            23.947877883911133,
            8.600000381469727,
            8.199999809265137,
            7.800000190734863,
            9.285236358642578,
            2.6868021488189697,
            -0.5735146403312683,
            -3.9915175437927246,
            -14.259552001953125,
            -5.780397891998291,
            -5.780397891998291,
            -3.8084826469421387,
            -9.23601245880127,
            -2.150015354156494,
            0.6360117793083191,
            4.150015354156494,
            14.662641525268555,
            5.786375045776367,
            5.786375045776367,
            3.9343109130859375,
            0.12374977022409439,
            1.095579981803894,
            0.5420461297035217,
            0.8485938906669617,
            0.545406699180603,
            0.1388966590166092,
            0.1388966590166092,
            0.8465371131896973,
            0.0,
            1.0,
            0.0,
            0.0,
            0.0,
            0.0,
            0.0,
            0.0,
            2.0,
            1.0,
            2.0,
            1.0,
            1.0,
            2.0,
            1.0,
            1.0,
            1.0,
            1.0,
            1.0,
            1.0,
            1.0,
            1.0,
            1.0,
            1.0,
            1.0,
            1.0,
            1.0,
            1.0,
            1.0
        ],
        [
            1.899999976158142,
            24.083038330078125,
            8.600000381469727,
            8.199999809265137,
            7.800000190734863,
            9.310155868530273,
            2.766143560409546,
            -0.5955169796943665,
            -3.9538662433624268,
            -14.358637809753418,
            -5.790152072906494,
            -5.790152072906494,
            -3.8461339473724365,
            -9.260152816772461,
            -2.2152931690216064,
            0.660152792930603,
            4.115293025970459,
            14.772882461547852,
            5.7962470054626465,
            5.7962470054626465,
            3.975821018218994,
            0.12475546449422836,
            1.110353946685791,
            0.5500791072845459,
            0.8568148612976074,
            0.5528192520141602,
            0.14030411839485168,
            0.14030411839485168,
            0.8586982488632202,
            0.0,
            2.0,
            0.0,
            0.0,
            0.0,
            0.0,
            0.0,
            0.0,
            2.0,
            1.0,
            2.0,
            1.0,
            1.0,
            2.0,
            1.0,
            1.0,
            1.0,
            1.0,
            1.0,
            1.0,
            1.0,
            1.0,
            1.0,
            1.0,
            1.0,
            1.0,
            1.0,
            1.0,
            1.0
        ],
        [
            1.899999976158142,
            23.285511016845703,
            8.5,
            8.0,
            7.900000095367432,
            7.328212261199951,
            3.30643630027771,
            0.38245612382888794,
            -3.680187940597534,
            -15.923057556152344,
            -6.303379058837891,
            -6.303379058837891,
            -4.219812393188477,
            -6.599999904632568,
            -3.3028268814086914,
            -0.3819080591201782,
            3.684735059738159,
            15.95729923248291,
            6.3083109855651855,
            6.3083109855651855,
            4.224301815032959,
            0.4995603561401367,
            0.08523386716842651,
            0.029470765963196754,
            0.13385643064975739,
            0.15911443531513214,
            0.11971627920866013,
            0.11971627920866013,
            0.15296906232833862,
            0.0,
            0.0,
            0.0,
            0.0,
            0.0,
            0.0,
            0.0,
            0.0,
            2.0,
            1.0,
            1.0,
            1.0,
            2.0,
            2.0,
            1.0,
            1.0,
            1.0,
            1.0,
            1.0,
            1.0,
            1.0,
            1.0,
            1.0,
            1.0,
            1.0,
            1.0,
            1.0,
            1.0,
            1.0
        ]
    ],
    "eval_steps": 2016
}