{
    "eval_chronic": "/home/trlautenbacher/data_grid2op/rte_case5_example_val/chronics/19",
    "eval_rewards": [
        [
            0.024206537224631834,
            0.0,
            -1.0
        ],
        [
            0.010054828610147795,
            0.0,
            -1.0
        ],
        [
            0.0003524179916844562,
            0.0,
            -1.0
        ],
        [
            0.8752027668441457,
            1.0,
            -1.0
        ]
    ],
    "eval_actions": [
        8,
        39,
        36,
        23
    ],
    "eval_states": [
        [
            2.0,
            22.991369247436523,
            8.600000381469727,
            8.199999809265137,
            7.800000190734863,
            9.66545295715332,
            2.6929244995117188,
            -1.7587542533874512,
            -3.716780662536621,
            -13.259796142578125,
            -5.2686262130737305,
            -5.2686262130737305,
            -4.083219528198242,
            -9.635736465454102,
            -2.6869072914123535,
            2.0,
            3.7226436138153076,
            13.325915336608887,
            5.283435821533203,
            5.283435821533203,
            4.096006393432617,
            0.09803874790668488,
            0.1540290117263794,
            0.8622050285339355,
            0.20694582164287567,
            0.22368401288986206,
            0.21810035407543182,
            0.21810035407543182,
            0.21657416224479675,
            0.0,
            0.0,
            0.0,
            0.0,
            0.0,
            0.0,
            0.0,
            0.0,
            2.0,
            2.0,
            1.0,
            2.0,
            1.0,
            2.0,
            1.0,
            1.0,
            1.0,
            1.0,
            1.0,
            1.0,
            1.0,
            1.0,
            1.0,
            1.0,
            1.0,
            1.0,
            1.0,
            1.0,
            1.0
        ],
        [
            0.800000011920929,
            20.393308639526367,
            7.400000095367432,
            6.800000190734863,
            6.699999809265137,
            9.933749198913574,
            4.217349052429199,
            -0.6402743458747864,
            -6.700461387634277,
            -10.403849601745605,
            -3.0798628330230713,
            -3.0798628330230713,
            0.00046147071407176554,
            -9.906025886535645,
            -4.205649375915527,
            0.800000011920929,
            6.71167516708374,
            10.459558486938477,
            3.093250274658203,
            3.093250274658203,
            -4.621003558101522e-13,
            0.09622698277235031,
            0.19921863079071045,
            0.6886630058288574,
            0.2403673678636551,
            0.20609410107135773,
            0.20889751613140106,
            0.20889751613140106,
            1.6536981677149447e-14,
            0.0,
            0.0,
            0.0,
            0.0,
            0.0,
            0.0,
            0.0,
            0.0,
            2.0,
            2.0,
            1.0,
            2.0,
            1.0,
            2.0,
            1.0,
            1.0,
            1.0,
            1.0,
            1.0,
            1.0,
            1.0,
            2.0,
            2.0,
            2.0,
            1.0,
            2.0,
            1.0,
            1.0,
            1.0
        ],
        [
            0.6000000238418579,
            25.43012046813965,
            8.899999618530273,
            8.399999618530273,
            7.900000095367432,
            14.571287155151367,
            2.3544833660125732,
            -0.10710487514734268,
            -7.900460243225098,
            -10.754613876342773,
            -10.659299850463867,
            2.3664047718048096,
            0.0004602423869073391,
            -14.501714706420898,
            -2.314824342727661,
            0.6000000238418579,
            7.916539192199707,
            10.858833312988281,
            10.754613876342773,
            -2.3544833660125732,
            -1.3843200674309997e-12,
            0.15235500037670135,
            0.34718504548072815,
            1.2615749835968018,
            0.2810063660144806,
            0.28016170859336853,
            0.5362932085990906,
            0.19800664484500885,
            4.927055467719883e-14,
            0.0,
            0.0,
            1.0,
            0.0,
            0.0,
            0.0,
            0.0,
            0.0,
            2.0,
            2.0,
            1.0,
            2.0,
            1.0,
            2.0,
            1.0,
            1.0,
            1.0,
            2.0,
            1.0,
            1.0,
            2.0,
            2.0,
            2.0,
            2.0,
            1.0,
            2.0,
            1.0,
            1.0,
            1.0
        ],
        [
            0.6000000238418579,
            25.28628158569336,
            8.800000190734863,
            8.300000190734863,
            7.800000190734863,
            8.096153259277344,
            4.1076202392578125,
            4.705984592437744,
            -7.800463676452637,
            -17.153329849243164,
            -17.115751266479492,
            4.109766006469727,
            0.00046335672959685326,
            -7.2160258293151855,
            -4.102201461791992,
            -4.697798728942871,
            7.816026210784912,
            17.190128326416016,
            17.153329849243164,
            -4.1076202392578125,
            9.257883088614749e-13,
            0.5504772067070007,
            0.1334376484155655,
            0.19796016812324524,
            0.276508092880249,
            0.16241329908370972,
            0.3272663652896881,
            0.07789406925439835,
            3.281856259191099e-14,
            0.0,
            0.0,
            0.0,
            0.0,
            0.0,
            0.0,
            0.0,
            0.0,
            2.0,
            1.0,
            1.0,
            2.0,
            2.0,
            1.0,
            1.0,
            1.0,
            1.0,
            2.0,
            1.0,
            1.0,
            2.0,
            2.0,
            2.0,
            2.0,
            1.0,
            2.0,
            1.0,
            1.0,
            1.0
        ]
    ],
    "eval_steps": 2016
}