{
    "eval_chronic": "/home/trlautenbacher/data_grid2op/rte_case5_example_val/chronics/12",
    "eval_rewards": [
        [
            0.00014444222923917102,
            0.0,
            -1.0
        ],
        [
            0.030216231046234197,
            0.0,
            -1.0
        ],
        [
            0.8627836775220222,
            1.0,
            -1.0
        ]
    ],
    "eval_actions": [
        36,
        3,
        27
    ],
    "eval_states": [
        [
            0.30000001192092896,
            28.216333389282227,
            7.800000190734863,
            8.300000190734863,
            8.100000381469727,
            14.482370376586914,
            0.027517767623066902,
            0.10720924288034439,
            -4.050703525543213,
            -13.169119834899902,
            -12.62651538848877,
            0.09814802557229996,
            -4.049296855926514,
            -11.874398231506348,
            0.10241755843162537,
            0.1219843178987503,
            4.149996757507324,
            13.733963012695312,
            13.169119834899902,
            -0.027517767623066902,
            4.121157646179199,
            0.9568477272987366,
            0.5189483165740967,
            0.8384486436843872,
            0.6621096730232239,
            0.6445605754852295,
            1.2637451887130737,
            0.4384278953075409,
            0.650800347328186,
            0.0,
            0.0,
            0.0,
            0.0,
            0.0,
            1.0,
            0.0,
            0.0,
            1.0,
            1.0,
            1.0,
            1.0,
            1.0,
            1.0,
            1.0,
            1.0,
            1.0,
            2.0,
            1.0,
            1.0,
            2.0,
            1.0,
            1.0,
            1.0,
            1.0,
            1.0,
            1.0,
            1.0,
            1.0
        ],
        [
            0.30000001192092896,
            26.235689163208008,
            8.0,
            8.100000381469727,
            8.199999809265137,
            10.02496337890625,
            -4.080753803253174,
            -4.6047868728637695,
            8.020634651184082,
            -15.987714767456055,
            -15.777796745300293,
            -4.017058372497559,
            -16.22063446044922,
            -8.707674026489258,
            4.197144508361816,
            4.810529708862305,
            -8.0,
            16.210725784301758,
            15.987714767456055,
            4.080753803253174,
            16.299640655517578,
            0.6763213276863098,
            0.4899412989616394,
            0.7922672033309937,
            0.34864091873168945,
            0.40701624751091003,
            0.7900799512863159,
            0.4159277677536011,
            0.6148224472999573,
            0.0,
            0.0,
            0.0,
            0.0,
            0.0,
            0.0,
            0.0,
            0.0,
            2.0,
            2.0,
            2.0,
            1.0,
            2.0,
            1.0,
            1.0,
            1.0,
            1.0,
            2.0,
            1.0,
            1.0,
            2.0,
            1.0,
            1.0,
            1.0,
            1.0,
            1.0,
            1.0,
            1.0,
            1.0
        ],
        [
            0.5,
            27.44223976135254,
            9.0,
            9.300000190734863,
            9.399999618530273,
            -0.49627432227134705,
            4.6452813148498535,
            5.32235860824585,
            -0.9497422575950623,
            -27.84029769897461,
            -27.740530014038086,
            4.64801549911499,
            -8.450257301330566,
            0.5,
            -4.638431072235107,
            -5.311856746673584,
            0.9502876996994019,
            27.938512802124023,
            27.84029769897461,
            -4.6452813148498535,
            8.470154762268066,
            0.0495225191116333,
            0.14634419977664948,
            0.21908214688301086,
            0.03484037145972252,
            0.26531314849853516,
            0.5342060923576355,
            0.08838912099599838,
            0.30603358149528503,
            0.0,
            0.0,
            0.0,
            0.0,
            0.0,
            0.0,
            0.0,
            0.0,
            2.0,
            1.0,
            1.0,
            1.0,
            2.0,
            1.0,
            1.0,
            1.0,
            1.0,
            2.0,
            1.0,
            1.0,
            2.0,
            1.0,
            1.0,
            1.0,
            1.0,
            1.0,
            1.0,
            1.0,
            1.0
        ]
    ],
    "eval_steps": 2016
}