{
    "eval_chronic": "/home/trlautenbacher/data_grid2op/rte_case5_example_val/chronics/19",
    "eval_rewards": [
        [
            0.0002585865850118767,
            0.0,
            -1.0
        ],
        [
            0.00023580564524721987,
            0.0,
            -1.0
        ],
        [
            0.0,
            0.001488095238095238,
            -1.0
        ]
    ],
    "eval_actions": [
        39,
        25,
        17
    ],
    "eval_states": [
        [
            2.0,
            25.956096649169922,
            8.600000381469727,
            8.199999809265137,
            7.800000190734863,
            11.833157539367676,
            3.871002674102783,
            1.3181846141815186,
            -7.800463676452637,
            -13.438884735107422,
            -4.759092330932617,
            -4.759092330932617,
            0.00046335672959685326,
            -10.03751277923584,
            -3.3587899208068848,
            -1.0197240114212036,
            7.816026210784912,
            14.122939109802246,
            4.78394079208374,
            4.78394079208374,
            9.256805391655298e-13,
            0.791779637336731,
            1.0693714618682861,
            0.9665206670761108,
            0.276508092880249,
            0.70870441198349,
            0.27994269132614136,
            0.27994269132614136,
            3.281856259191099e-14,
            0.0,
            1.0,
            0.0,
            0.0,
            0.0,
            0.0,
            0.0,
            0.0,
            1.0,
            1.0,
            1.0,
            1.0,
            1.0,
            1.0,
            1.0,
            1.0,
            1.0,
            1.0,
            1.0,
            1.0,
            1.0,
            2.0,
            2.0,
            2.0,
            1.0,
            2.0,
            1.0,
            1.0,
            1.0
        ],
        [
            1.899999976158142,
            25.359378814697266,
            8.600000381469727,
            8.199999809265137,
            7.800000190734863,
            7.831661701202393,
            5.625376224517822,
            2.460458755493164,
            -7.800461769104004,
            -16.37150764465332,
            -5.33022928237915,
            -5.33022928237915,
            0.0004616046790033579,
            -7.816026210784912,
            -4.74767541885376,
            -1.9523251056671143,
            7.816026210784912,
            17.52771759033203,
            5.37306547164917,
            5.37306547164917,
            -4.9913084013074554e-17,
            0.07387614250183105,
            1.4120126962661743,
            1.282065987586975,
            0.27703553438186646,
            0.919480562210083,
            0.3639249801635742,
            0.3639249801635742,
            2.0511601619944368e-15,
            0.0,
            2.0,
            1.0,
            0.0,
            0.0,
            0.0,
            0.0,
            0.0,
            2.0,
            1.0,
            1.0,
            2.0,
            1.0,
            1.0,
            1.0,
            1.0,
            1.0,
            1.0,
            1.0,
            1.0,
            1.0,
            2.0,
            2.0,
            2.0,
            1.0,
            2.0,
            1.0,
            1.0,
            1.0
        ],
        [
            0.0,
            0.0,
            0.0,
            0.0,
            0.0,
            0.0,
            0.0,
            0.0,
            0.0,
            0.0,
            0.0,
            0.0,
            0.0,
            0.0,
            0.0,
            0.0,
            0.0,
            0.0,
            0.0,
            0.0,
            0.0,
            0.0,
            0.0,
            0.0,
            0.0,
            0.0,
            0.0,
            0.0,
            0.0,
            0.0,
            0.0,
            0.0,
            0.0,
            0.0,
            0.0,
            0.0,
            0.0,
            -1.0,
            -1.0,
            -1.0,
            -1.0,
            -1.0,
            -1.0,
            -1.0,
            -1.0,
            -1.0,
            -1.0,
            -1.0,
            -1.0,
            -1.0,
            -1.0,
            -1.0,
            -1.0,
            -1.0,
            -1.0,
            -1.0,
            -1.0,
            -1.0
        ]
    ],
    "eval_steps": 3
}