{
    "eval_chronic": "/home/trlautenbacher/data_grid2op/rte_case5_example_val/chronics/12",
    "eval_rewards": [
        [
            2.2734742063342878e-05,
            0.0,
            -1.0
        ],
        [
            0.00017842663847782058,
            0.0,
            -1.0
        ],
        [
            0.0003775749346377381,
            0.0,
            -1.0
        ],
        [
            0.34422895140495857,
            0.0,
            -1.0
        ],
        [
            0.00034315757917102746,
            0.0,
            -1.0
        ],
        [
            0.4782605545053778,
            1.0,
            -1.0
        ]
    ],
    "eval_actions": [
        12,
        28,
        10,
        36,
        31,
        26
    ],
    "eval_states": [
        [
            0.30000001192092896,
            27.031208038330078,
            7.800000190734863,
            8.300000190734863,
            8.100000381469727,
            8.494162559509277,
            -0.51697838306427,
            3.220421075820923,
            -2.1246743202209473,
            -17.824087142944336,
            -8.916014671325684,
            -8.916014671325684,
            -5.975326061248779,
            -8.413068771362305,
            0.6130685210227966,
            -2.210757255554199,
            2.5107572078704834,
            18.537044525146484,
            9.170533180236816,
            9.170533180236816,
            6.31160831451416,
            0.1596606969833374,
            0.5196017026901245,
            1.8352396488189697,
            1.3506803512573242,
            0.7233115434646606,
            0.8695045113563538,
            0.8695045113563538,
            1.3535935878753662,
            0.0,
            0.0,
            1.0,
            1.0,
            0.0,
            0.0,
            0.0,
            1.0,
            2.0,
            2.0,
            1.0,
            1.0,
            1.0,
            2.0,
            1.0,
            1.0,
            1.0,
            1.0,
            1.0,
            1.0,
            1.0,
            1.0,
            1.0,
            1.0,
            1.0,
            1.0,
            1.0,
            1.0,
            1.0
        ],
        [
            0.30000001192092896,
            26.425193786621094,
            8.0,
            8.100000381469727,
            8.199999809265137,
            8.020305633544922,
            3.860898971557617,
            0.6040430068969727,
            -3.7687463760375977,
            -17.229223251342773,
            -6.612839698791504,
            -6.612839698791504,
            -4.431253433227539,
            -8.0,
            -3.2656068801879883,
            -0.3216264247894287,
            3.887233257293701,
            18.404888153076172,
            6.684162616729736,
            6.684162616729736,
            4.521636009216309,
            0.09231884777545929,
            1.155885934829712,
            0.9382758140563965,
            0.7273560762405396,
            0.9271214604377747,
            0.46601995825767517,
            0.46601995825767517,
            0.7241862416267395,
            0.0,
            1.0,
            0.0,
            0.0,
            0.0,
            0.0,
            0.0,
            0.0,
            2.0,
            1.0,
            1.0,
            1.0,
            1.0,
            2.0,
            1.0,
            1.0,
            1.0,
            1.0,
            1.0,
            1.0,
            1.0,
            1.0,
            1.0,
            1.0,
            1.0,
            1.0,
            1.0,
            1.0,
            1.0
        ],
        [
            0.30000001192092896,
            25.751779556274414,
            7.900000095367432,
            8.100000381469727,
            8.300000190734863,
            8.88228702545166,
            0.1876644641160965,
            2.436769485473633,
            -2.431575298309326,
            -16.618330001831055,
            -8.206963539123535,
            -8.206963539123535,
            -5.868424892425537,
            -7.833409309387207,
            0.23340915143489838,
            -2.434319496154785,
            2.434319496154785,
            16.869491577148438,
            8.21533203125,
            8.21533203125,
            5.877156734466553,
            0.6021141409873962,
            0.9657818078994751,
            0.09209863841533661,
            0.09209863841533661,
            0.431594580411911,
            0.15533959865570068,
            0.15533959865570068,
            0.20933577418327332,
            0.0,
            0.0,
            0.0,
            0.0,
            0.0,
            0.0,
            0.0,
            0.0,
            2.0,
            2.0,
            1.0,
            1.0,
            2.0,
            2.0,
            1.0,
            1.0,
            1.0,
            1.0,
            1.0,
            1.0,
            1.0,
            1.0,
            1.0,
            1.0,
            1.0,
            1.0,
            1.0,
            1.0,
            1.0
        ],
        [
            0.30000001192092896,
            26.283504486083984,
            7.800000190734863,
            8.100000381469727,
            8.199999809265137,
            11.69528865814209,
            -2.1784350872039795,
            2.4073774814605713,
            -2.402289867401123,
            -14.42292594909668,
            -14.268783569335938,
            -2.0447800159454346,
            -5.797709941864014,
            -9.93835735321045,
            2.438356876373291,
            -2.4049339294433594,
            2.4049339294433594,
            14.588215827941895,
            14.42292594909668,
            2.1784350872039795,
            5.806185722351074,
            0.7830585241317749,
            0.7504607439041138,
            0.0904223844408989,
            0.0904223844408989,
            0.3511941134929657,
            0.6786266565322876,
            0.6080108284950256,
            0.20738084614276886,
            0.0,
            0.0,
            0.0,
            0.0,
            0.0,
            0.0,
            0.0,
            0.0,
            2.0,
            2.0,
            1.0,
            1.0,
            2.0,
            2.0,
            1.0,
            1.0,
            1.0,
            2.0,
            1.0,
            1.0,
            2.0,
            1.0,
            1.0,
            1.0,
            1.0,
            1.0,
            1.0,
            1.0,
            1.0
        ],
        [
            1.0,
            30.58860969543457,
            9.399999618530273,
            9.899999618530273,
            9.899999618530273,
            10.403812408447266,
            -0.0020941670518368483,
            2.9072749614715576,
            -2.9003419876098633,
            -19.86750030517578,
            -19.819931030273438,
            5.765461173723452e-05,
            -6.99965763092041,
            -8.991645812988281,
            0.591646134853363,
            -2.9041476249694824,
            2.9041476249694824,
            20.184797286987305,
            19.86959457397461,
            9.26604496256922e-13,
            7.012599468231201,
            0.7007080912590027,
            1.1500117778778076,
            0.11249276250600815,
            0.11249276250600815,
            0.48428869247436523,
            0.3770963251590729,
            1.9569210550521125e-14,
            0.2493896186351776,
            0.0,
            1.0,
            0.0,
            0.0,
            0.0,
            0.0,
            0.0,
            0.0,
            2.0,
            2.0,
            1.0,
            1.0,
            2.0,
            2.0,
            1.0,
            1.0,
            1.0,
            2.0,
            2.0,
            2.0,
            1.0,
            1.0,
            1.0,
            1.0,
            1.0,
            1.0,
            1.0,
            1.0,
            1.0
        ],
        [
            1.100000023841858,
