{
    "eval_chronic": "/home/trlautenbacher/data_grid2op/rte_case5_example_val/chronics/19",
    "eval_rewards": [
        [
            0.0439852481012012,
            0.0,
            -1.0
        ],
        [
            0.9018051897205818,
            1.0,
            -1.0
        ]
    ],
    "eval_actions": [
        24,
        26
    ],
    "eval_states": [
        [
            2.0,
            23.16961669921875,
            8.600000381469727,
            8.199999809265137,
            7.800000190734863,
            11.293083190917969,
            0.19136935472488403,
            -1.8939123153686523,
            -2.644883155822754,
            -11.69424057006836,
            -5.745479583740234,
            -5.745479583740234,
            -5.155117034912109,
            -11.258390426635742,
            -0.01565445587038994,
            2.0156545639038086,
            2.6583902835845947,
            11.876533508300781,
            5.75143575668335,
            5.75143575668335,
            5.184871673583984,
            0.1085955798625946,
            0.6099115014076233,
            0.592920184135437,
            0.30737578868865967,
            0.3687324523925781,
            0.13873353600502014,
            0.13873353600502014,
            0.34645456075668335,
            0.0,
            0.0,
            0.0,
            0.0,
            0.0,
            0.0,
            0.0,
            0.0,
            2.0,
            1.0,
            1.0,
            2.0,
            1.0,
            2.0,
            1.0,
            1.0,
            1.0,
            1.0,
            1.0,
            1.0,
            1.0,
            1.0,
            1.0,
            1.0,
            1.0,
            1.0,
            1.0,
            1.0,
            1.0
        ],
        [
            0.6000000238418579,
            29.09184455871582,
            9.899999618530273,
            9.199999809265137,
            9.0,
            10.819592475891113,
            3.777355909347534,
            0.4300681948661804,
            -4.196564197540283,
            -18.22996711730957,
            -7.2197442054748535,
            -7.2197442054748535,
            -4.803435802459717,
            -9.299999237060547,
            -3.7730846405029297,
            -0.4295434355735779,
            4.202628135681152,
            18.272253036499023,
            7.22630500793457,
            7.22630500793457,
            4.809420108795166,
            0.727351188659668,
            0.09808517247438431,
            0.0316535085439682,
            0.15544691681861877,
            0.17577631771564484,
            0.13667795062065125,
            0.13667795062065125,
            0.1712111085653305,
            0.0,
            0.0,
            0.0,
            0.0,
            0.0,
            0.0,
            0.0,
            0.0,
            2.0,
            1.0,
            1.0,
            1.0,
            2.0,
            2.0,
            1.0,
            1.0,
            1.0,
            1.0,
            1.0,
            1.0,
            1.0,
            1.0,
            1.0,
            1.0,
            1.0,
            1.0,
            1.0,
            1.0,
            1.0
        ]
    ],
    "eval_steps": 2016
}