{
    "eval_chronic": "/home/trlautenbacher/data_grid2op/rte_case5_example_val/chronics/19",
    "eval_rewards": [
        [
            0.7964214300931571,
            1.0,
            -1.0
        ]
    ],
    "eval_actions": [
        23
    ],
    "eval_states": [
        [
            2.0,
            23.264986038208008,
            8.600000381469727,
            8.199999809265137,
            7.800000190734863,
            5.595268726348877,
            5.96000337600708,
            2.654054880142212,
            -7.075489521026611,
            -17.606060028076172,
            -5.8150553703308105,
            -5.8150553703308105,
            -0.7245108485221863,
            -5.160977840423584,
            -5.950135707855225,
            -2.649864673614502,
            7.160977840423584,
            17.66971778869629,
            5.823028087615967,
            5.823028087615967,
            0.7760560512542725,
            0.3828648030757904,
            0.16096800565719604,
            0.1745508462190628,
            0.6138374209403992,
            0.21838116645812988,
            0.16081157326698303,
            0.16081157326698303,
            0.559604287147522,
            0.0,
            0.0,
            0.0,
            0.0,
            0.0,
            0.0,
            0.0,
            0.0,
            2.0,
            1.0,
            1.0,
            2.0,
            2.0,
            1.0,
            1.0,
            1.0,
            1.0,
            1.0,
            1.0,
            1.0,
            1.0,
            1.0,
            1.0,
            1.0,
            1.0,
            1.0,
            1.0,
            1.0,
            1.0
        ]
    ],
    "eval_steps": 2016
}