{
    "eval_chronic": "/home/trlautenbacher/data_grid2op/rte_case5_example_val/chronics/19",
    "eval_rewards": [
        [
            0.03207598088860369,
            0.0,
            -1.0
        ],
        [
            0.0003792391396896349,
            0.0,
            -1.0
        ],
        [
            0.9057991046009725,
            1.0,
            -1.0
        ]
    ],
    "eval_actions": [
        10,
        32,
        37
    ],
    "eval_states": [
        [
            2.0,
            24.043027877807617,
            8.600000381469727,
            8.199999809265137,
            7.800000190734863,
            7.998982906341553,
            -0.19568248093128204,
            2.2898261547088623,
            -2.285078525543213,
            -15.83263874053955,
            -8.006200790405273,
            -8.006200790405273,
            -5.51492166519165,
            -7.138791561126709,
            0.538791298866272,
            -2.287553071975708,
            2.287553071975708,
            16.04404640197754,
            8.01416015625,
            8.01416015625,
            5.5225749015808105,
            0.5440607070922852,
            0.8679614067077637,
            0.08612536638975143,
            0.08612536638975143,
            0.3964269757270813,
            0.15157735347747803,
            0.15157735347747803,
            0.19770239293575287,
            0.0,
            0.0,
            0.0,
            0.0,
            0.0,
            0.0,
            0.0,
            0.0,
            2.0,
            2.0,
            1.0,
            1.0,
            2.0,
            2.0,
            1.0,
            1.0,
            1.0,
            1.0,
            1.0,
            1.0,
            1.0,
            1.0,
            1.0,
            1.0,
            1.0,
            1.0,
            1.0,
            1.0,
            1.0
        ],
        [
            0.6000000238418579,
            25.405906677246094,
            8.600000381469727,
            8.0,
            7.599999904632568,
            9.004870414733887,
            0.5006905198097229,
            2.2310616970062256,
            -2.226478099822998,
            -16.14289665222168,
            5.7767359976423904e-05,
            -15.611906051635742,
            -5.37352180480957,
            -7.928495407104492,
            -0.07150472700595856,
            -2.228858470916748,
            2.228858470916748,
            16.40103530883789,
            -2.7739802642423594e-12,
            15.642206192016602,
            5.380786418914795,
            0.6101225018501282,
            0.9754182696342468,
            0.08390555530786514,
            0.08390555530786514,
            0.43750253319740295,
            5.250970353518937e-14,
            0.2962820827960968,
            0.1932222843170166,
            0.0,
            0.0,
            0.0,
            0.0,
            0.0,
            0.0,
            0.0,
            0.0,
            2.0,
            2.0,
            1.0,
            1.0,
            2.0,
            2.0,
            1.0,
            1.0,
            1.0,
            2.0,
            2.0,
            1.0,
            2.0,
            1.0,
            1.0,
            1.0,
            1.0,
            1.0,
            1.0,
            1.0,
            1.0
        ],
        [
            0.6000000238418579,
            24.986534118652344,
            8.699999809265137,
            7.900000095367432,
            7.800000190734863,
            9.227846145629883,
            -1.999429318806775e-15,
            2.289829969406128,
            -2.285088539123535,
            -15.727718353271484,
            -7.856192111968994,
            -7.856192111968994,
            -5.514911651611328,
            -8.100648880004883,
            0.0006492077955044806,
            -2.287533760070801,
            2.287533760070801,
            15.758687019348145,
            7.863859176635742,
            7.863859176635742,
            5.52255392074585,
            0.6246599555015564,
            0.07894150167703629,
            0.08583934605121613,
            0.08583934605121613,
            0.15023627877235413,
            0.1489182561635971,
            0.1489182561635971,
            0.1981419324874878,
            0.0,
            0.0,
            0.0,
            0.0,
            0.0,
            0.0,
            0.0,
            0.0,
            2.0,
            2.0,
            1.0,
            1.0,
            2.0,
            2.0,
            1.0,
            1.0,
            1.0,
            2.0,
            1.0,
            1.0,
            1.0,
            1.0,
            1.0,
            1.0,
            1.0,
            1.0,
            1.0,
            1.0,
            1.0
        ]
    ],
    "eval_steps": 2016
}