{
    "eval_chronic": "/home/trlautenbacher/data_grid2op/rte_case5_example_val/chronics/12",
    "eval_rewards": [
        [
            0.000201842822130965,
            0.0,
            -1.0
        ],
        [
            0.9554852405558839,
            1.0,
            -1.0
        ]
    ],
    "eval_actions": [
        41,
        26
    ],
    "eval_states": [
        [
            0.30000001192092896,
            27.579631805419922,
            7.800000190734863,
            8.300000190734863,
            8.100000381469727,
            12.265168190002441,
            3.692411422729492,
            -0.9950636029243469,
            -4.805835723876953,
            -14.494388580322266,
            -10.648336410522461,
            0.0,
            -3.2941648960113525,
            -10.345876693725586,
            -3.1937458515167236,
            1.1583867073059082,
            4.881235599517822,
            15.31446361541748,
            10.801918983459473,
            5.8079858717974275e-05,
            3.3433997631073,
            0.8190211653709412,
            1.0546026229858398,
            0.6971980333328247,
            0.5718404054641724,
            0.7753713726997375,
            0.6779228448867798,
            0.02588666044175625,
            0.5468790531158447,
            0.0,
            1.0,
            0.0,
            0.0,
            0.0,
            0.0,
            0.0,
            0.0,
            1.0,
            1.0,
            1.0,
            1.0,
            1.0,
            1.0,
            1.0,
            1.0,
            1.0,
            1.0,
            1.0,
            1.0,
            1.0,
            2.0,
            2.0,
            1.0,
            2.0,
            2.0,
            1.0,
            1.0,
            1.0
        ],
        [
            0.30000001192092896,
            25.08053970336914,
            8.0,
            8.100000381469727,
            8.199999809265137,
            8.710984230041504,
            4.731963634490967,
            -0.3627389967441559,
            -4.355910301208496,
            -16.33391761779785,
            -11.585121154785156,
            1.8519868798250183e-12,
            -3.8440892696380615,
            -7.699999809265137,
            -4.725371837615967,
            0.36333537101745605,
            4.36203670501709,
            16.36955451965332,
            11.601895332336426,
            5.79188963456545e-05,
            3.847860336303711,
            0.5909033417701721,
            0.12227482348680496,
            0.027193138375878334,
            0.15890298783779144,
            0.16216941177845,
            0.21936078369617462,
            0.02585076540708542,
            0.13920806348323822,
            0.0,
            0.0,
            0.0,
            0.0,
            0.0,
            0.0,
            0.0,
            0.0,
            2.0,
            1.0,
            1.0,
            1.0,
            2.0,
            2.0,
            1.0,
            1.0,
            1.0,
            1.0,
            1.0,
            1.0,
            1.0,
            2.0,
            2.0,
            1.0,
            2.0,
            2.0,
            1.0,
            1.0,
            1.0
        ]
    ],
    "eval_steps": 2016
}