{
    "eval_chronic": "/home/trlautenbacher/data_grid2op/rte_case5_example_val/chronics/19",
    "eval_rewards": [
        [
            0.00022886861337522408,
            0.0,
            -1.0
        ],
        [
            0.0002270404217809147,
            0.0,
            -1.0
        ],
        [
            0.0002346644362473582,
            0.0,
            -1.0
        ],
        [
            0.8333019791081225,
            1.0,
            -1.0
        ]
    ],
    "eval_actions": [
        31,
        31,
        28,
        11
    ],
    "eval_states": [
        [
            2.0,
            25.800434112548828,
            8.600000381469727,
            8.199999809265137,
            7.800000190734863,
            11.375960350036621,
            3.3511319160461426,
            -1.0986665487289429,
            -4.721121311187744,
            -13.714180946350098,
            -10.22237777709961,
            5.799335121992044e-05,
            -3.07887864112854,
            -9.707298278808594,
            -2.9159696102142334,
            1.2376306056976318,
            4.785636901855469,
            14.424474716186523,
            10.363049507141113,
            -2.7823520397374235e-12,
            3.120986223220825,
            0.7628076672554016,
            0.982571005821228,
            0.6378321051597595,
            0.5257518887519836,
            0.7220473289489746,
            0.6493295431137085,
            5.2691710586763585e-14,
            0.5092878937721252,
            0.0,
            0.0,
            0.0,
            0.0,
            0.0,
            0.0,
            0.0,
            0.0,
            1.0,
            1.0,
            1.0,
            1.0,
            1.0,
            1.0,
            1.0,
            1.0,
            1.0,
            2.0,
            2.0,
            2.0,
            1.0,
            1.0,
            1.0,
            1.0,
            1.0,
            1.0,
            1.0,
            1.0,
            1.0
        ],
        [
            1.899999976158142,
            25.937774658203125,
            8.600000381469727,
            8.199999809265137,
            7.800000190734863,
            11.447708129882812,
            3.381563186645508,
            -1.0847923755645752,
            -4.711845397949219,
            -13.770641326904297,
            -10.246174812316895,
            5.799351492896676e-05,
            -3.0881547927856445,
            -9.759384155273438,
            -2.9417014122009277,
            1.2247426509857178,
            4.776342868804932,
            14.490067481994629,
            10.389078140258789,
            1.8559773943410685e-12,
            3.1309094429016113,
            0.767363965511322,
            0.9880748987197876,
            0.6403298377990723,
            0.5256631374359131,
            0.7266340851783752,
            0.6543689966201782,
            3.52788951480873e-14,
            0.5128368139266968,
            0.0,
            0.0,
            0.0,
            0.0,
            0.0,
            0.0,
            0.0,
            0.0,
            1.0,
            1.0,
            1.0,
            1.0,
            1.0,
            1.0,
            1.0,
            1.0,
            1.0,
            2.0,
            2.0,
            2.0,
            1.0,
            1.0,
            1.0,
            1.0,
            1.0,
            1.0,
            1.0,
            1.0,
            1.0
        ],
        [
            1.899999976158142,
            24.52808380126953,
            8.5,
            8.0,
            7.900000095367432,
            8.523237228393555,
            4.141211032867432,
            -0.7020267248153687,
            -4.505757808685303,
            -15.075210571289062,
            -10.748689651489258,
            5.799383143312298e-05,
            -3.394242286682129,
            -8.5,
            -3.56815242767334,
            0.8826435804367065,
            4.585508823394775,
            16.004846572875977,
            10.934000015258789,
            -9.26373778034617e-13,
            3.4506585597991943,
            0.09837409108877182,
            1.1333774328231812,
            0.7366645932197571,
            0.5890745520591736,
            0.8251351118087769,
            0.7435391545295715,
            1.750323451172979e-14,
            0.5821635723114014,
            0.0,
            1.0,
            0.0,
            0.0,
            0.0,
            0.0,
            0.0,
            0.0,
            2.0,
            1.0,
            1.0,
            1.0,
            1.0,
            2.0,
            1.0,
            1.0,
            1.0,
            2.0,
            2.0,
            2.0,
            1.0,
            1.0,
            1.0,
            1.0,
            1.0,
            1.0,
            1.0,
            1.0,
            1.0
        ],
        [
            1.7999999523162842,
            22.89518928527832,
            8.5,
            8.0,
            7.699999809265137,
            3.745506763458252,
            -5.245832920074463,
            7.257905006408691,
            1.263109564781189,
            -19.075075149536133,
            -24.243520736694336,
            5.7540306443115696e-05,
            -8.963109016418457,
            -3.54594349861145,
            5.345943450927734,
            -7.2373199462890625,
            -1.2626800537109375,
            19.149682998657227,
            24.320907592773438,
            -9.23083441281558e-13,
            8.985557556152344,
            0.25540027022361755,
            0.45240873098373413,
            0.3002559244632721,
            0.07538440823554993,
            0.23606590926647186,
            0.46967029571533203,
            1.763944757404365e-14,
            0.3251139223575592,
            0.0,
            0.0,
            0.0,
            0.0,
            0.0,
            0.0,
            0.0,
            0.0,
            2.0,
            2.0,
            1.0,
            1.0,
            2.0,
            1.0,
            1.0,
            1.0,
            1.0,
            2.0,
            2.0,
            2.0,
            1.0,
            1.0,
            1.0,
            1.0,
            1.0,
            1.0,
            1.0,
            1.0,
            1.0
        ]
    ],
    "eval_steps": 2016
}