{"train/reward_0": 0.0, "train/reward_1": 0.30818748474121094, "train/reward_2": -1.0, "train/grid2opsteps": 431, "_timestamp": 1722416705.7531705, "_runtime": 4.087243556976318, "_step": 10, "_wandb": {"runtime": 4}}