{
    "eval_rewards": [
        [
            0.0,
            0.01997339806909594,
            0.0
        ],
        [
            0.019593253968253968,
            0.0,
            -1.0
        ]
    ],
    "eval_actions": [
        0,
        29
    ],
    "eval_states": [
        [
            0.6000000238418579,
            26.318275451660156,
            8.300000190734863,
            7.800000190734863,
            7.699999809265137,
            11.069538116455078,
            2.7243635654449463,
            0.019086778163909912,
            -3.896433115005493,
            -14.494536399841309,
            -5.839785575866699,
            -5.839785575866699,
            -3.8035666942596436,
            -9.483724594116211,
            -2.349534034729004,
            0.15947841107845306,
            3.9737796783447266,
            15.248736381530762,
            5.885086536407471,
            5.885086536407471,
            3.8604843616485596,
            0.7433072924613953,
            0.9090595841407776,
            0.7320238351821899,
            0.579020082950592,
            0.7438293695449829,
            0.3738211691379547,
            0.3738211691379547,
            0.5842586159706116,
            0.0,
            0.0,
            0.0,
            0.0,
            0.0,
            0.0,
            0.0,
            0.0,
            1.0,
            1.0,
            1.0,
            1.0,
            1.0,
            1.0,
            1.0,
            1.0,
            1.0,
            1.0,
            1.0,
            1.0,
            1.0,
            1.0,
            1.0,
            1.0,
            1.0,
            1.0,
            1.0,
            1.0,
            1.0
        ],
        [
            0.0,
            0.0,
            0.0,
            0.0,
            0.0,
            0.0,
            0.0,
            0.0,
            0.0,
            0.0,
            0.0,
            0.0,
            0.0,
            0.0,
            0.0,
            0.0,
            0.0,
            0.0,
            0.0,
            0.0,
            0.0,
            0.0,
            0.0,
            0.0,
            0.0,
            0.0,
            0.0,
            0.0,
            0.0,
            0.0,
            0.0,
            0.0,
            0.0,
            0.0,
            0.0,
            0.0,
            0.0,
            -1.0,
            -1.0,
            -1.0,
            -1.0,
            -1.0,
            -1.0,
            -1.0,
            -1.0,
            -1.0,
            -1.0,
            -1.0,
            -1.0,
            -1.0,
            -1.0,
            -1.0,
            -1.0,
            -1.0,
            -1.0,
            -1.0,
            -1.0,
            -1.0
        ]
    ],
    "eval_steps": 79
}