{
    "eval_rewards": [
        [
            0.0,
            0.00018335969633203778,
            -0.8333333333333334
        ],
        [
            0.0,
            0.00018109216765768276,
            0.0
        ],
        [
            0.000744047619047619,
            0.0,
            -1.0
        ]
    ],
    "eval_actions": [
        40,
        0,
        5
    ],
    "eval_states": [
        [
            4.199999809265137,
            24.165952682495117,
            8.699999809265137,
            8.300000190734863,
            7.300000190734863,
            12.998497009277344,
            6.162932872772217,
            4.078362941741943,
            -15.622612953186035,
            -10.31143856048584,
            -2.0391814708709717,
            -2.0391814708709717,
            8.322612762451172,
            -10.861322402954102,
            -5.579143524169922,
            -3.755518674850464,
            15.695984840393066,
            11.167454719543457,
            2.0742528438568115,
            2.0742528438568115,
            -8.300000190734863,
            0.8649696707725525,
            1.1444824934005737,
            1.008487582206726,
            0.5914960503578186,
            0.7920989990234375,
            0.33091816306114197,
            0.33091816306114197,
            0.3646165430545807,
            0.0,
            1.0,
            1.0,
            0.0,
            0.0,
            0.0,
            0.0,
            0.0,
            1.0,
            1.0,
            1.0,
            1.0,
            1.0,
            1.0,
            1.0,
            1.0,
            1.0,
            1.0,
            1.0,
            1.0,
            1.0,
            2.0,
            2.0,
            2.0,
            1.0,
            1.0,
            1.0,
            1.0,
            1.0
        ],
        [
            4.300000190734863,
            24.3113956451416,
            8.800000190734863,
            8.399999618530273,
            7.300000190734863,
            13.076744079589844,
            6.1976399421691895,
            4.100980758666992,
            -15.72303295135498,
            -10.369505882263184,
            -2.050490379333496,
            -2.050490379333496,
            8.423032760620117,
            -10.915735244750977,
            -5.607109069824219,
            -3.7743477821350098,
            15.797192573547363,
            11.234651565551758,
            2.085933208465576,
            2.085933208465576,
            -8.399999618530273,
            0.8698509931564331,
            1.1512964963912964,
            1.0147846937179565,
            0.5948636531829834,
            0.7962769865989685,
            0.33259764313697815,
            0.33259764313697815,
            0.3675261437892914,
            0.0,
            2.0,
            2.0,
            0.0,
            0.0,
            0.0,
            0.0,
            0.0,
            1.0,
            1.0,
            1.0,
            1.0,
            1.0,
            1.0,
            1.0,
            1.0,
            1.0,
            1.0,
            1.0,
            1.0,
            1.0,
            2.0,
            2.0,
            2.0,
            1.0,
            1.0,
            1.0,
            1.0,
            1.0
        ],
        [
            0.0,
            0.0,
            0.0,
            0.0,
            0.0,
            0.0,
            0.0,
            0.0,
            0.0,
            0.0,
            0.0,
            0.0,
            0.0,
            0.0,
            0.0,
            0.0,
            0.0,
            0.0,
            0.0,
            0.0,
            0.0,
            0.0,
            0.0,
            0.0,
            0.0,
            0.0,
            0.0,
            0.0,
            0.0,
            0.0,
            0.0,
            0.0,
            0.0,
            0.0,
            0.0,
            0.0,
            0.0,
            -1.0,
            -1.0,
            -1.0,
            -1.0,
            -1.0,
            -1.0,
            -1.0,
            -1.0,
            -1.0,
            -1.0,
            -1.0,
            -1.0,
            -1.0,
            -1.0,
            -1.0,
            -1.0,
            -1.0,
            -1.0,
            -1.0,
            -1.0,
            -1.0
        ]
    ],
    "eval_steps": 3
}