{
    "eval_rewards": [
        [
            0.0,
            0.0003649380786489509,
            -1.0
        ],
        [
            1.0,
            0.8621849197893751,
            0.0
        ]
    ],
    "eval_actions": [
        4,
        11
    ],
    "eval_states": [
        [
            4.199999809265137,
            20.545713424682617,
            8.699999809265137,
            8.300000190734863,
            7.300000190734863,
            7.971174240112305,
            1.5113534927368164,
            -0.7451218962669373,
            -4.023675441741943,
            -12.513111114501953,
            -5.48773717880249,
            -5.48773717880249,
            -3.27632474899292,
            -7.945615768432617,
            -1.5088835954666138,
            0.7544993758201599,
            4.199999809265137,
            12.574538230895996,
            5.500878810882568,
            5.500878810882568,
            3.420595645904541,
            0.08852304518222809,
            0.11276380717754364,
            0.2514159679412842,
            0.8976075053215027,
            0.2158486247062683,
            0.20575158298015594,
            0.20575158298015594,
            0.9032996296882629,
            0.0,
            0.0,
            0.0,
            0.0,
            0.0,
            0.0,
            0.0,
            0.0,
            2.0,
            2.0,
            2.0,
            1.0,
            1.0,
            2.0,
            1.0,
            1.0,
            1.0,
            1.0,
            1.0,
            1.0,
            1.0,
            1.0,
            1.0,
            1.0,
            1.0,
            1.0,
            1.0,
            1.0,
            1.0
        ],
        [
            1.0,
            24.597055435180664,
            8.800000190734863,
            8.600000381469727,
            7.599999904632568,
            4.469789028167725,
            -5.050820350646973,
            7.405259132385254,
            1.4168314933776855,
            -20.035991668701172,
            -12.522392272949219,
            -12.522392272949219,
            -9.016831398010254,
            -4.188398838043213,
            5.188398838043213,
            -7.383731842041016,
            -1.4162683486938477,
            20.127267837524414,
            12.543405532836914,
            12.543405532836914,
            9.039525032043457,
            0.30567991733551025,
            0.5362955331802368,
            0.30695635080337524,
            0.0830005556344986,
            0.2609562575817108,
            0.24305123090744019,
            0.24305123090744019,
            0.3268011808395386,
            0.0,
            0.0,
            0.0,
            0.0,
            0.0,
            0.0,
            0.0,
            0.0,
            2.0,
            2.0,
            1.0,
            1.0,
            2.0,
            1.0,
            1.0,
            1.0,
            1.0,
            1.0,
            1.0,
            1.0,
            1.0,
            1.0,
            1.0,
            1.0,
            1.0,
            1.0,
            1.0,
            1.0,
            1.0
        ]
    ],
    "eval_steps": 2016
}