{
    "eval_rewards": [
        [
            0.0,
            0.1456112701444712,
            0.0
        ],
        [
            0.0,
            0.00021662571261861334,
            -0.8333333333333334
        ],
        [
            0.0,
            0.0002717217914798863,
            -1.0
        ],
        [
            0.0,
            0.00027240768626974086,
            -1.0
        ],
        [
            0.10615079365079365,
            0.0,
            -1.0
        ]
    ],
    "eval_actions": [
        42,
        45,
        22,
        22,
        36
    ],
    "eval_states": [
        [
            5.5,
            26.437358856201172,
            10.5,
            10.0,
            8.800000190734863,
            10.212078094482422,
            1.5715512037277222,
            -0.26803940534591675,
            -4.623326301574707,
            -15.65937328338623,
            -3.9410479068756104,
            -10.0,
            -4.176673889160156,
            -8.848289489746094,
            -1.2036999464035034,
            0.37473466992378235,
            4.677254676818848,
            16.22528076171875,
            4.0704779624938965,
            10.017343521118164,
            4.209087371826172,
            0.6883792877197266,
            0.9001278877258301,
            0.5502915382385254,
            0.47709327936172485,
            0.645108699798584,
            0.6238542795181274,
            0.2170437127351761,
            0.45087558031082153,
            0.0,
            0.0,
            0.0,
            0.0,
            0.0,
            0.0,
            0.0,
            0.0,
            1.0,
            1.0,
            1.0,
            1.0,
            1.0,
            1.0,
            1.0,
            1.0,
            1.0,
            1.0,
            1.0,
            1.0,
            1.0,
            2.0,
            2.0,
            1.0,
            2.0,
            1.0,
            1.0,
            1.0,
            1.0
        ],
        [
            5.400000095367432,
            27.04181480407715,
            10.399999618530273,
            10.0,
            8.699999809265137,
            11.626471519470215,
            3.116084098815918,
            -1.7107254266738892,
            -5.607596397399902,
            -14.678635597229004,
            -4.639735644296206e-12,
            -11.426923751831055,
            -3.0924034118652344,
            -9.888728141784668,
            -2.6605794429779053,
            1.8663018941879272,
            5.683006286621094,
            15.41534423828125,
            5.806972330901772e-05,
            11.562493324279785,
            3.1376495361328125,
            0.7787004113197327,
            1.0061612129211426,
            0.6790057420730591,
            0.5726437568664551,
            0.7352216839790344,
            0.025884399190545082,
            0.6374846696853638,
            0.5262588858604431,
            0.0,
            1.0,
            0.0,
            0.0,
            0.0,
            0.0,
            0.0,
            0.0,
            1.0,
            1.0,
            1.0,
            1.0,
            1.0,
            1.0,
            1.0,
            1.0,
            1.0,
            1.0,
            1.0,
            1.0,
            1.0,
            2.0,
            1.0,
            2.0,
            2.0,
            2.0,
            1.0,
            1.0,
            1.0
        ],
        [
            5.300000190734863,
            26.69035530090332,
            10.399999618530273,
            10.199999809265137,
            8.699999809265137,
            12.432312965393066,
            2.3292763233184814,
            -2.311647415161133,
            -5.1060686111450195,
            -14.097384452819824,
            -9.2655256297286e-13,
            -11.688216209411621,
            -3.593931198120117,
            -10.464239120483398,
            -2.316511869430542,
            2.316511869430542,
            5.364239692687988,
            14.258042335510254,
            5.800314829684794e-05,
            11.768050193786621,
            3.799863815307617,
            0.8295262455940247,
            0.1386340856552124,
            0.19062186777591705,
            1.0962690114974976,
            0.3463321328163147,
            0.02586955949664116,
            0.4913751780986786,
            1.0698919296264648,
            0.0,
            0.0,
            0.0,
            1.0,
            0.0,
            0.0,
            0.0,
            1.0,
            2.0,
            1.0,
            1.0,
            2.0,
            2.0,
            2.0,
            1.0,
            1.0,
            1.0,
            1.0,
            1.0,
            1.0,
            1.0,
            2.0,
            1.0,
            2.0,
            2.0,
            2.0,
            1.0,
            1.0,
            1.0
        ],
        [
            5.300000190734863,
            26.67680549621582,
            10.300000190734863,
            10.199999809265137,
            8.800000190734863,
            12.396536827087402,
            2.332990884780884,
            -2.3153939247131348,
            -5.181317329406738,
            -14.119914054870605,
            9.275691109297823e-13,
            -11.707193374633789,
            -3.618682861328125,
            -10.438948631286621,
            -2.32024884223938,
            2.32024884223938,
            5.438949108123779,
            14.280267715454102,
            5.8002740843221545e-05,
            11.786865234375,
            3.822587490081787,
            0.8272793889045715,
            0.13849671185016632,
            0.19043298065662384,
            1.0950939655303955,
            0.3460071086883545,
            0.025869466364383698,
            0.4908801317214966,
            1.0648391246795654,
            0.0,
            0.0,
            0.0,
            2.0,
            0.0,
            0.0,
            0.0,
            2.0,
            2.0,
            1.0,
            1.0,
            2.0,
            2.0,
            2.0,
            1.0,
            1.0,
            1.0,
            1.0,
            1.0,
            1.0,
            1.0,
            2.0,
            1.0,
            2.0,
            2.0,
            2.0,
            1.0,
            1.0,
            1.0
        ],
        [
            0.0,
            0.0,
            0.0,
            0.0,
            0.0,
            0.0,
            0.0,
            0.0,
            0.0,
            0.0,
            0.0,
            0.0,
            0.0,
            0.0,
            0.0,
            0.0,
            0.0,
            0.0,
            0.0,
            0.0,
            0.0,
            0.0,
            0.0,
            0.0,
            0.0,
            0.0,
            0.0,
            0.0,
            0.0,
            0.0,
            0.0,
            0.0,
            0.0,
            0.0,
            0.0,
            0.0,
            0.0,
            -1.0,
            -1.0,
            -1.0,
            -1.0,
            -1.0,
            -1.0,
            -1.0,
            -1.0,
            -1.0,
            -1.0,
            -1.0,
            -1.0,
            -1.0,
            -1.0,
            -1.0,
            -1.0,
            -1.0,
            -1.0,
            -1.0,
            -1.0,
            -1.0
        ]
    ],
    "eval_steps": 428
}