{
    "eval_rewards": [
        [
            0.0,
            0.2659704521584865,
            0.0
        ],
        [
            0.0,
            0.0001689485630640876,
            -0.6666666666666666
        ],
        [
            0.0,
            0.00018798983460096509,
            -1.0
        ],
        [
            0.0,
            0.00012565455214806422,
            -0.8333333333333334
        ],
        [
            0.1728670634920635,
            0.0,
            -1.0
        ]
    ],
    "eval_actions": [
        15,
        35,
        22,
        46,
        19
    ],
    "eval_states": [
        [
            1.100000023841858,
            30.581205368041992,
            10.600000381469727,
            10.199999809265137,
            8.800000190734863,
            9.5796537399292,
            10.640304565429688,
            -2.6974575519561768,
            -6.3901686668396,
            -20.747652053833008,
            -4.9949774742126465,
            -4.9949774742126465,
            -2.4098317623138428,
            -8.37016773223877,
            -10.600000381469727,
            2.9606263637542725,
            6.5095415115356445,
            21.00155258178711,
            5.05367374420166,
            5.05367374420166,
            2.487412452697754,
            0.6475197076797485,
            0.33137115836143494,
            0.9037847518920898,
            0.7317447662353516,
            0.4336443543434143,
            0.4240550994873047,
            0.4240550994873047,
            0.6751992702484131,
            0.0,
            0.0,
            0.0,
            0.0,
            0.0,
            0.0,
            0.0,
            0.0,
            2.0,
            1.0,
            2.0,
            2.0,
            2.0,
            1.0,
            1.0,
            1.0,
            1.0,
            1.0,
            1.0,
            1.0,
            1.0,
            1.0,
            1.0,
            1.0,
            1.0,
            1.0,
            1.0,
            1.0,
            1.0
        ],
        [
            1.100000023841858,
            31.756027221679688,
            10.399999618530273,
            10.100000381469727,
            8.800000190734863,
            13.226828575134277,
            10.439661979675293,
            -4.141332626342773,
            -7.445524215698242,
            -18.195514678955078,
            10.454835891723633,
            -17.878076553344727,
            -1.3544762134552002,
            -11.019789695739746,
            -10.399999618530273,
            4.511693954467773,
            7.608095645904541,
            18.529197692871094,
            -10.439661979675293,
            18.195514678955078,
            1.4645733833312988,
            0.8792021870613098,
            0.32935839891433716,
            1.085134744644165,
            0.8616517186164856,
            0.4965934753417969,
            0.21375486254692078,
            0.968975305557251,
            0.7954642176628113,
            0.0,
            0.0,
            1.0,
            0.0,
            0.0,
            0.0,
            0.0,
            0.0,
            2.0,
            1.0,
            2.0,
            2.0,
            2.0,
            1.0,
            1.0,
            1.0,
            1.0,
            2.0,
            1.0,
            2.0,
            1.0,
            1.0,
            1.0,
            1.0,
            1.0,
            1.0,
            1.0,
            1.0,
            1.0
        ],
        [
            1.100000023841858,
            33.280670166015625,
            10.5,
            10.0,
            8.800000190734863,
            17.737462997436523,
            0.000556829443667084,
            0.0015849232440814376,
            -4.127803325653076,
            -15.287720680236816,
            0.0020385095849633217,
            -15.046503067016602,
            -4.672196865081787,
            -13.964219093322754,
            -0.00012601651542354375,
            0.00012601651542354375,
            4.564218997955322,
            15.543207168579102,
            -0.000556829443667084,
            15.287720680236816,
            5.042880058288574,
            1.1535347700119019,
            0.007223204243928194,
            0.009931905195116997,
            1.4392836093902588,
            0.4353203773498535,
            0.05245544761419296,
            0.8462885022163391,
            1.4190020561218262,
            1.0,
            0.0,
            0.0,
            1.0,
            0.0,
            0.0,
            0.0,
            1.0,
            2.0,
            1.0,
            1.0,
            2.0,
            2.0,
            2.0,
            1.0,
            1.0,
            1.0,
            2.0,
            1.0,
            2.0,
            1.0,
            1.0,
            1.0,
            1.0,
            1.0,
            1.0,
            1.0,
            1.0,
            1.0
        ],
        [
            1.100000023841858,
            33.792816162109375,
            10.600000381469727,
            10.199999809265137,
            8.800000190734863,
            17.977869033813477,
            -10.218484878540039,
            10.290542602539062,
            -4.164279460906982,
            -15.553719520568848,
            -10.199999809265137,
            -15.306913375854492,
            -4.635720729827881,
            -14.111701965332031,
            10.25313663482666,
            -10.25313663482666,
            4.611701488494873,
            15.814945220947266,
            10.218484878540039,
            15.553719520568848,
            5.01637077331543,
            1.1678096055984497,
            0.2754139006137848,
            0.3786941170692444,
            1.4579240083694458,
            0.4401096701622009,
            0.22426483035087585,
            0.8558871746063232,
            1.4373222589492798,
            2.0,
            0.0,
            0.0,
            2.0,
            0.0,
            0.0,
            0.0,
            2.0,
            2.0,
            1.0,
            1.0,
            2.0,
            2.0,
            2.0,
            1.0,
            1.0,
            1.0,
            2.0,
            1.0,
            2.0,
            1.0,
            2.0,
            1.0,
            2.0,
            2.0,
            1.0,
            1.0,
            1.0,
            1.0
        ],
        [
            0.0,
            0.0,
            0.0,
            0.0,
            0.0,
            0.0,
            0.0,
            0.0,
            0.0,
            0.0,
            0.0,
            0.0,
            0.0,
            0.0,
            0.0,
            0.0,
            0.0,
            0.0,
            0.0,
            0.0,
            0.0,
            0.0,
            0.0,
            0.0,
            0.0,
            0.0,
            0.0,
            0.0,
            0.0,
            0.0,
            0.0,
            0.0,
            0.0,
            0.0,
            0.0,
            0.0,
            0.0,
            -1.0,
            -1.0,
            -1.0,
            -1.0,
            -1.0,
            -1.0,
            -1.0,
            -1.0,
            -1.0,
            -1.0,
            -1.0,
            -1.0,
            -1.0,
            -1.0,
            -1.0,
            -1.0,
            -1.0,
            -1.0,
            -1.0,
            -1.0,
            -1.0
        ]
    ],
    "eval_steps": 697
}