{
    "eval_rewards": [
        [
            0.0,
            0.03091846025886822,
            0.0
        ],
        [
            0.0,
            0.0149652174494948,
            0.0
        ],
        [
            0.028025793650793652,
            0.0,
            -1.0
        ]
    ],
    "eval_actions": [
        10,
        16,
        5
    ],
    "eval_states": [
        [
            0.6000000238418579,
            24.074377059936523,
            8.0,
            7.699999809265137,
            7.400000095367432,
            8.402764320373535,
            0.31412893533706665,
            2.1723034381866455,
            -2.1678967475891113,
            -15.439519882202148,
            -7.5556182861328125,
            -7.5556182861328125,
            -5.23210334777832,
            -7.458392143249512,
            0.05839239060878754,
            -2.1701173782348633,
            2.1701173782348633,
            15.671612739562988,
            7.562695503234863,
            7.562695503234863,
            5.2389326095581055,
            0.5706745982170105,
            0.9060509204864502,
            0.080827996134758,
            0.080827996134758,
            0.41515040397644043,
            0.1436195820569992,
            0.1436195820569992,
            0.1894393265247345,
            0.0,
            0.0,
            0.0,
            0.0,
            0.0,
            0.0,
            0.0,
            0.0,
            2.0,
            2.0,
            1.0,
            1.0,
            2.0,
            2.0,
            1.0,
            1.0,
            1.0,
            1.0,
            1.0,
            1.0,
            1.0,
            1.0,
            1.0,
            1.0,
            1.0,
            1.0,
            1.0,
            1.0,
            1.0
        ],
        [
            0.6000000238418579,
            27.890939712524414,
            9.699999809265137,
            9.399999618530273,
            8.800000190734863,
            12.662984848022461,
            -0.22935573756694794,
            0.8782888650894165,
            -3.7844724655151367,
            -15.100812911987305,
            -7.653419017791748,
            -7.653419017791748,
            -5.015527725219727,
            -12.6189546585083,
            0.6000000238418579,
            -0.8697490692138672,
            3.788703441619873,
            15.22795581817627,
            7.665084362030029,
            7.665084362030029,
            5.028549671173096,
            0.12248854339122772,
            0.9036713242530823,
            0.24270734190940857,
            0.17154541611671448,
            0.30851244926452637,
            0.17579524219036102,
            0.17579524219036102,
            0.22461073100566864,
            0.0,
            0.0,
            0.0,
            0.0,
            0.0,
            0.0,
            0.0,
            0.0,
            2.0,
            1.0,
            2.0,
            2.0,
            1.0,
            2.0,
            1.0,
            1.0,
            1.0,
            1.0,
            1.0,
            1.0,
            1.0,
            1.0,
            1.0,
            1.0,
            1.0,
            1.0,
            1.0,
            1.0,
            1.0
        ],
        [
            0.0,
            0.0,
            0.0,
            0.0,
            0.0,
            0.0,
            0.0,
            0.0,
            0.0,
            0.0,
            0.0,
            0.0,
            0.0,
            0.0,
            0.0,
            0.0,
            0.0,
            0.0,
            0.0,
            0.0,
            0.0,
            0.0,
            0.0,
            0.0,
            0.0,
            0.0,
            0.0,
            0.0,
            0.0,
            0.0,
            0.0,
            0.0,
            0.0,
            0.0,
            0.0,
            0.0,
            0.0,
            -1.0,
            -1.0,
            -1.0,
            -1.0,
            -1.0,
            -1.0,
            -1.0,
            -1.0,
            -1.0,
            -1.0,
            -1.0,
            -1.0,
            -1.0,
            -1.0,
            -1.0,
            -1.0,
            -1.0,
            -1.0,
            -1.0,
            -1.0,
            -1.0
        ]
    ],
    "eval_steps": 113
}