{
    "eval_rewards": [
        [
            0.0,
            0.13776630855118283,
            0.0
        ],
        [
            1.0,
            0.6484903027913147,
            0.0
        ]
    ],
    "eval_actions": [
        52,
        11
    ],
    "eval_states": [
        [
            5.599999904632568,
            24.246631622314453,
            9.899999618530273,
            9.5,
            8.300000190734863,
            9.421884536743164,
            1.5418387651443481,
            -1.0337147736644119e-15,
            -5.001524448394775,
            -14.43960952758789,
            -6.438229560852051,
            -6.438229560852051,
            -3.298475742340088,
            -8.249617576599121,
            -1.1635054349899292,
            0.001311096828430891,
            5.111812591552734,
            14.824746131896973,
            6.448885440826416,
            6.448885440826416,
            3.3764593601226807,
            0.6372798681259155,
            0.9134186506271362,
            0.13720062375068665,
            0.7007766962051392,
            0.5332487225532532,
            0.18484514951705933,
            0.18484514951705933,
            0.6764777898788452,
            0.0,
            0.0,
            0.0,
            0.0,
            0.0,
            0.0,
            0.0,
            0.0,
            1.0,
            1.0,
            1.0,
            1.0,
            1.0,
            1.0,
            1.0,
            1.0,
            1.0,
            1.0,
            1.0,
            1.0,
            1.0,
            2.0,
            1.0,
            1.0,
            1.0,
            1.0,
            1.0,
            1.0,
            1.0
        ],
        [
            1.0,
            24.647123336791992,
            8.800000190734863,
            8.600000381469727,
            7.599999904632568,
            4.480323314666748,
            -5.059231281280518,
            4.580798631040328e-13,
            8.821139335632324,
            -20.0753173828125,
            -12.546158790588379,
            -12.546158790588379,
            -16.421138763427734,
            -4.197646141052246,
            5.197646141052246,
            0.0012843741569668055,
            -8.801284790039062,
            20.166799545288086,
            12.567275047302246,
            12.567275047302246,
            16.49231719970703,
            0.3064076602458954,
            0.5380351543426514,
            0.1357952058315277,
            0.32703667879104614,
            0.26123905181884766,
            0.24362869560718536,
            0.24362869560718536,
            0.5918620824813843,
            0.0,
            0.0,
            0.0,
            0.0,
            0.0,
            0.0,
            0.0,
            0.0,
            2.0,
            2.0,
            1.0,
            1.0,
            2.0,
            1.0,
            1.0,
            1.0,
            1.0,
            1.0,
            1.0,
            1.0,
            1.0,
            2.0,
            1.0,
            1.0,
            1.0,
            1.0,
            1.0,
            1.0,
            1.0
        ]
    ],
    "eval_steps": 2016
}