{"DoNothing/train/reward_0": 0.0, "DoNothing/train/reward_1": 0.0002006051044673576, "DoNothing/train/reward_2": 0.0, "DoNothing/train/grid2opsteps": 1782, "_timestamp": 1721370211.3631396, "_runtime": 3.051384687423706, "_step": 16, "_wandb": {"runtime": 2}, "DoNothing/eval/reward_0": 0.0013713818860877686, "DoNothing/eval/reward_1": 0.0013233185644743713, "DoNothing/eval/reward_2": -0.058823529411764705}