{"DoNothing/train/reward_0": 0.0, "DoNothing/train/reward_1": 9.46475077872139e-05, "DoNothing/train/reward_2": 0.0, "DoNothing/train/grid2opsteps": 93, "_timestamp": 1722427485.1321268, "_runtime": 20.94818091392517, "_step": 1024, "_wandb": {"runtime": 19}, "DoNothing/eval/reward_0": 0.0019427910052910054, "DoNothing/eval/reward_1": 0.0018732123926306155, "DoNothing/eval/reward_2": -0.08333333333333333}