{
    "eval_rewards": [
        [
            0.0,
            0.0002268793247194526,
            -0.8333333333333334
        ],
        [
            0.0,
            0.0003316857958953634,
            -0.8333333333333334
        ],
        [
            1.0,
            0.8472356182128467,
            0.0
        ]
    ],
    "eval_actions": [
        41,
        50,
        19
    ],
    "eval_states": [
        [
            2.0,
            25.801000595092773,
            8.600000381469727,
            8.199999809265137,
            7.800000190734863,
            11.375762939453125,
            3.3504576683044434,
            -1.096423625946045,
            -4.7206830978393555,
            -13.709735870361328,
            -10.226067543029785,
            -9.271490910081615e-13,
            -3.0793168544769287,
            -9.707155227661133,
            -2.918076515197754,
            1.2387354373931885,
            4.786495685577393,
            14.425237655639648,
            10.359219551086426,
            5.808201967738569e-05,
            3.1224918365478516,
            0.7627951502799988,
            0.9793006777763367,
            0.6462855935096741,
            0.5314240455627441,
            0.7246679067611694,
            0.6320348978042603,
            0.0258871391415596,
            0.5151363015174866,
            0.0,
            0.0,
            0.0,
            0.0,
            0.0,
            0.0,
            0.0,
            0.0,
            1.0,
            1.0,
            1.0,
            1.0,
            1.0,
            1.0,
            1.0,
            1.0,
            1.0,
            1.0,
            1.0,
            1.0,
            1.0,
            2.0,
            2.0,
            1.0,
            2.0,
            2.0,
            1.0,
            1.0,
            1.0
        ],
        [
            1.899999976158142,
            25.958444595336914,
            8.600000381469727,
            8.199999809265137,
            7.800000190734863,
            12.53766918182373,
            4.826087474822998,
            -2.2875218391418457,
            -5.5149126052856445,
            -13.031408309936523,
            -4.099999904632568,
            -4.099999904632568,
            -2.2850875854492188,
            -10.538578987121582,
            -3.9737446308135986,
            2.2898175716400146,
            5.522505760192871,
            13.420775413513184,
            4.102660179138184,
            4.102660179138184,
            2.2875218391418457,
            0.8361381888389587,
            1.3908531665802002,
            0.13626596331596375,
            0.1977114975452423,
            0.5361794829368591,
            0.08235561102628708,
            0.08235561102628708,
            0.08553671836853027,
            0.0,
            1.0,
            0.0,
            0.0,
            0.0,
            0.0,
            0.0,
            0.0,
            1.0,
            1.0,
            1.0,
            1.0,
            1.0,
            1.0,
            1.0,
            1.0,
            1.0,
            1.0,
            1.0,
            1.0,
            1.0,
            2.0,
            1.0,
            1.0,
            2.0,
            1.0,
            1.0,
            1.0,
            1.0
        ],
        [
            1.0,
            24.851137161254883,
            8.699999809265137,
            8.399999618530273,
            8.0,
            6.244436740875244,
            10.154457092285156,
            -6.661753177642822,
            -1.3891321420669556,
            -18.56011199951172,
            -4.199999809265137,
            -4.199999809265137,
            -6.610867977142334,
            -5.708162784576416,
            -10.113975524902344,
            6.708162784576416,
            1.413975477218628,
            18.606700897216797,
            4.202826976776123,
            4.202826976776123,
            6.661753177642822,
            0.42687779664993286,
            0.29217520356178284,
            0.35459914803504944,
            0.4028206765651703,
            0.18526090681552887,
            0.08493256568908691,
            0.08493256568908691,
            0.4656227231025696,
            0.0,
            0.0,
            0.0,
            0.0,
            0.0,
            0.0,
            0.0,
            0.0,
            2.0,
            1.0,
            2.0,
            1.0,
            2.0,
            1.0,
            1.0,
            1.0,
            1.0,
            1.0,
            1.0,
            1.0,
            1.0,
            2.0,
            1.0,
            1.0,
            2.0,
            1.0,
            1.0,
            1.0,
            1.0
        ]
    ],
    "eval_steps": 2016
}