{
    "eval_rewards": [
        [
            1.0,
            0.6843243393746817,
            0.0
        ]
    ],
    "eval_actions": [
        3
    ],
    "eval_states": [
        [
            1.0,
            25.463029861450195,
            8.800000190734863,
            8.600000381469727,
            7.599999904632568,
            7.13599967956543,
            -1.9662368297576904,
            -5.111621379852295,
            8.82564926147461,
            -18.062114715576172,
            -9.997919082641602,
            -9.997919082641602,
            -16.425649642944336,
            -6.443768501281738,
            2.182133436203003,
            5.2616353034973145,
            -8.800000190734863,
            18.327030181884766,
            10.014175415039062,
            10.014175415039062,
            16.50745964050293,
            0.4867410361766815,
            0.6804680824279785,
            0.667699933052063,
            0.3865030109882355,
            0.4430336654186249,
            0.22311796247959137,
            0.22311796247959137,
            0.6254432797431946,
            0.0,
            0.0,
            0.0,
            0.0,
            0.0,
            0.0,
            0.0,
            0.0,
            2.0,
            2.0,
            2.0,
            1.0,
            2.0,
            1.0,
            1.0,
            1.0,
            1.0,
            1.0,
            1.0,
            1.0,
            1.0,
            1.0,
            1.0,
            1.0,
            1.0,
            1.0,
            1.0,
            1.0,
            1.0
        ]
    ],
    "eval_steps": 2016
}