{
    "eval_rewards": [
        [
            0.0,
            0.00013581277738364443,
            -1.0
        ],
        [
            1.0,
            0.8347876793185894,
            0.0
        ]
    ],
    "eval_actions": [
        25,
        11
    ],
    "eval_states": [
        [
            2.0,
            25.911823272705078,
            8.600000381469727,
            8.199999809265137,
            7.800000190734863,
            6.815964698791504,
            5.9650702476501465,
            2.5141613483428955,
            -6.645111083984375,
            -17.97201919555664,
            -5.977941036224365,
            -5.977941036224365,
            -1.1548892259597778,
            -6.718832969665527,
            -4.8258585929870605,
            -1.7741416692733765,
            6.718832969665527,
            19.09585952758789,
            6.003474712371826,
            6.003474712371826,
            1.2417205572128296,
            0.1750270277261734,
            1.6141194105148315,
            1.561311960220337,
            0.6563513875007629,
            0.9065840840339661,
            0.2831985354423523,
            0.2831985354423523,
            0.6151441931724548,
            0.0,
            1.0,
            1.0,
            0.0,
            0.0,
            0.0,
            0.0,
            0.0,
            2.0,
            1.0,
            1.0,
            2.0,
            1.0,
            1.0,
            1.0,
            1.0,
            1.0,
            1.0,
            1.0,
            1.0,
            1.0,
            1.0,
            1.0,
            1.0,
            1.0,
            1.0,
            1.0,
            1.0,
            1.0
        ],
        [
            1.0,
            24.703664779663086,
            8.699999809265137,
            8.399999618530273,
            8.0,
            4.4920549392700195,
            -5.069104194641113,
            7.464244842529297,
            1.258026123046875,
            -20.11946678161621,
            -12.573113441467285,
            -12.573113441467285,
            -9.258026123046875,
            -4.207940578460693,
            5.207940578460693,
            -7.442408561706543,
            -1.2575913667678833,
            20.211610794067383,
            12.59428596496582,
            12.59428596496582,
            9.281982421875,
            0.30721795558929443,
            0.5389132499694824,
            0.3087608814239502,
            0.07677431404590607,
            0.26217368245124817,
            0.24399451911449432,
            0.24399451911449432,
            0.33593881130218506,
            0.0,
            0.0,
            0.0,
            0.0,
            0.0,
            0.0,
            0.0,
            0.0,
            2.0,
            2.0,
            1.0,
            1.0,
            2.0,
            1.0,
            1.0,
            1.0,
            1.0,
            1.0,
            1.0,
            1.0,
            1.0,
            1.0,
            1.0,
            1.0,
            1.0,
            1.0,
            1.0,
            1.0,
            1.0
        ]
    ],
    "eval_steps": 2016
}