{
    "eval_rewards": [
        [
            0.0,
            0.01997339806909594,
            0.0
        ],
        [
            0.0,
            0.00021294862714883178,
            -0.6666666666666666
        ],
        [
            1.0,
            0.8151984083711381,
            0.0
        ]
    ],
    "eval_actions": [
        38,
        32,
        19
    ],
    "eval_states": [
        [
            0.6000000238418579,
            26.318275451660156,
            8.300000190734863,
            7.800000190734863,
            7.699999809265137,
            11.069538116455078,
            2.7243635654449463,
            0.019086778163909912,
            -3.896433115005493,
            -14.494536399841309,
            -5.839785575866699,
            -5.839785575866699,
            -3.8035666942596436,
            -9.483724594116211,
            -2.349534034729004,
            0.15947841107845306,
            3.9737796783447266,
            15.248736381530762,
            5.885086536407471,
            5.885086536407471,
            3.8604843616485596,
            0.7433072924613953,
            0.9090595841407776,
            0.7320238351821899,
            0.579020082950592,
            0.7438293695449829,
            0.3738211691379547,
            0.3738211691379547,
            0.5842586159706116,
            0.0,
            0.0,
            0.0,
            0.0,
            0.0,
            0.0,
            0.0,
            0.0,
            1.0,
            1.0,
            1.0,
            1.0,
            1.0,
            1.0,
            1.0,
            1.0,
            1.0,
            1.0,
            1.0,
            1.0,
            1.0,
            1.0,
            1.0,
            1.0,
            1.0,
            1.0,
            1.0,
            1.0,
            1.0
        ],
        [
            0.6000000238418579,
            26.814926147460938,
            8.399999618530273,
            8.0,
            7.5,
            11.971020698547363,
            3.658906936645508,
            -0.8780643939971924,
            -4.4199724197387695,
            -14.062959671020508,
            5.79974839638453e-05,
            -10.248739242553711,
            -3.0800275802612305,
            -10.136301040649414,
            -3.1807351112365723,
            1.0292378664016724,
            4.487798690795898,
            14.843905448913574,
            -2.7825823242788594e-12,
            10.404052734375,
            3.1267454624176025,
            0.8004869818687439,
            1.0318915843963623,
            0.6681522130966187,
            0.5398452281951904,
            0.7568027973175049,
            5.2691710586763585e-14,
            0.6817134618759155,
            0.5340471267700195,
            0.0,
            1.0,
            0.0,
            0.0,
            0.0,
            0.0,
            0.0,
            0.0,
            1.0,
            1.0,
            1.0,
            1.0,
            1.0,
            1.0,
            1.0,
            1.0,
            1.0,
            2.0,
            2.0,
            1.0,
            2.0,
            1.0,
            1.0,
            1.0,
            1.0,
            1.0,
            1.0,
            1.0,
            1.0
        ],
        [
            1.0,
            24.8583927154541,
            8.699999809265137,
            8.399999618530273,
            8.0,
            5.723847389221191,
            9.674274444580078,
            -6.122828960418701,
            -0.9463874697685242,
            -19.058679580688477,
            5.779131970484741e-05,
            -9.350173950195312,
            -7.05361270904541,
            -5.270145416259766,
            -9.648157119750977,
            6.270145416259766,
            0.9481572508811951,
            19.134546279907227,
            -1.849719813082351e-12,
            9.384405136108398,
            7.072946071624756,
            0.3916112780570984,
            0.25672590732574463,
            0.6622008085250854,
            0.1409505158662796,
            0.2380698174238205,
            3.500646902345958e-14,
            0.32497602701187134,
            0.28678780794143677,
            0.0,
            0.0,
            0.0,
            0.0,
            0.0,
            0.0,
            0.0,
            0.0,
            2.0,
            1.0,
            2.0,
            1.0,
            2.0,
            1.0,
            1.0,
            1.0,
            1.0,
            2.0,
            2.0,
            1.0,
            2.0,
            1.0,
            1.0,
            1.0,
            1.0,
            1.0,
            1.0,
            1.0,
            1.0
        ]
    ],
    "eval_steps": 2016
}