{
    "eval_rewards": [
        [
            1.0,
            0.8663726317151922,
            0.0
        ]
    ],
    "eval_actions": [
        19
    ],
    "eval_states": [
        [
            1.0,
            24.704875946044922,
            8.699999809265137,
            8.399999618530273,
            8.0,
            4.9247612953186035,
            9.025459289550781,
            -5.455523490905762,
            -0.30133169889450073,
            -19.705284118652344,
            -5.3310770988464355,
            -5.3310770988464355,
            -7.698668479919434,
            -4.585275650024414,
            -9.00180435180664,
            5.585275650024414,
            0.3018041253089905,
            19.780113220214844,
            5.339912414550781,
            5.339912414550781,
            7.717678070068359,
            0.3370181918144226,
            0.2496565878391266,
            0.6171332597732544,
            0.09668224304914474,
            0.23621073365211487,
            0.16984735429286957,
            0.16984735429286957,
            0.29078102111816406,
            0.0,
            0.0,
            0.0,
            0.0,
            0.0,
            0.0,
            0.0,
            0.0,
            2.0,
            1.0,
            2.0,
            1.0,
            2.0,
            1.0,
            1.0,
            1.0,
            1.0,
            1.0,
            1.0,
            1.0,
            1.0,
            1.0,
            1.0,
            1.0,
            1.0,
            1.0,
            1.0,
            1.0,
            1.0
        ]
    ],
    "eval_steps": 2016
}