{
    "eval_rewards": [
        [
            0.0,
            0.17213486766188663,
            0.0
        ],
        [
            1.0,
            0.5321017516932872,
            0.0
        ]
    ],
    "eval_actions": [
        18,
        3
    ],
    "eval_states": [
        [
            5.699999809265137,
            24.110851287841797,
            10.199999809265137,
            9.699999809265137,
            8.600000381469727,
            7.992387294769287,
            3.7460713386535645,
            -2.3706204891204834,
            -3.7368009090423584,
            -15.986557960510254,
            -6.100274562835693,
            -6.100274562835693,
            -4.863199234008789,
            -7.133542060852051,
            -3.7402894496917725,
            2.633542060852051,
            3.7402894496917725,
            16.11846351623535,
            6.120243072509766,
            6.120243072509766,
            4.871169567108154,
            0.5436249375343323,
            0.10051456838846207,
            0.9032382965087891,
            0.13820752501487732,
            0.3140656054019928,
            0.2514069974422455,
            0.2514069974422455,
            0.18107065558433533,
            0.0,
            0.0,
            0.0,
            0.0,
            0.0,
            0.0,
            0.0,
            0.0,
            2.0,
            1.0,
            2.0,
            1.0,
            2.0,
            2.0,
            1.0,
            1.0,
            1.0,
            1.0,
            1.0,
            1.0,
            1.0,
            1.0,
            1.0,
            1.0,
            1.0,
            1.0,
            1.0,
            1.0,
            1.0
        ],
        [
            1.0,
            25.463029861450195,
            8.800000190734863,
            8.600000381469727,
            7.599999904632568,
            7.13599967956543,
            -1.9662368297576904,
            -5.111621379852295,
            8.82564926147461,
            -18.062114715576172,
            -9.997919082641602,
            -9.997919082641602,
            -16.425649642944336,
            -6.443768501281738,
            2.182133436203003,
            5.2616353034973145,
            -8.800000190734863,
            18.327030181884766,
            10.014175415039062,
            10.014175415039062,
            16.50745964050293,
            0.4867410361766815,
            0.6804680824279785,
            0.667699933052063,
            0.3865030109882355,
            0.4430336654186249,
            0.22311796247959137,
            0.22311796247959137,
            0.6254432797431946,
            0.0,
            0.0,
            0.0,
            0.0,
            0.0,
            0.0,
            0.0,
            0.0,
            2.0,
            2.0,
            2.0,
            1.0,
            2.0,
            1.0,
            1.0,
            1.0,
            1.0,
            1.0,
            1.0,
            1.0,
            1.0,
            1.0,
            1.0,
            1.0,
            1.0,
            1.0,
            1.0,
            1.0,
            1.0
        ]
    ],
    "eval_steps": 2016
}