{
    "eval_rewards": [
        [
            0.0,
            0.24774031975929825,
            0.0
        ],
        [
            0.0,
            0.002236402012767232,
            0.0
        ],
        [
            0.0,
            0.00413046547823732,
            0.0
        ],
        [
            1.0,
            0.6223239863130136,
            0.0
        ]
    ],
    "eval_actions": [
        7,
        37,
        23,
        26
    ],
    "eval_states": [
        [
            1.2000000476837158,
            29.30265998840332,
            10.100000381469727,
            9.899999618530273,
            8.399999618530273,
            9.090909957885742,
            -1.1454010009765625,
            10.145186424255371,
            -7.560567378997803,
            -19.84961700439453,
            -10.480637550354004,
            -10.480637550354004,
            -0.839432418346405,
            -7.9950480461120605,
            1.5147509574890137,
            -10.100000381469727,
            7.680296897888184,
            20.211750030517578,
            10.497509002685547,
            10.497509002685547,
            0.9160884618759155,
            0.6157366633415222,
            0.9020529389381409,
            0.43764883279800415,
            0.7338324189186096,
            0.5170345902442932,
            0.2265576869249344,
            0.2265576869249344,
            0.6718038320541382,
            0.0,
            0.0,
            0.0,
            0.0,
            0.0,
            0.0,
            0.0,
            0.0,
            2.0,
            2.0,
            1.0,
            2.0,
            2.0,
            1.0,
            1.0,
            1.0,
            1.0,
            1.0,
            1.0,
            1.0,
            1.0,
            1.0,
            1.0,
            1.0,
            1.0,
            1.0,
            1.0,
            1.0,
            1.0
        ],
        [
            1.2000000476837158,
            28.95426368713379,
            10.199999809265137,
            10.0,
            8.600000381469727,
            8.11648941040039,
            4.629248915623274e-13,
            10.246706008911133,
            -8.25499153137207,
            -20.75115203857422,
            -10.355871200561523,
            -10.355871200561523,
            -0.3450092673301697,
            -7.23216438293457,
            0.0006492077955044806,
            -10.199999809265137,
            8.431514739990234,
            20.8377742767334,
            10.37557601928711,
            10.37557601928711,
            0.46503669023513794,
            0.5518191456794739,
            0.07894150167703629,
            0.4449346959590912,
            0.9001134037971497,
            0.25397971272468567,
            0.24598073959350586,
            0.24598073959350586,
            0.8285067677497864,
            0.0,
            0.0,
            0.0,
            0.0,
            0.0,
            0.0,
            0.0,
            0.0,
            2.0,
            2.0,
            1.0,
            2.0,
            2.0,
            1.0,
            1.0,
            1.0,
            1.0,
            2.0,
            1.0,
            1.0,
            1.0,
            1.0,
            1.0,
            1.0,
            1.0,
            1.0,
            1.0,
            1.0,
            1.0
        ],
        [
            1.100000023841858,
            29.95100975036621,
            10.600000381469727,
            10.199999809265137,
            8.800000190734863,
            8.47105884552002,
            9.209105917076799e-13,
            10.642217636108398,
            -8.432868957519531,
            -21.37687110900879,
            -10.664994239807129,
            -10.664994239807129,
            -0.36713120341300964,
            -7.512102127075195,
            0.0006397021352313459,
            -10.600640296936035,
            8.612102508544922,
            21.479949951171875,
            10.688435554504395,
            10.688435554504395,
            0.48777052760124207,
            0.5751632452011108,
            0.07836145162582397,
            0.4060598909854889,
            0.9074190855026245,
            0.2770150601863861,
            0.2683487832546234,
            0.2683487832546234,
            0.8304895162582397,
            0.0,
            0.0,
            0.0,
            0.0,
            0.0,
            0.0,
            0.0,
            0.0,
            2.0,
            1.0,
            1.0,
            2.0,
            2.0,
            1.0,
            1.0,
            1.0,
            1.0,
            2.0,
            1.0,
            1.0,
            1.0,
            1.0,
            1.0,
            1.0,
            1.0,
            1.0,
            1.0,
            1.0,
            1.0
        ],
        [
            1.0,
            25.107995986938477,
            8.800000190734863,
            8.600000381469727,
            7.599999904632568,
            8.839313507080078,
            -9.244222141241432e-13,
            2.234358787536621,
            -2.2248268127441406,
            -16.23356819152832,
            -8.108441352844238,
            -8.108441352844238,
            -5.375173091888428,
            -7.800000190734863,
            0.0006445837789215147,
            -2.2295398712158203,
            2.228895425796509,
            16.2686824798584,
            8.11678409576416,
            8.11678409576416,
            5.382524013519287,
            0.5993039608001709,
            0.07865986973047256,
            0.08724340051412582,
            0.10663340240716934,
            0.1609625369310379,
            0.15754127502441406,
            0.15754127502441406,
            0.20580235123634338,
            0.0,
            0.0,
            0.0,
            0.0,
            0.0,
            0.0,
            0.0,
            0.0,
            2.0,
            1.0,
            1.0,
            1.0,
            2.0,
            2.0,
            1.0,
            1.0,
            1.0,
            2.0,
            1.0,
            1.0,
            1.0,
            1.0,
            1.0,
            1.0,
            1.0,
            1.0,
            1.0,
            1.0,
            1.0
        ]
    ],
    "eval_steps": 2016
}