{
    "eval_rewards": [
        [
            0.0,
            0.03091846025886822,
            0.0
        ],
        [
            0.0,
            0.00026729837007754496,
            -1.0
        ],
        [
            0.0,
            0.011461383710781295,
            0.0
        ],
        [
            0.0,
            0.0003447282840187564,
            -1.0
        ],
        [
            0.030257936507936508,
            0.0,
            -1.0
        ]
    ],
    "eval_actions": [
        10,
        22,
        15,
        10,
        17
    ],
    "eval_states": [
        [
            0.6000000238418579,
            24.074377059936523,
            8.0,
            7.699999809265137,
            7.400000095367432,
            8.402764320373535,
            0.31412893533706665,
            2.1723034381866455,
            -2.1678967475891113,
            -15.439519882202148,
            -7.5556182861328125,
            -7.5556182861328125,
            -5.23210334777832,
            -7.458392143249512,
            0.05839239060878754,
            -2.1701173782348633,
            2.1701173782348633,
            15.671612739562988,
            7.562695503234863,
            7.562695503234863,
            5.2389326095581055,
            0.5706745982170105,
            0.9060509204864502,
            0.080827996134758,
            0.080827996134758,
            0.41515040397644043,
            0.1436195820569992,
            0.1436195820569992,
            0.1894393265247345,
            0.0,
            0.0,
            0.0,
            0.0,
            0.0,
            0.0,
            0.0,
            0.0,
            2.0,
            2.0,
            1.0,
            1.0,
            2.0,
            2.0,
            1.0,
            1.0,
            1.0,
            1.0,
            1.0,
            1.0,
            1.0,
            1.0,
            1.0,
            1.0,
            1.0,
            1.0,
            1.0,
            1.0,
            1.0
        ],
        [
            0.6000000238418579,
            25.40644073486328,
            8.100000381469727,
            7.800000190734863,
            7.400000095367432,
            12.400951385498047,
            1.155350685119629,
            -1.1478362083435059,
            -2.675523281097412,
            -12.821181297302246,
            -5.804269313812256,
            -5.804269313812256,
            -4.7244768142700195,
            -10.442070007324219,
            -1.148842453956604,
            1.148842453956604,
            2.9420700073242188,
            13.005489349365234,
            5.832915306091309,
            5.832915306091309,
            4.9563751220703125,
            0.8275566697120667,
            0.08717520534992218,
            0.11986590921878815,
            1.1141808032989502,
            0.3706715404987335,
            0.29944342374801636,
            0.29944342374801636,
            1.1322309970855713,
            0.0,
            0.0,
            0.0,
            1.0,
            0.0,
            0.0,
            0.0,
            1.0,
            2.0,
            1.0,
            1.0,
            2.0,
            2.0,
            2.0,
            1.0,
            1.0,
            1.0,
            1.0,
            1.0,
            1.0,
            1.0,
            1.0,
            1.0,
            1.0,
            1.0,
            1.0,
            1.0,
            1.0,
            1.0
        ],
        [
            0.6000000238418579,
            29.795198440551758,
            9.800000190734863,
            9.399999618530273,
            9.100000381469727,
            9.64460277557373,
            9.83450698852539,
            -2.3460841178894043,
            -6.291478633880615,
            -19.89329719543457,
            -4.969771862030029,
            -4.969771862030029,
            -2.8085217475891113,
            -8.419646263122559,
            -9.800000190734863,
            2.608212947845459,
            6.411433219909668,
            20.150596618652344,
            5.029394626617432,
            5.029394626617432,
            2.8856284618377686,
            0.6517297625541687,
            0.3083508312702179,
            0.9017669558525085,
            0.7335547208786011,
            0.4365699291229248,
            0.4272997975349426,
            0.4272997975349426,
            0.6731271147727966,
            0.0,
            0.0,
            0.0,
            0.0,
            0.0,
            0.0,
            0.0,
            0.0,
            2.0,
            1.0,
            2.0,
            2.0,
            2.0,
            1.0,
            1.0,
            1.0,
            1.0,
            1.0,
            1.0,
            1.0,
            1.0,
            1.0,
            1.0,
            1.0,
            1.0,
            1.0,
            1.0,
            1.0,
            1.0
        ],
        [
            0.6000000238418579,
            29.962751388549805,
            9.800000190734863,
            9.199999809265137,
            9.100000381469727,
            10.670463562011719,
            0.6201415061950684,
            2.6719560623168945,
            -2.665968418121338,
            -18.957876205444336,
            -9.158318519592285,
            -9.158318519592285,
            -6.434031963348389,
            -9.18979549407959,
            -0.010204670950770378,
            -2.669182538986206,
            2.669182538986206,
            19.292287826538086,
            9.168868064880371,
            9.168868064880371,
            6.444680690765381,
            0.7178094983100891,
            1.1703979969024658,
            0.1017901748418808,
            0.1017901748418808,
            0.49709227681159973,
            0.1734224557876587,
            0.1734224557876587,
            0.22872252762317657,
            0.0,
            1.0,
            0.0,
            0.0,
            0.0,
            0.0,
            0.0,
            0.0,
            2.0,
            2.0,
            1.0,
            1.0,
            2.0,
            2.0,
            1.0,
            1.0,
            1.0,
            1.0,
            1.0,
            1.0,
            1.0,
            1.0,
            1.0,
            1.0,
            1.0,
            1.0,
            1.0,
            1.0,
            1.0
        ],
        [
            0.0,
            0.0,
            0.0,
            0.0,
            0.0,
            0.0,
            0.0,
            0.0,
            0.0,
            0.0,
            0.0,
            0.0,
            0.0,
            0.0,
            0.0,
            0.0,
            0.0,
            0.0,
            0.0,
            0.0,
            0.0,
            0.0,
            0.0,
            0.0,
            0.0,
            0.0,
            0.0,
            0.0,
            0.0,
            0.0,
            0.0,
            0.0,
            0.0,
            0.0,
            0.0,
            0.0,
            0.0,
            -1.0,
            -1.0,
            -1.0,
            -1.0,
            -1.0,
            -1.0,
            -1.0,
            -1.0,
            -1.0,
            -1.0,
            -1.0,
            -1.0,
            -1.0,
            -1.0,
            -1.0,
            -1.0,
            -1.0,
            -1.0,
            -1.0,
            -1.0,
            -1.0
        ]
    ],
    "eval_steps": 122
}