{"Action dimension": 99, "_timestamp": 1720507482.0220716, "_runtime": 57.906121492385864, "_step": 1, "Observation dimension": [58], "_wandb": {"runtime": 5}}