{
    "eval_chronic": "C:\\Users\\thoma\\data_grid2op\\rte_case5_example_val\\chronics\\19",
    "eval_rewards": [
        [
            0.00022886861337522408,
            0.14285714285714285,
            -1.0
        ],
        [
            0.0003479346390478128,
            0.3333333333333333,
            -1.0
        ],
        [
            0.00042379442603748536,
            0.47619047619047616,
            -1.0
        ],
        [
            0.02604116282617363,
            27.04761904761902,
            -1.0
        ],
        [
            0.0,
            0.0,
            -1.0
        ]
    ],
    "eval_actions": [
        31,
        18,
        47,
        37,
        35
    ],
    "eval_states": [
        [
            2.0,
            25.800434112548828,
            8.600000381469727,
            8.199999809265137,
            7.800000190734863,
            11.375960350036621,
            3.3511319160461426,
            -1.0986665487289429,
            -4.721121311187744,
            -13.714180946350098,
            -10.22237777709961,
            5.799335121992044e-05,
            -3.07887864112854,
            -9.707298278808594,
            -2.9159696102142334,
            1.2376306056976318,
            4.785636901855469,
            14.424474716186523,
            10.363049507141113,
            -2.7823520397374235e-12,
            3.120986223220825,
            0.7628076672554016,
            0.982571005821228,
            0.6378321051597595,
            0.5257518887519836,
            0.7220473289489746,
            0.6493295431137085,
            5.2691710586763585e-14,
            0.5092878937721252,
            0.0,
            0.0,
            0.0,
            0.0,
            0.0,
            0.0,
            0.0,
            0.0,
            1.0,
            1.0,
            1.0,
            1.0,
            1.0,
            1.0,
            1.0,
            1.0,
            1.0,
            2.0,
            2.0,
            2.0,
            1.0,
            1.0,
            1.0,
            1.0,
            1.0,
            1.0,
            1.0,
            1.0,
            1.0
        ],
        [
            1.899999976158142,
            24.68266487121582,
            8.600000381469727,
            8.199999809265137,
            7.800000190734863,
            10.193220138549805,
            4.140908718109131,
            -1.7977203130722046,
            -4.1234846115112305,
            -14.32353687286377,
            -10.088159561157227,
            5.790307477582246e-05,
            -3.6765153408050537,
            -8.834149360656738,
            -4.128934860229492,
            2.1341493129730225,
            4.128934860229492,
            14.489444732666016,
            10.182628631591797,
            -9.239232642843653e-13,
            3.6858222484588623,
            0.6871652007102966,
            0.1410544067621231,
            1.030516505241394,
            0.19394980370998383,
            0.3518480956554413,
            0.5340573191642761,
            1.8041920361129213e-14,
            0.18088017404079437,
            0.0,
            0.0,
            1.0,
            0.0,
            0.0,
            0.0,
            0.0,
            0.0,
            2.0,
            1.0,
            2.0,
            1.0,
            2.0,
            2.0,
            1.0,
            1.0,
            1.0,
            2.0,
            2.0,
            2.0,
            1.0,
            1.0,
            1.0,
            1.0,
            1.0,
            1.0,
            1.0,
            1.0,
            1.0
        ],
        [
            1.899999976158142,
            26.751453399658203,
            8.5,
            8.0,
            7.900000095367432,
            18.825300216674805,
            3.282235622406006,
            -8.0000581741333,
            -3.2754809856414795,
            -7.915089130401611,
            -4.630050182342529,
            5.780815990874544e-05,
            -4.624518871307373,
            -14.624368667602539,
            -3.2788748741149902,
            8.024368286132812,
            3.2788748741149902,
            7.926153182983398,
            4.6328535079956055,
            -7.424193807740054e-15,
            4.630050182342529,
            1.21786367893219,
            0.08498891443014145,
            0.2841809391975403,
            0.11685975641012192,
            0.09302235394716263,
            0.09376315027475357,
            4.3758086279324475e-15,
            0.16469669342041016,
            1.0,
            0.0,
            0.0,
            0.0,
            0.0,
            0.0,
            0.0,
            0.0,
            2.0,
            1.0,
            2.0,
            1.0,
            2.0,
            2.0,
            1.0,
            1.0,
            1.0,
            2.0,
            2.0,
            2.0,
            1.0,
            2.0,
            1.0,
            2.0,
            1.0,
            2.0,
            1.0,
            1.0,
            1.0
        ],
        [
            1.7999999523162842,
            24.100175857543945,
            8.5,
            8.0,
            7.699999809265137,
            9.378547668457031,
            4.632244566225852e-13,
            -1.238093376159668,
            0.0054740943014621735,
            -14.576329231262207,
            -7.7209930419921875,
            -6.761906623840332,
            -7.705473899841309,
            -8.216415405273438,
            0.0006441241130232811,
            1.516414999961853,
            -0.0006441241130232811,
            14.721627235412598,
            7.730151176452637,
            6.84617805480957,
            7.7209930419921875,
            0.6344637870788574,
            0.07863181829452515,
            0.9310508966445923,
            0.10811875015497208,
            0.3295557200908661,
            0.16860957443714142,
            0.5055248141288757,
            0.29490548372268677,
            0.0,
            0.0,
            0.0,
            0.0,
            0.0,
            0.0,
            0.0,
            0.0,
            2.0,
            1.0,
            2.0,
            1.0,
            2.0,
            2.0,
            1.0,
            1.0,
            1.0,
            2.0,
            1.0,
            1.0,
            1.0,
            2.0,
            1.0,
            2.0,
            1.0,
            2.0,
            1.0,
            1.0,
            1.0
        ],
        [
            0.0,
            0.0,
            0.0,
            0.0,
            0.0,
            0.0,
            0.0,
            0.0,
            0.0,
            0.0,
            0.0,
            0.0,
            0.0,
            0.0,
            0.0,
            0.0,
            0.0,
            0.0,
            0.0,
            0.0,
            0.0,
            0.0,
            0.0,
            0.0,
            0.0,
            0.0,
            0.0,
            0.0,
            0.0,
            0.0,
            0.0,
            0.0,
            0.0,
            0.0,
            0.0,
            0.0,
            0.0,
            -1.0,
            -1.0,
            -1.0,
            -1.0,
            -1.0,
            -1.0,
            -1.0,
            -1.0,
            -1.0,
            -1.0,
            -1.0,
            -1.0,
            -1.0,
            -1.0,
            -1.0,
            -1.0,
            -1.0,
            -1.0,
            -1.0,
            -1.0,
            -1.0
        ]
    ],
    "eval_steps": 75
}