{
    "eval_chronic": "C:\\Users\\thoma\\data_grid2op\\rte_case5_example_val\\chronics\\12",
    "eval_rewards": [
        [
            0.020304859403312288,
            7.9999999999999885,
            -1.0
        ],
        [
            0.00030849329206167895,
            0.09523809523809523,
            -1.0
        ],
        [
            0.00018754349477885125,
            0.19047619047619047,
            -1.0
        ],
        [
            0.00018238855878153145,
            0.09523809523809523,
            -1.0
        ],
        [
            0.00022046882426441958,
            0.19047619047619047,
            -1.0
        ],
        [
            0.8871950001269503,
            826.2857142857326,
            -1.0
        ]
    ],
    "eval_actions": [
        48,
        50,
        41,
        48,
        36,
        2
    ],
    "eval_states": [
        [
            0.30000001192092896,
            27.11490821838379,
            7.800000190734863,
            8.300000190734863,
            8.100000381469727,
            11.231125831604004,
            2.574795722961426,
            1.4399030208587646,
            -5.470755577087402,
            -15.11562728881836,
            -10.99609375,
            -1.4399030208587646,
            -2.629244804382324,
            -9.601850509643555,
            -2.1859941482543945,
            -1.2824227809906006,
            5.570267200469971,
            15.883782386779785,
            11.030598640441895,
            1.5102324485778809,
            2.696094036102295,
            0.7535988688468933,
            0.9265605807304382,
            0.68340665102005,
            0.6638064980506897,
            0.7506129741668701,
            0.3253147304058075,
            0.4633224904537201,
            0.6300647258758545,
            0.0,
            0.0,
            0.0,
            0.0,
            0.0,
            0.0,
            0.0,
            0.0,
            1.0,
            1.0,
            1.0,
            1.0,
            1.0,
            1.0,
            1.0,
            1.0,
            1.0,
            1.0,
            1.0,
            1.0,
            1.0,
            2.0,
            1.0,
            2.0,
            1.0,
            1.0,
            1.0,
            1.0,
            1.0
        ],
        [
            0.5,
            28.391040802001953,
            8.199999809265137,
            8.300000190734863,
            8.399999618530273,
            13.999211311340332,
            5.613091468811035,
            -2.463672161102295,
            -5.939129829406738,
            -13.918681144714355,
            -4.150000095367432,
            -4.150000095367432,
            -2.460869550704956,
            -11.548850059509277,
            -4.565347671508789,
            2.466149091720581,
            5.948049068450928,
            14.391828536987305,
            4.15279483795166,
            4.15279483795166,
            2.463672161102295,
            0.927090048789978,
            1.5463483333587646,
            0.13603506982326508,
            0.2111755907535553,
            0.5904222130775452,
            0.08424265682697296,
            0.08424265682697296,
            0.09316440671682358,
            0.0,
            1.0,
            0.0,
            0.0,
            0.0,
            0.0,
            0.0,
            0.0,
            1.0,
            1.0,
            1.0,
            1.0,
            1.0,
            1.0,
            1.0,
            1.0,
            1.0,
            1.0,
            1.0,
            1.0,
            1.0,
            2.0,
            1.0,
            1.0,
            2.0,
            1.0,
            1.0,
            1.0,
            1.0
        ],
        [
            0.5,
            28.660249710083008,
            8.199999809265137,
            8.5,
            8.5,
            12.761329650878906,
            3.8421378135681152,
            -1.0164755582809448,
            -5.025087356567383,
            -15.018776893615723,
            -11.011436462402344,
            -2.4523964927352466e-15,
            -3.474912643432617,
            -10.695711135864258,
            -3.304178476333618,
            1.1929194927215576,
            5.106970310211182,
            15.898921012878418,
            11.176581382751465,
            5.8077243011211976e-05,
            3.527912139892578,
            0.850149393081665,
            1.096885085105896,
            0.727357804775238,
            0.5978833436965942,
            0.8030375838279724,
            0.702522873878479,
            0.02588607557117939,
            0.5655788779258728,
            0.0,
            2.0,
            0.0,
            0.0,
            0.0,
            0.0,
            0.0,
            0.0,
            1.0,
            1.0,
            1.0,
            1.0,
            1.0,
            1.0,
            1.0,
            1.0,
            1.0,
            1.0,
            1.0,
            1.0,
            1.0,
            2.0,
            2.0,
            1.0,
            2.0,
            2.0,
            1.0,
            1.0,
            1.0
        ],
        [
            0.5,
            28.313764572143555,
            8.399999618530273,
            8.399999618530273,
            8.5,
            11.781584739685059,
            2.7430315017700195,
            1.532112717628479,
            -5.665383815765381,
            -15.696885108947754,
            -11.308175086975098,
            -1.532112717628479,
            -2.8346164226531982,
            -10.000463485717773,
            -2.3159701824188232,
            -1.3586235046386719,
            5.775058269500732,
            16.53217887878418,
            11.345064163208008,
            1.6087889671325684,
            2.908175468444824,
            0.7885189056396484,
            0.9729745388031006,
            0.7206999063491821,
            0.6991380453109741,
            0.7824580669403076,
            0.33606991171836853,
            0.48320555686950684,
            0.6585448980331421,
            0.0,
            0.0,
            0.0,
            0.0,
            0.0,
            0.0,
            0.0,
            0.0,
            1.0,
            1.0,
            1.0,
            1.0,
            1.0,
            1.0,
            1.0,
            1.0,
            1.0,
            1.0,
            1.0,
            1.0,
            1.0,
            2.0,
            1.0,
            2.0,
            1.0,
            1.0,
            1.0,
            1.0,
            1.0
        ],
        [
            0.5,
            28.724815368652344,
            8.300000190734863,
            8.5,
            8.600000381469727,
            15.156376838684082,
            -6.118303281255066e-05,
            4.093859388376586e-05,
            -4.143649101257324,
            -13.413666725158691,
            -13.269752502441406,
            -4.093859388376586e-05,
            -4.456351280212402,
            -12.321733474731445,
            0.001962820766493678,
            0.0016783758765086532,
            4.518092155456543,
            13.568439483642578,
            13.413666725158691,
            6.118303281255066e-05,
            4.769752025604248,
            0.9981100559234619,
            0.10702494531869888,
            0.14715801179409027,
            1.3296655416488647,
            0.34007206559181213,
            0.656212568283081,
            0.02059341035783291,
            1.3086159229278564,
            0.0,
            0.0,
            0.0,
            1.0,
            0.0,
            0.0,
            0.0,
            1.0,
            1.0,
            1.0,
            1.0,
            1.0,
            1.0,
            1.0,
            1.0,
            1.0,
            1.0,
            2.0,
            1.0,
            1.0,
            2.0,
            2.0,
            1.0,
            2.0,
            1.0,
            1.0,
            1.0,
            1.0,
            1.0
        ],
        [
            0.5,
