{
    "eval_chronic": "C:\\Users\\thoma\\data_grid2op\\rte_case5_example_val\\chronics\\19",
    "eval_rewards": [
        [
            0.0003600346294760026,
            0.19047619047619047,
            -1.0
        ],
        [
            0.0,
            0.0,
            -1.0
        ]
    ],
    "eval_actions": [
        18,
        17
    ],
    "eval_states": [
        [
            2.0,
            24.26836395263672,
            8.600000381469727,
            8.199999809265137,
            7.800000190734863,
            9.153416633605957,
            3.430880308151245,
            -1.1158696413040161,
            -3.4220712184906006,
            -14.951424598693848,
            -5.734500885009766,
            -5.734500885009766,
            -4.377928733825684,
            -8.043299674987793,
            -3.4249887466430664,
            1.443299412727356,
            3.4249887466430664,
            15.114947319030762,
            5.760272026062012,
            5.760272026062012,
            4.384871482849121,
            0.6198116540908813,
            0.0970480740070343,
            1.0156275033950806,
            0.13344110548496246,
            0.34929680824279785,
            0.2845545709133148,
            0.2845545709133148,
            0.16540899872779846,
            0.0,
            0.0,
            1.0,
            0.0,
            0.0,
            0.0,
            0.0,
            0.0,
            2.0,
            1.0,
            2.0,
            1.0,
            2.0,
            2.0,
            1.0,
            1.0,
            1.0,
            1.0,
            1.0,
            1.0,
            1.0,
            1.0,
            1.0,
            1.0,
            1.0,
            1.0,
            1.0,
            1.0,
            1.0
        ],
        [
            0.0,
            0.0,
            0.0,
            0.0,
            0.0,
            0.0,
            0.0,
            0.0,
            0.0,
            0.0,
            0.0,
            0.0,
            0.0,
            0.0,
            0.0,
            0.0,
            0.0,
            0.0,
            0.0,
            0.0,
            0.0,
            0.0,
            0.0,
            0.0,
            0.0,
            0.0,
            0.0,
            0.0,
            0.0,
            0.0,
            0.0,
            0.0,
            0.0,
            0.0,
            0.0,
            0.0,
            0.0,
            -1.0,
            -1.0,
            -1.0,
            -1.0,
            -1.0,
            -1.0,
            -1.0,
            -1.0,
            -1.0,
            -1.0,
            -1.0,
            -1.0,
            -1.0,
            -1.0,
            -1.0,
            -1.0,
            -1.0,
            -1.0,
            -1.0,
            -1.0,
            -1.0
        ]
    ],
    "eval_steps": 2
}