{
    "eval_chronic": "C:\\Users\\thoma\\data_grid2op\\rte_case5_example_val\\chronics\\19",
    "eval_rewards": [
        [
            0.0439852481012012,
            -17.428571428571406,
            -1.0
        ],
        [
            0.0003009399848937882,
            -0.2857142857142857,
            -1.0
        ],
        [
            0.0,
            0.0,
            -1.0
        ]
    ],
    "eval_actions": [
        24,
        47,
        4
    ],
    "eval_states": [
        [
            2.0,
            23.16961669921875,
            8.600000381469727,
            8.199999809265137,
            7.800000190734863,
            11.293083190917969,
            0.19136935472488403,
            -1.8939123153686523,
            -2.644883155822754,
            -11.69424057006836,
            -5.745479583740234,
            -5.745479583740234,
            -5.155117034912109,
            -11.258390426635742,
            -0.01565445587038994,
            2.0156545639038086,
            2.6583902835845947,
            11.876533508300781,
            5.75143575668335,
            5.75143575668335,
            5.184871673583984,
            0.1085955798625946,
            0.6099115014076233,
            0.592920184135437,
            0.30737578868865967,
            0.3687324523925781,
            0.13873353600502014,
            0.13873353600502014,
            0.34645456075668335,
            0.0,
            0.0,
            0.0,
            0.0,
            0.0,
            0.0,
            0.0,
            0.0,
            2.0,
            1.0,
            1.0,
            2.0,
            1.0,
            2.0,
            1.0,
            1.0,
            1.0,
            1.0,
            1.0,
            1.0,
            1.0,
            1.0,
            1.0,
            1.0,
            1.0,
            1.0,
            1.0,
            1.0,
            1.0
        ],
        [
            0.6000000238418579,
            28.69569969177246,
            9.899999618530273,
            9.199999809265137,
            9.0,
            13.175215721130371,
            1.5770732164382935,
            -1.544478416442871,
            -3.212369918823242,
            -15.13165283203125,
            -5.827023506164551,
            -7.655521392822266,
            -5.787630081176758,
            -13.12930679321289,
            -1.147249698638916,
            1.747249722480774,
            3.229307174682617,
            15.52048397064209,
            5.841558456420898,
            7.713021278381348,
            5.827023506164551,
            0.12592646479606628,
            0.976189374923706,
            0.7847596406936646,
            0.33813974261283875,
            0.5357499718666077,
            0.19398333132266998,
            0.419364869594574,
            0.40455880761146545,
            0.0,
            0.0,
            0.0,
            0.0,
            0.0,
            0.0,
            0.0,
            0.0,
            2.0,
            1.0,
            1.0,
            2.0,
            1.0,
            2.0,
            1.0,
            1.0,
            1.0,
            1.0,
            1.0,
            1.0,
            1.0,
            2.0,
            1.0,
            2.0,
            1.0,
            2.0,
            1.0,
            1.0,
            1.0
        ],
        [
            0.0,
            0.0,
            0.0,
            0.0,
            0.0,
            0.0,
            0.0,
            0.0,
            0.0,
            0.0,
            0.0,
            0.0,
            0.0,
            0.0,
            0.0,
            0.0,
            0.0,
            0.0,
            0.0,
            0.0,
            0.0,
            0.0,
            0.0,
            0.0,
            0.0,
            0.0,
            0.0,
            0.0,
            0.0,
            0.0,
            0.0,
            0.0,
            0.0,
            0.0,
            0.0,
            0.0,
            0.0,
            -1.0,
            -1.0,
            -1.0,
            -1.0,
            -1.0,
            -1.0,
            -1.0,
            -1.0,
            -1.0,
            -1.0,
            -1.0,
            -1.0,
            -1.0,
            -1.0,
            -1.0,
            -1.0,
            -1.0,
            -1.0,
            -1.0,
            -1.0,
            -1.0
        ]
    ],
    "eval_steps": 124
}