{
    "eval_chronic": "C:\\Users\\thoma\\data_grid2op\\rte_case5_example_val\\chronics\\12",
    "eval_rewards": [
        [
            0.00011156636086869603,
            -0.14285714285714285,
            -1.0
        ],
        [
            0.0002876797828792506,
            -0.3333333333333333,
            -1.0
        ],
        [
            0.0002879587877604387,
            -0.3333333333333333,
            -1.0
        ],
        [
            0.00033014866001750023,
            -0.38095238095238093,
            -1.0
        ],
        [
            0.0,
            0.0,
            -1.0
        ]
    ],
    "eval_actions": [
        40,
        18,
        18,
        41,
        31
    ],
    "eval_states": [
        [
            0.30000001192092896,
            29.85245132446289,
            7.800000190734863,
            8.300000190734863,
            8.100000381469727,
            16.057865142822266,
            7.502284526824951,
            4.948437213897705,
            -16.42194938659668,
            -12.552275657653809,
            -2.4742186069488525,
            -2.4742186069488525,
            8.321949005126953,
            -12.907914161682129,
            -6.6310906410217285,
            -4.4638166427612305,
            16.50282096862793,
            13.794588088989258,
            2.5249955654144287,
            2.5249955654144287,
            -8.300000190734863,
            1.0528538227081299,
            1.4067620038986206,
            1.2508740425109863,
            0.6219797134399414,
            0.9529151320457458,
            0.39556121826171875,
            0.39556121826171875,
            0.35853591561317444,
            1.0,
            1.0,
            1.0,
            0.0,
            0.0,
            0.0,
            0.0,
            0.0,
            1.0,
            1.0,
            1.0,
            1.0,
            1.0,
            1.0,
            1.0,
            1.0,
            1.0,
            1.0,
            1.0,
            1.0,
            1.0,
            2.0,
            2.0,
            2.0,
            1.0,
            1.0,
            1.0,
            1.0,
            1.0
        ],
        [
            0.30000001192092896,
            25.7569637298584,
            8.0,
            8.100000381469727,
            8.199999809265137,
            8.927301406860352,
            16.48149299621582,
            0.1258416324853897,
            -16.321001052856445,
            -16.671937942504883,
            -0.06292081624269485,
            -0.06292081624269485,
            8.121002197265625,
            -7.868362903594971,
            -16.40114974975586,
            0.16836299002170563,
            16.40114974975586,
            16.829662322998047,
            0.0952228233218193,
            0.0952228233218193,
            -8.100000381469727,
            0.6050562858581543,
            0.45068690180778503,
            0.9590708613395691,
            0.6196944713592529,
            0.3429771661758423,
            0.3181762993335724,
            0.3181762993335724,
            0.3508365750312805,
            0.0,
            0.0,
            0.0,
            0.0,
            0.0,
            0.0,
            0.0,
            0.0,
            2.0,
            1.0,
            2.0,
            1.0,
            2.0,
            2.0,
            1.0,
            1.0,
            1.0,
            1.0,
            1.0,
            1.0,
            1.0,
            2.0,
            2.0,
            2.0,
            1.0,
            1.0,
            1.0,
            1.0,
            1.0
        ],
        [
            0.30000001192092896,
            25.738767623901367,
            7.900000095367432,
            8.100000381469727,
            8.300000190734863,
            8.860899925231934,
            16.584728240966797,
            0.07409584522247314,
            -16.421218872070312,
            -16.7227725982666,
            -0.03704792261123657,
            -0.03704792261123657,
            8.121219635009766,
            -7.816786766052246,
            -16.502944946289062,
            0.21678665280342102,
            16.502944946289062,
            16.877866744995117,
            0.06902234256267548,
            0.06902234256267548,
            -8.100000381469727,
            0.6007157564163208,
            0.4549533724784851,
            0.9532530903816223,
            0.6255608797073364,
            0.3401375710964203,
            0.3166244924068451,
            0.3166244924068451,
            0.35289162397384644,
            0.0,
            0.0,
            0.0,
            0.0,
            0.0,
            0.0,
            0.0,
            0.0,
            2.0,
            1.0,
            2.0,
            1.0,
            2.0,
            2.0,
            1.0,
            1.0,
            1.0,
            1.0,
            1.0,
            1.0,
            1.0,
            2.0,
            2.0,
            2.0,
            1.0,
            1.0,
            1.0,
            1.0,
            1.0
        ],
        [
            0.30000001192092896,
            26.098508834838867,
            7.800000190734863,
            8.100000381469727,
            8.199999809265137,
            11.042203903198242,
            4.326718807220459,
            -1.5661643743515015,
            -4.308010101318359,
            -14.865815162658691,
            -10.436334609985352,
            -1.8541292633178497e-12,
            -3.8919897079467773,
            -9.463691711425781,
            -4.313979625701904,
            1.9636914730072021,
            4.313979625701904,
            15.056304931640625,
            10.539037704467773,
            5.799774589831941e-05,
            3.902498722076416,
            0.7415645122528076,
            0.14662644267082214,
            1.126094102859497,
            0.20161135494709015,
            0.37662047147750854,
            0.5563445091247559,
            0.025868352502584457,
            0.19422820210456848,
            0.0,
            0.0,
            1.0,
            0.0,
            0.0,
            0.0,
            0.0,
            0.0,
            2.0,
            1.0,
            2.0,
            1.0,
            2.0,
            2.0,
            1.0,
            1.0,
            1.0,
            1.0,
            1.0,
            1.0,
            1.0,
            2.0,
            2.0,
            1.0,
            2.0,
            2.0,
            1.0,
            1.0,
            1.0
        ],
        [
            0.0,
            0.0,
            0.0,
            0.0,
            0.0,
            0.0,
            0.0,
            0.0,
            0.0,
            0.0,
            0.0,
            0.0,
            0.0,
            0.0,
            0.0,
            0.0,
            0.0,
            0.0,
            0.0,
            0.0,
            0.0,
            0.0,
            0.0,
            0.0,
            0.0,
            0.0,
            0.0,
            0.0,
            0.0,
            0.0,
            0.0,
            0.0,
            0.0,
            0.0,
            0.0,
            0.0,
            0.0,
            -1.0,
            -1.0,
            -1.0,
            -1.0,
            -1.0,
            -1.0,
            -1.0,
            -1.0,
            -1.0,
            -1.0,
            -1.0,
            -1.0,
            -1.0,
            -1.0,
            -1.0,
            -1.0,
            -1.0,
            -1.0,
            -1.0,
            -1.0,
            -1.0
        ]
    ],
    "eval_steps": 5
}