{
    "eval_chronic": "C:\\Users\\thoma\\data_grid2op\\rte_case5_example_val\\chronics\\19",
    "eval_rewards": [
        [
            0.024206537224631834,
            -11.238095238095232,
            -1.0
        ],
        [
            0.0,
            -0.047619047619047616,
            -1.0
        ],
        [
            0.017279259101529405,
            -11.428571428571422,
            -1.0
        ],
        [
            0.0076105807765933136,
            -3.6190476190476204,
            -1.0
        ],
        [
            0.0002454856103946569,
            -0.23809523809523808,
            -1.0
        ],
        [
            0.0002923041761801705,
            -0.14285714285714285,
            -1.0
        ],
        [
            0.0,
            0.0,
            -1.0
        ]
    ],
    "eval_actions": [
        8,
        29,
        7,
        16,
        2,
        24,
        25
    ],
    "eval_states": [
        [
            2.0,
            22.991369247436523,
            8.600000381469727,
            8.199999809265137,
            7.800000190734863,
            9.66545295715332,
            2.6929244995117188,
            -1.7587542533874512,
            -3.716780662536621,
            -13.259796142578125,
            -5.2686262130737305,
            -5.2686262130737305,
            -4.083219528198242,
            -9.635736465454102,
            -2.6869072914123535,
            2.0,
            3.7226436138153076,
            13.325915336608887,
            5.283435821533203,
            5.283435821533203,
            4.096006393432617,
            0.09803874790668488,
            0.1540290117263794,
            0.8622050285339355,
            0.20694582164287567,
            0.22368401288986206,
            0.21810035407543182,
            0.21810035407543182,
            0.21657416224479675,
            0.0,
            0.0,
            0.0,
            0.0,
            0.0,
            0.0,
            0.0,
            0.0,
            2.0,
            2.0,
            1.0,
            2.0,
            1.0,
            2.0,
            1.0,
            1.0,
            1.0,
            1.0,
            1.0,
            1.0,
            1.0,
            1.0,
            1.0,
            1.0,
            1.0,
            1.0,
            1.0,
            1.0,
            1.0
        ],
        [
            0.800000011920929,
            25.67758560180664,
            7.400000095367432,
            6.800000190734863,
            6.699999809265137,
            0.0004651914059650153,
            7.443720817565918,
            2.944828748703003,
            -1.4985705614089966,
            -22.95206069946289,
            -7.584583282470703,
            -7.584583282470703,
            -5.20142936706543,
            0.0,
            -6.048793792724609,
            -2.293095350265503,
            1.7418887615203857,
            25.677120208740234,
            7.7541704177856445,
            7.7541704177856445,
            5.424337863922119,
            0.0,
            1.7903398275375366,
            1.4610501527786255,
            1.0622453689575195,
            1.4082024097442627,
            0.7120707631111145,
            0.7120707631111145,
            1.110877513885498,
            0.0,
            1.0,
            1.0,
            1.0,
            1.0,
            0.0,
            0.0,
            1.0,
            2.0,
            1.0,
            1.0,
            1.0,
            1.0,
            1.0,
            1.0,
            1.0,
            1.0,
            1.0,
            1.0,
            1.0,
            1.0,
            1.0,
            1.0,
            1.0,
            1.0,
            1.0,
            1.0,
            1.0,
            1.0
        ],
        [
            0.800000011920929,
            21.01265525817871,
            7.199999809265137,
            6.800000190734863,
            6.699999809265137,
            6.519835472106934,
            -0.7781972289085388,
            7.221580505371094,
            -5.715950012207031,
            -14.284278869628906,
            -7.521674633026123,
            -7.521674633026123,
            -0.9840496182441711,
            -5.937327861785889,
            0.962873637676239,
            -7.199999809265137,
            5.774454116821289,
            14.492819786071777,
            7.531238079071045,
            7.531238079071045,
            1.02176833152771,
            0.44544053077697754,
            0.626293957233429,
            0.3115667402744293,
            0.49995914101600647,
            0.3938601315021515,
            0.17312203347682953,
            0.17312203347682953,
            0.48563772439956665,
            0.0,
            0.0,
            0.0,
            0.0,
            0.0,
            0.0,
            0.0,
            0.0,
            2.0,
            2.0,
            1.0,
            2.0,
            2.0,
            1.0,
            1.0,
            1.0,
            1.0,
            1.0,
            1.0,
            1.0,
            1.0,
            1.0,
            1.0,
            1.0,
            1.0,
            1.0,
            1.0,
            1.0,
            1.0
        ],
        [
            0.6000000238418579,
            28.097957611083984,
            9.800000190734863,
            9.199999809265137,
            9.100000381469727,
            12.803423881530762,
            -0.2254585474729538,
            0.9433146715164185,
            -3.8886871337890625,
            -15.166333198547363,
            -7.684115886688232,
            -7.684115886688232,
            -5.211313247680664,
            -12.758562088012695,
            0.6000000238418579,
            -0.9345809817314148,
            3.8931431770324707,
            15.294533729553223,
            7.695896148681641,
            7.695896148681641,
            5.224916934967041,
            0.1237296387553215,
            0.9086166620254517,
            0.2445780336856842,
            0.17514446377754211,
            0.3097684383392334,
            0.17668399214744568,
            0.17668399214744568,
            0.2308466136455536,
            0.0,
            0.0,
            0.0,
            0.0,
            0.0,
            0.0,
            0.0,
            0.0,
            2.0,
            1.0,
            2.0,
            2.0,
            1.0,
            2.0,
            1.0,
            1.0,
            1.0,
            1.0,
            1.0,
            1.0,
            1.0,
            1.0,
            1.0,
            1.0,
            1.0,
            1.0,
            1.0,
            1.0,
            1.0
        ],
        [
            0.5,
            31.312999725341797,
            10.0,
            9.300000190734863,
            9.0,
            12.0661039352417,
            1.7696889638900757,
            -1.6183035373687744,
            0.0004612165503203869,
            -18.532655715942383,
            -8.351720809936523,
            -8.351720809936523,
            -9.00046157836914,
            -10.204224586486816,
            -1.2335020303726196,
            1.9377267360687256,
            -1.3868413795831147e-12,
            19.246896743774414,
            8.38148307800293,
            8.38148307800293,
            9.021743774414062,
            0.8064847588539124,
            1.0949132442474365,
            1.00235915184021,
            4.9398480369156755e-14,
            0.7239416241645813,
            0.30396759510040283,
            0.30396759510040283,
            0.32090458273887634,
            0.0,
            1.0,
            1.0,
            0.0,
            0.0,
            0.0,
            0.0,
            0.0,
            2.0,
            2.0,
            2.0,
            1.0,
            2.0,
            2.0,
            1.0,
            1.0,
            1.0,
            1.0,
            1.0,
            1.0,
            1.0,
            1.0,
            1.0,
            1.0,
            1.0,
            1.0,
