{
    "eval_chronic": "C:\\Users\\thoma\\data_grid2op\\rte_case5_example_val\\chronics\\12",
    "eval_rewards": [
        [
            0.02030485950529397,
            -7.9999999999999885,
            -1.0
        ],
        [
            0.0,
            0.0,
            -1.0
        ]
    ],
    "eval_actions": [
        44,
        29
    ],
    "eval_states": [
        [
            0.30000001192092896,
            27.11490821838379,
            7.800000190734863,
            8.300000190734863,
            8.100000381469727,
            11.231125831604004,
            2.574795722961426,
            1.4399030208587646,
            -5.470755577087402,
            -15.11562728881836,
            -1.4399030208587646,
            -10.99609375,
            -2.629244804382324,
            -9.601850509643555,
            -2.1859941482543945,
            -1.2824227809906006,
            5.570267200469971,
            15.883782386779785,
            1.5102324485778809,
            11.030598640441895,
            2.696094036102295,
            0.7535988688468933,
            0.9265605807304382,
            0.68340665102005,
            0.6638064980506897,
            0.7506129741668701,
            0.4633224904537201,
            0.3253147304058075,
            0.6300647258758545,
            0.0,
            0.0,
            0.0,
            0.0,
            0.0,
            0.0,
            0.0,
            0.0,
            1.0,
            1.0,
            1.0,
            1.0,
            1.0,
            1.0,
            1.0,
            1.0,
            1.0,
            1.0,
            1.0,
            1.0,
            1.0,
            2.0,
            2.0,
            1.0,
            1.0,
            1.0,
            1.0,
            1.0,
            1.0
        ],
        [
            0.0,
            0.0,
            0.0,
            0.0,
            0.0,
            0.0,
            0.0,
            0.0,
            0.0,
            0.0,
            0.0,
            0.0,
            0.0,
            0.0,
            0.0,
            0.0,
            0.0,
            0.0,
            0.0,
            0.0,
            0.0,
            0.0,
            0.0,
            0.0,
            0.0,
            0.0,
            0.0,
            0.0,
            0.0,
            0.0,
            0.0,
            0.0,
            0.0,
            0.0,
            0.0,
            0.0,
            0.0,
            -1.0,
            -1.0,
            -1.0,
            -1.0,
            -1.0,
            -1.0,
            -1.0,
            -1.0,
            -1.0,
            -1.0,
            -1.0,
            -1.0,
            -1.0,
            -1.0,
            -1.0,
            -1.0,
            -1.0,
            -1.0,
            -1.0,
            -1.0,
            -1.0
        ]
    ],
    "eval_steps": 85
}