{
    "eval_chronic": "C:\\Users\\thoma\\data_grid2op\\rte_case5_example_val\\chronics\\19",
    "eval_rewards": [
        [
            0.03207598088860369,
            -15.047619047619028,
            -1.0
        ],
        [
            0.00037189091768144043,
            -0.2857142857142857,
            -1.0
        ],
        [
            0.00037694548670809825,
            -0.19047619047619047,
            -1.0
        ],
        [
            0.00037137347963099826,
            -0.2857142857142857,
            -1.0
        ],
        [
            0.8902122236449878,
            -644.66666666667,
            -1.0
        ]
    ],
    "eval_actions": [
        10,
        48,
        38,
        48,
        37
    ],
    "eval_states": [
        [
            2.0,
            24.043027877807617,
            8.600000381469727,
            8.199999809265137,
            7.800000190734863,
            7.998982906341553,
            -0.19568248093128204,
            2.2898261547088623,
            -2.285078525543213,
            -15.83263874053955,
            -8.006200790405273,
            -8.006200790405273,
            -5.51492166519165,
            -7.138791561126709,
            0.538791298866272,
            -2.287553071975708,
            2.287553071975708,
            16.04404640197754,
            8.01416015625,
            8.01416015625,
            5.5225749015808105,
            0.5440607070922852,
            0.8679614067077637,
            0.08612536638975143,
            0.08612536638975143,
            0.3964269757270813,
            0.15157735347747803,
            0.15157735347747803,
            0.19770239293575287,
            0.0,
            0.0,
            0.0,
            0.0,
            0.0,
            0.0,
            0.0,
            0.0,
            2.0,
            2.0,
            1.0,
            1.0,
            2.0,
            2.0,
            1.0,
            1.0,
            1.0,
            1.0,
            1.0,
            1.0,
            1.0,
            1.0,
            1.0,
            1.0,
            1.0,
            1.0,
            1.0,
            1.0,
            1.0
        ],
        [
            0.6000000238418579,
            25.398900985717773,
            8.600000381469727,
            8.0,
            7.599999904632568,
            9.00322437286377,
            0.5016517639160156,
            3.497832775115967,
            -3.4882287979125977,
            -16.1374568939209,
            -12.116006851196289,
            -3.497832775115967,
            -4.111771106719971,
            -7.927221298217773,
            -0.07277882844209671,
            -3.4935271739959717,
            3.4935271739959717,
            16.395675659179688,
            12.13542652130127,
            3.5003793239593506,
            4.116006374359131,
            0.6100151538848877,
            0.9750483632087708,
            0.13719847798347473,
            0.13719847798347473,
            0.43756988644599915,
            0.23380447924137115,
            0.09446132928133011,
            0.1581374704837799,
            0.0,
            0.0,
            0.0,
            0.0,
            0.0,
            0.0,
            0.0,
            0.0,
            2.0,
            2.0,
            1.0,
            1.0,
            2.0,
            2.0,
            1.0,
            1.0,
            1.0,
            1.0,
            1.0,
            1.0,
            1.0,
            2.0,
            1.0,
            2.0,
            1.0,
            1.0,
            1.0,
            1.0,
            1.0
        ],
        [
            0.6000000238418579,
            25.62872886657715,
            8.699999809265137,
            7.900000095367432,
            7.800000190734863,
            9.106319427490234,
            0.5328441262245178,
            2.289827585220337,
            -2.285088300704956,
            -16.26053237915039,
            -7.8561859130859375,
            -7.8561859130859375,
            -5.514911651611328,
            -8.006950378417969,
            -0.09304928034543991,
            -2.2875313758850098,
            2.2875313758850098,
            16.522409439086914,
            7.86384391784668,
            7.86384391784668,
            5.5225443840026855,
            0.6167414784431458,
            0.9878852963447571,
            0.08577832579612732,
            0.08577832579612732,
            0.44061583280563354,
            0.14883916079998016,
            0.14883916079998016,
            0.19805476069450378,
            0.0,
            0.0,
            0.0,
            0.0,
            0.0,
            0.0,
            0.0,
            0.0,
            2.0,
            2.0,
            1.0,
            1.0,
            2.0,
            2.0,
            1.0,
            1.0,
            1.0,
            1.0,
            1.0,
            1.0,
            1.0,
            1.0,
            1.0,
            1.0,
            1.0,
            1.0,
            1.0,
            1.0,
            1.0
        ],
        [
            0.6000000238418579,
            25.489757537841797,
            8.5,
            8.0,
            7.800000190734863,
            8.973758697509766,
            0.4230968654155731,
            3.5661189556121826,
            -3.5561654567718506,
            -16.26007080078125,
            -12.248336791992188,
            -3.5661189556121826,
            -4.243834972381592,
            -7.904392719268799,
            0.00439260620623827,
            -3.5616519451141357,
            3.5616519451141357,
            16.51599884033203,
            12.268280982971191,
            3.568692684173584,
            4.2483367919921875,
            0.6080911159515381,
            0.9734106659889221,
            0.14008137583732605,
            0.14008137583732605,
            0.43564164638519287,
            0.23685786128044128,
            0.09476073086261749,
            0.16176682710647583,
            0.0,
            0.0,
            0.0,
            0.0,
            0.0,
            0.0,
            0.0,
            0.0,
            2.0,
            2.0,
            1.0,
            1.0,
            2.0,
            2.0,
            1.0,
            1.0,
            1.0,
            1.0,
            1.0,
            1.0,
            1.0,
            2.0,
            1.0,
            2.0,
            1.0,
            1.0,
            1.0,
            1.0,
            1.0
        ],
        [
            0.6000000238418579,
            25.427810668945312,
            8.800000190734863,
            8.199999809265137,
            7.800000190734863,
            9.357988357543945,
            0.0,
            3.5888710021972656,
            -3.5788094997406006,
            -16.03763198852539,
            -12.425649642944336,
            -3.5888710021972656,
            -4.221190929412842,
            -8.20064926147461,
            0.0006492077955044806,
            -3.5843422412872314,
            3.5843422412872314,
            16.069822311401367,
            12.446168899536133,
            3.591463565826416,
            4.225649833679199,
            0.6331273317337036,
            0.07894150167703629,
            0.14091169834136963,
            0.14091169834136963,
            0.15313756465911865,
            0.24032427370548248,
            0.09502638131380081,
            0.1610437035560608,
            0.0,
            0.0,
            0.0,
            0.0,
            0.0,
            0.0,
            0.0,
            0.0,
            2.0,
            2.0,
            1.0,
            1.0,
            2.0,
            2.0,
            1.0,
            1.0,
            1.0,
            2.0,
            1.0,
            1.0,
            1.0,
            2.0,
            1.0,
            2.0,
            1.0,
            1.0,
            1.0,
            1.0,
            1.0
        ]
    ],
    "eval_steps": 2016
}