{
    "eval_chronic": "C:\\Users\\thoma\\data_grid2op\\rte_case5_example_val\\chronics\\12",
    "eval_rewards": [
        [
            0.6375588928296353,
            384.00000000001774,
            -1.0
        ]
    ],
    "eval_actions": [
        15
    ],
    "eval_states": [
        [
            0.30000001192092896,
            25.493539810180664,
            7.800000190734863,
            8.300000190734863,
            8.100000381469727,
            8.364388465881348,
            7.821308135986328,
            -1.9537373781204224,
            -5.492501258850098,
            -16.92426300048828,
            -4.505638599395752,
            -4.505638599395752,
            -2.607499361038208,
            -7.428168773651123,
            -7.800000190734863,
            2.147233247756958,
            5.580935478210449,
            17.129152297973633,
            4.551477432250977,
            4.551477432250977,
            2.6650142669677734,
            0.5681507587432861,
            0.24649710953235626,
            0.7651330232620239,
            0.6233853101730347,
            0.39026862382888794,
            0.3761999011039734,
            0.3761999011039734,
            0.5878148078918457,
            0.0,
            0.0,
            0.0,
            0.0,
            0.0,
            0.0,
            0.0,
            0.0,
            2.0,
            1.0,
            2.0,
            2.0,
            2.0,
            1.0,
            1.0,
            1.0,
            1.0,
            1.0,
            1.0,
            1.0,
            1.0,
            1.0,
            1.0,
            1.0,
            1.0,
            1.0,
            1.0,
            1.0,
            1.0
        ]
    ],
    "eval_steps": 2016
}