{
    "eval_chronic": "C:\\Users\\thoma\\data_grid2op\\rte_case5_example_val\\chronics\\12",
    "eval_rewards": [
        [
            0.00018178309354378053,
            0.047619047619047616,
            -1.0
        ],
        [
            0.0,
            0.0,
            -1.0
        ]
    ],
    "eval_actions": [
        37,
        15
    ],
    "eval_states": [
        [
            0.30000001192092896,
            27.28756332397461,
            7.800000190734863,
            8.300000190734863,
            8.100000381469727,
            12.736221313476562,
            2.6843996640211467e-15,
            0.9236764907836914,
            -3.534424066543579,
            -14.12021541595459,
            -6.959481239318848,
            -6.959481239318848,
            -4.565576076507568,
            -10.678116798400879,
            0.0006492077955044806,
            -0.5209556221961975,
            3.698423385620117,
            14.551342964172363,
            7.060107707977295,
            7.060107707977295,
            4.695286273956299,
            0.8485782146453857,
            0.07894150167703629,
            1.1337578296661377,
            0.8638564348220825,
            0.5638597011566162,
            0.5513015985488892,
            0.5513015985488892,
            0.8585058450698853,
            0.0,
            0.0,
            1.0,
            0.0,
            0.0,
            0.0,
            0.0,
            0.0,
            1.0,
            1.0,
            1.0,
            1.0,
            1.0,
            1.0,
            1.0,
            1.0,
            1.0,
            2.0,
            1.0,
            1.0,
            1.0,
            1.0,
            1.0,
            1.0,
            1.0,
            1.0,
            1.0,
            1.0,
            1.0
        ],
        [
            0.0,
            0.0,
            0.0,
            0.0,
            0.0,
            0.0,
            0.0,
            0.0,
            0.0,
            0.0,
            0.0,
            0.0,
            0.0,
            0.0,
            0.0,
            0.0,
            0.0,
            0.0,
            0.0,
            0.0,
            0.0,
            0.0,
            0.0,
            0.0,
            0.0,
            0.0,
            0.0,
            0.0,
            0.0,
            0.0,
            0.0,
            0.0,
            0.0,
            0.0,
            0.0,
            0.0,
            0.0,
            -1.0,
            -1.0,
            -1.0,
            -1.0,
            -1.0,
            -1.0,
            -1.0,
            -1.0,
            -1.0,
            -1.0,
            -1.0,
            -1.0,
            -1.0,
            -1.0,
            -1.0,
            -1.0,
            -1.0,
            -1.0,
            -1.0,
            -1.0,
            -1.0
        ]
    ],
    "eval_steps": 2
}