{
    "eval_chronic": "C:\\Users\\thoma\\data_grid2op\\rte_case5_example_val\\chronics\\12",
    "eval_rewards": [
        [
            0.020304859403312288,
            7.9999999999999885,
            -1.0
        ],
        [
            0.6097580087650358,
            551.999999999997,
            -1.0
        ]
    ],
    "eval_actions": [
        48,
        15
    ],
    "eval_states": [
        [
            0.30000001192092896,
            27.11490821838379,
            7.800000190734863,
            8.300000190734863,
            8.100000381469727,
            11.231125831604004,
            2.574795722961426,
            1.4399030208587646,
            -5.470755577087402,
            -15.11562728881836,
            -10.99609375,
            -1.4399030208587646,
            -2.629244804382324,
            -9.601850509643555,
            -2.1859941482543945,
            -1.2824227809906006,
            5.570267200469971,
            15.883782386779785,
            11.030598640441895,
            1.5102324485778809,
            2.696094036102295,
            0.7535988688468933,
            0.9265605807304382,
            0.68340665102005,
            0.6638064980506897,
            0.7506129741668701,
            0.3253147304058075,
            0.4633224904537201,
            0.6300647258758545,
            0.0,
            0.0,
            0.0,
            0.0,
            0.0,
            0.0,
            0.0,
            0.0,
            1.0,
            1.0,
            1.0,
            1.0,
            1.0,
            1.0,
            1.0,
            1.0,
            1.0,
            1.0,
            1.0,
            1.0,
            1.0,
            2.0,
            1.0,
            2.0,
            1.0,
            1.0,
            1.0,
            1.0,
            1.0
        ],
        [
            0.5,
            25.977134704589844,
            8.199999809265137,
            8.300000190734863,
            8.399999618530273,
            8.27230167388916,
            8.223320960998535,
            -0.47347959876060486,
            -7.113437652587891,
            -17.506250381469727,
            -9.653890609741211,
            0.47347959876060486,
            -1.2865620851516724,
            -7.355513572692871,
            -8.199999809265137,
            0.6343109011650085,
            7.221202850341797,
            17.704832077026367,
            9.684730529785156,
            -0.40180057287216187,
            1.3538905382156372,
            0.562089741230011,
            0.2565092146396637,
            0.691259503364563,
            0.6938297748565674,
            0.38424187898635864,
            0.30856868624687195,
            0.46763497591018677,
            0.6325672268867493,
            0.0,
            0.0,
            0.0,
            0.0,
            0.0,
            0.0,
            0.0,
            0.0,
            2.0,
            1.0,
            2.0,
            2.0,
            2.0,
            1.0,
            1.0,
            1.0,
            1.0,
            1.0,
            1.0,
            1.0,
            1.0,
            2.0,
            1.0,
            2.0,
            1.0,
            1.0,
            1.0,
            1.0,
            1.0
        ]
    ],
    "eval_steps": 2016
}