{"DoNothing/train/reward_0": 0.0, "DoNothing/train/reward_1": 0.00018173138883171387, "DoNothing/train/reward_2": 0.0, "DoNothing/train/grid2opsteps": 389, "_timestamp": 1722417602.7429376, "_runtime": 5.788658618927002, "_step": 256, "_wandb": {"runtime": 4}, "DoNothing/eval/reward_0": 0.0019427910052910054, "DoNothing/eval/reward_1": 0.0018732123926306155, "DoNothing/eval/reward_2": -0.08333333333333333}