{"DoNothing/train/reward_0": 0.0, "DoNothing/train/reward_1": 0.35429513454437256, "DoNothing/train/reward_2": -0.1, "DoNothing/train/grid2opsteps": 16348, "_timestamp": 1721213806.5367904, "_runtime": 99.76960444450378, "_step": 5000, "_wandb": {"runtime": 99}, "DoNothing/eval/reward_0": 0.002742763772175537, "DoNothing/eval/reward_1": 2.3202971109823016, "DoNothing/eval/reward_2": -0.6058823529411754}