{"DoNothing/train/reward_0": 0.0, "DoNothing/train/reward_1": 0.0001827199312557101, "DoNothing/train/reward_2": 0.0, "DoNothing/train/grid2opsteps": 3022, "_timestamp": 1721311350.6806962, "_runtime": 3.8826053142547607, "_step": 32, "_wandb": {"runtime": 2}, "DoNothing/eval/reward_0": 0.0013713818860877686, "DoNothing/eval/reward_1": 0.0013233185644743713, "DoNothing/eval/reward_2": -0.058823529411764705}