{"train/reward_0": 0.0, "train/reward_1": 0.0066999233597880015, "train/reward_2": 0.0, "train/grid2opsteps": 111, "_timestamp": 1721721035.7116594, "_runtime": 7.904430389404297, "_step": 9, "_wandb": {"runtime": 8}}