{
    "eval_chronic": "C:\\Users\\thoma\\data_grid2op\\rte_case5_example_val\\chronics\\19",
    "eval_rewards": [
        [
            0.0001699821134031241,
            -0.00010582010582010581,
            -7.936507936507937e-05
        ],
        [
            0.0,
            0.0,
            0.0
        ]
    ],
    "eval_actions": [
        51,
        8
    ],
    "eval_states": [
        [
            2.0,
            26.926654815673828,
            8.600000381469727,
            8.199999809265137,
            7.800000190734863,
            13.773613929748535,
            5.920811653137207,
            -8.199999809265137,
            -1.589377999305725,
            -12.32602596282959,
            -3.17974853515625,
            -3.17974853515625,
            -6.210622310638428,
            -11.395428657531738,
            -5.197066783905029,
            8.228846549987793,
            1.7636480331420898,
            13.153040885925293,
            3.2026069164276123,
            3.2026069164276123,
            6.3594970703125,
            0.9131433963775635,
            1.2786575555801392,
            0.2990705370903015,
            0.8915601968765259,
            0.7786497473716736,
            0.26937970519065857,
            0.26937970519065857,
            0.9157959222793579,
            0.0,
            1.0,
            0.0,
            0.0,
            0.0,
            0.0,
            0.0,
            0.0,
            1.0,
            1.0,
            1.0,
            1.0,
            1.0,
            1.0,
            1.0,
            1.0,
            1.0,
            1.0,
            1.0,
            1.0,
            1.0,
            2.0,
            1.0,
            1.0,
            1.0,
            2.0,
            1.0,
            1.0,
            1.0
        ],
        [
            0.0,
            0.0,
            0.0,
            0.0,
            0.0,
            0.0,
            0.0,
            0.0,
            0.0,
            0.0,
            0.0,
            0.0,
            0.0,
            0.0,
            0.0,
            0.0,
            0.0,
            0.0,
            0.0,
            0.0,
            0.0,
            0.0,
            0.0,
            0.0,
            0.0,
            0.0,
            0.0,
            0.0,
            0.0,
            0.0,
            0.0,
            0.0,
            0.0,
            0.0,
            0.0,
            0.0,
            0.0,
            -1.0,
            -1.0,
            -1.0,
            -1.0,
            -1.0,
            -1.0,
            -1.0,
            -1.0,
            -1.0,
            -1.0,
            -1.0,
            -1.0,
            -1.0,
            -1.0,
            -1.0,
            -1.0,
            -1.0,
            -1.0,
            -1.0,
            -1.0,
            -1.0
        ]
    ],
    "eval_steps": 2
}