{
    "eval_chronic": "C:\\Users\\thoma\\data_grid2op\\rte_case5_example_val\\chronics\\12",
    "eval_rewards": [
        [
            0.00033891565116626925,
            -0.00021164021164021162,
            -0.00015873015873015873
        ],
        [
            0.020212393123416283,
            0.0,
            -0.01317460317460316
        ],
        [
            0.0002323610440153238,
            -5.2910052910052905e-05,
            -0.00015873015873015873
        ],
        [
            0.0,
            0.0,
            0.0
        ]
    ],
    "eval_actions": [
        8,
        1,
        52,
        5
    ],
    "eval_states": [
        [
            0.30000001192092896,
            24.789588928222656,
            7.800000190734863,
            8.300000190734863,
            8.100000381469727,
            9.93836498260498,
            2.266026735305786,
            0.2919437289237976,
            -4.338427543640137,
            -14.712267875671387,
            -6.187235355377197,
            -6.187235355377197,
            -3.7615725994110107,
            -9.892911911010742,
            -2.257189989089966,
            0.30000001192092896,
            4.350101470947266,
            14.851223945617676,
            6.223120212554932,
            6.223120212554932,
            3.782526969909668,
            0.11956821382045746,
            0.1824112832546234,
            1.389103651046753,
            0.28244712948799133,
            0.32237112522125244,
            0.33380207419395447,
            0.33380207419395447,
            0.2824764847755432,
            0.0,
            0.0,
            1.0,
            0.0,
            0.0,
            0.0,
            0.0,
            0.0,
            2.0,
            2.0,
            1.0,
            2.0,
            1.0,
            2.0,
            1.0,
            1.0,
            1.0,
            1.0,
            1.0,
            1.0,
            1.0,
            1.0,
            1.0,
            1.0,
            1.0,
            1.0,
            1.0,
            1.0,
            1.0
        ],
        [
            0.30000001192092896,
            27.337387084960938,
            8.0,
            8.100000381469727,
            8.199999809265137,
            11.47834587097168,
            2.7920138835906982,
            -0.018232254311442375,
            -4.176650047302246,
            -15.054154396057129,
            -6.0826416015625,
            -6.0826416015625,
            -4.023349761962891,
            -9.781596183776855,
            -2.389904260635376,
            0.21009813249111176,
            4.261402130126953,
            15.859041213989258,
            6.131070137023926,
            6.131070137023926,
            4.083515644073486,
            0.7693085074424744,
            0.9429643154144287,
            0.7613071203231812,
            0.6083773374557495,
            0.7682061791419983,
            0.38608092069625854,
            0.38608092069625854,
            0.5992795825004578,
            0.0,
            0.0,
            0.0,
            0.0,
            0.0,
            0.0,
            0.0,
            0.0,
            1.0,
            1.0,
            1.0,
            1.0,
            1.0,
            1.0,
            1.0,
            1.0,
            1.0,
            1.0,
            1.0,
            1.0,
            1.0,
            1.0,
            1.0,
            1.0,
            1.0,
            1.0,
            1.0,
            1.0,
            1.0
        ],
        [
            0.5,
            27.544923782348633,
            8.199999809265137,
            8.300000190734863,
            8.399999618530273,
            11.592323303222656,
            2.8580551147460938,
            -4.637755023767509e-13,
            -4.317676544189453,
            -15.384180068969727,
            -6.2483954429626465,
            -6.2483954429626465,
            -4.08232307434082,
            -9.864068031311035,
            -2.305450201034546,
            0.001311096828430891,
            4.468207359313965,
            15.952600479125977,
            6.263062477111816,
            6.263062477111816,
            4.1967902183532715,
            0.7765366435050964,
            1.1121876239776611,
            0.13720062375068665,
            0.8259276151657104,
            0.6465321779251099,
            0.21640083193778992,
            0.21640083193778992,
            0.8094521760940552,
            0.0,
            1.0,
            0.0,
            0.0,
            0.0,
            0.0,
            0.0,
            0.0,
            1.0,
            1.0,
            1.0,
            1.0,
            1.0,
            1.0,
            1.0,
            1.0,
            1.0,
            1.0,
            1.0,
            1.0,
            1.0,
            2.0,
            1.0,
            1.0,
            1.0,
            1.0,
            1.0,
            1.0,
            1.0
        ],
        [
            0.0,
            0.0,
            0.0,
            0.0,
            0.0,
            0.0,
            0.0,
            0.0,
            0.0,
            0.0,
            0.0,
            0.0,
            0.0,
            0.0,
            0.0,
            0.0,
            0.0,
            0.0,
            0.0,
            0.0,
            0.0,
            0.0,
            0.0,
            0.0,
            0.0,
            0.0,
            0.0,
            0.0,
            0.0,
            0.0,
            0.0,
            0.0,
            0.0,
            0.0,
            0.0,
            0.0,
            0.0,
            -1.0,
            -1.0,
            -1.0,
            -1.0,
            -1.0,
            -1.0,
            -1.0,
            -1.0,
            -1.0,
            -1.0,
            -1.0,
            -1.0,
            -1.0,
            -1.0,
            -1.0,
            -1.0,
            -1.0,
            -1.0,
            -1.0,
            -1.0,
            -1.0
        ]
    ],
    "eval_steps": 86
}