{
    "eval_chronic": "C:\\Users\\thoma\\data_grid2op\\rte_case5_example_val\\chronics\\12",
    "eval_rewards": [
        [
            0.0002280831504712056,
            -0.00015873015873015873,
            -0.00011904761904761905
        ],
        [
            0.00022479322145489355,
            -0.00015873015873015873,
            -0.00011904761904761905
        ],
        [
            0.0,
            0.0,
            0.0
        ]
    ],
    "eval_actions": [
        42,
        46,
        49
    ],
    "eval_states": [
        [
            0.30000001192092896,
            26.923524856567383,
            7.800000190734863,
            8.300000190734863,
            8.100000381469727,
            11.01897144317627,
            2.3903191089630127,
            0.2034924328327179,
            -3.945746660232544,
            -15.243951797485352,
            -4.395274639129639,
            -8.300000190734863,
            -4.154253959655762,
            -9.446654319763184,
            -1.9733175039291382,
            -0.08278089016675949,
            4.002752304077148,
            15.90455436706543,
            4.541980743408203,
            8.311651229858398,
            4.191782474517822,
            0.7400828003883362,
            0.9609616994857788,
            0.5896703600883484,
            0.49094295501708984,
            0.6965228915214539,
            0.6633483171463013,
            0.17698507010936737,
            0.4821312427520752,
            0.0,
            0.0,
            0.0,
            0.0,
            0.0,
            0.0,
            0.0,
            0.0,
            1.0,
            1.0,
            1.0,
            1.0,
            1.0,
            1.0,
            1.0,
            1.0,
            1.0,
            1.0,
            1.0,
            1.0,
            1.0,
            2.0,
            2.0,
            1.0,
            2.0,
            1.0,
            1.0,
            1.0,
            1.0
        ],
        [
            0.30000001192092896,
            27.092647552490234,
            8.0,
            8.100000381469727,
            8.199999809265137,
            11.156001091003418,
            2.49033260345459,
            0.24000799655914307,
            -3.9709842205047607,
            -15.258987426757812,
            -8.100000381469727,
            -4.507745265960693,
            -4.229015350341797,
            -9.546995162963867,
            -2.0647242069244385,
            -0.11689843982458115,
            4.028617858886719,
            15.936646461486816,
            8.111001014709473,
            4.657653331756592,
            4.267736911773682,
            0.7488164901733398,
            0.9712365865707397,
            0.5961773991584778,
            0.4938989579677582,
            0.7053800225257874,
            0.1718837022781372,
            0.6704065203666687,
            0.48899397253990173,
            0.0,
            0.0,
            0.0,
            0.0,
            0.0,
            0.0,
            0.0,
            0.0,
            1.0,
            1.0,
            1.0,
            1.0,
            1.0,
            1.0,
            1.0,
            1.0,
            1.0,
            1.0,
            1.0,
            1.0,
            1.0,
            2.0,
            1.0,
            2.0,
            2.0,
            1.0,
            1.0,
            1.0,
            1.0
        ],
        [
            0.0,
            0.0,
            0.0,
            0.0,
            0.0,
            0.0,
            0.0,
            0.0,
            0.0,
            0.0,
            0.0,
            0.0,
            0.0,
            0.0,
            0.0,
            0.0,
            0.0,
            0.0,
            0.0,
            0.0,
            0.0,
            0.0,
            0.0,
            0.0,
            0.0,
            0.0,
            0.0,
            0.0,
            0.0,
            0.0,
            0.0,
            0.0,
            0.0,
            0.0,
            0.0,
            0.0,
            0.0,
            -1.0,
            -1.0,
            -1.0,
            -1.0,
            -1.0,
            -1.0,
            -1.0,
            -1.0,
            -1.0,
            -1.0,
            -1.0,
            -1.0,
            -1.0,
            -1.0,
            -1.0,
            -1.0,
            -1.0,
            -1.0,
            -1.0,
            -1.0,
            -1.0
        ]
    ],
    "eval_steps": 3
}