{
    "eval_chronic": "C:\\Users\\thoma\\data_grid2op\\rte_case5_example_val\\chronics\\12",
    "eval_rewards": [
        [
            0.03860486174647057,
            -0.01761904761904762,
            -0.013214285714285734
        ],
        [
            0.7885161031465473,
            -0.503968253968239,
            -0.3779761904761892
        ]
    ],
    "eval_actions": [
        24,
        44
    ],
    "eval_states": [
        [
            0.30000001192092896,
            24.873184204101562,
            7.800000190734863,
            8.300000190734863,
            8.100000381469727,
            11.201451301574707,
            1.3280948400497437,
            -1.0968722105026245,
            -3.3379926681518555,
            -13.35234546661377,
            -6.00349760055542,
            -6.00349760055542,
            -4.762007713317871,
            -11.160903930664062,
            -1.010900855064392,
            1.3109009265899658,
            3.360903739929199,
            13.671732902526855,
            6.012125015258789,
            6.012125015258789,
            4.803866863250732,
            0.11516698449850082,
            0.833033561706543,
            0.8080304265022278,
            0.38658788800239563,
            0.48615604639053345,
            0.16699717938899994,
            0.16699717938899994,
            0.4160262644290924,
            0.0,
            0.0,
            0.0,
            0.0,
            0.0,
            0.0,
            0.0,
            0.0,
            2.0,
            1.0,
            1.0,
            2.0,
            1.0,
            2.0,
            1.0,
            1.0,
            1.0,
            1.0,
            1.0,
            1.0,
            1.0,
            1.0,
            1.0,
            1.0,
            1.0,
            1.0,
            1.0,
            1.0,
            1.0
        ],
        [
            0.5,
            27.60076904296875,
            8.800000190734863,
            9.300000190734863,
            9.300000190734863,
            13.631346702575684,
            -0.08528846502304077,
            -0.08945385366678238,
            -4.775135040283203,
            -13.759052276611328,
            0.08945385366678238,
            -13.846113204956055,
            -4.52486515045166,
            -13.585363388061523,
            0.3180506229400635,
            0.18194939196109772,
            4.78536319732666,
            13.96942138671875,
            -0.045315977185964584,
            13.889657020568848,
            4.546113014221191,
            0.12874478101730347,
            0.7079302668571472,
            0.5076271295547485,
            0.2624649405479431,
            0.39559000730514526,
            0.36974990367889404,
            0.34583914279937744,
            0.28705090284347534,
            0.0,
            0.0,
            0.0,
            0.0,
            0.0,
            0.0,
            0.0,
            0.0,
            2.0,
            1.0,
            1.0,
            2.0,
            1.0,
            2.0,
            1.0,
            1.0,
            1.0,
            1.0,
            1.0,
            1.0,
            1.0,
            2.0,
            2.0,
            1.0,
            1.0,
            1.0,
            1.0,
            1.0,
            1.0
        ]
    ],
    "eval_steps": 2016
}