{
    "eval_chronic": "C:\\Users\\thoma\\data_grid2op\\rte_case5_example_val\\chronics\\12",
    "eval_rewards": [
        [
            0.00037941198164131334,
            -0.00021164021164021162,
            -0.00015873015873015873
        ],
        [
            0.00037880695832417835,
            -0.00037037037037037035,
            -0.0002777777777777778
        ],
        [
            0.0003414741675692834,
            -0.00037037037037037035,
            -0.0002777777777777778
        ],
        [
            0.0,
            0.0,
            0.0
        ]
    ],
    "eval_actions": [
        10,
        47,
        8,
        49
    ],
    "eval_states": [
        [
            0.30000001192092896,
            25.622663497924805,
            7.800000190734863,
            8.300000190734863,
            8.100000381469727,
            8.803028106689453,
            0.14274191856384277,
            2.3779897689819336,
            -2.372964859008789,
            -16.572837829589844,
            -8.206674575805664,
            -8.206674575805664,
            -5.7270355224609375,
            -7.7717604637146,
            0.27176016569137573,
            -2.375638723373413,
            2.375638723373413,
            16.81963539123535,
            8.215047836303711,
            8.215047836303711,
            5.735358715057373,
            0.5969299674034119,
            0.9579070210456848,
            0.09014551341533661,
            0.09014551341533661,
            0.4278746545314789,
            0.15530043840408325,
            0.15530043840408325,
            0.2043309211730957,
            0.0,
            0.0,
            0.0,
            0.0,
            0.0,
            0.0,
            0.0,
            0.0,
            2.0,
            2.0,
            1.0,
            1.0,
            2.0,
            2.0,
            1.0,
            1.0,
            1.0,
            1.0,
            1.0,
            1.0,
            1.0,
            1.0,
            1.0,
            1.0,
            1.0,
            1.0,
            1.0,
            1.0,
            1.0
        ],
        [
            0.30000001192092896,
            25.772336959838867,
            8.0,
            8.100000381469727,
            8.199999809265137,
            8.936871528625488,
            0.24895820021629333,
            1.8737698793411255,
            -1.8700937032699585,
            -16.58060646057129,
            -6.340169906616211,
            -9.973770141601562,
            -6.329905986785889,
            -7.875788688659668,
            0.17578870058059692,
            -1.8718405961990356,
            1.8718405961990356,
            16.835464477539062,
            6.345264911651611,
            9.986382484436035,
            6.340169906616211,
            0.6056815981864929,
            0.9701567888259888,
            0.06889745593070984,
            0.06889745593070984,
            0.43472298979759216,
            0.12380632013082504,
            0.18927673995494843,
            0.2249818593263626,
            0.0,
            0.0,
            0.0,
            0.0,
            0.0,
            0.0,
            0.0,
            0.0,
            2.0,
            2.0,
            1.0,
            1.0,
            2.0,
            2.0,
            1.0,
            1.0,
            1.0,
            1.0,
            1.0,
            1.0,
            1.0,
            2.0,
            1.0,
            2.0,
            1.0,
            2.0,
            1.0,
            1.0,
            1.0
        ],
        [
            0.30000001192092896,
            24.955183029174805,
            7.900000095367432,
            8.100000381469727,
            8.300000190734863,
            9.877885818481445,
            2.1189515590667725,
            0.2604008615016937,
            -4.039096355438232,
            -14.932173728942871,
            -4.27109432220459,
            -8.360401153564453,
            -4.260903835296631,
            -9.839888572692871,
            -2.103987455368042,
            0.30000001192092896,
            4.043875694274902,
            15.077298164367676,
            4.274279594421387,
            8.538942337036133,
            4.27109432220459,
            0.10968899726867676,
            0.22751949727535248,
            1.349733829498291,
            0.18016131222248077,
            0.32932916283607483,
            0.08955168724060059,
            0.7302443981170654,
            0.19386447966098785,
            0.0,
            0.0,
            1.0,
            0.0,
            0.0,
            0.0,
            0.0,
            0.0,
            2.0,
            2.0,
            1.0,
            2.0,
            1.0,
            2.0,
            1.0,
            1.0,
            1.0,
            1.0,
            1.0,
            1.0,
            1.0,
            2.0,
            1.0,
            2.0,
            1.0,
            2.0,
            1.0,
            1.0,
            1.0
        ],
        [
            0.0,
            0.0,
            0.0,
            0.0,
            0.0,
            0.0,
            0.0,
            0.0,
            0.0,
            0.0,
            0.0,
            0.0,
            0.0,
            0.0,
            0.0,
            0.0,
            0.0,
            0.0,
            0.0,
            0.0,
            0.0,
            0.0,
            0.0,
            0.0,
            0.0,
            0.0,
            0.0,
            0.0,
            0.0,
            0.0,
            0.0,
            0.0,
            0.0,
            0.0,
            0.0,
            0.0,
            0.0,
            -1.0,
            -1.0,
            -1.0,
            -1.0,
            -1.0,
            -1.0,
            -1.0,
            -1.0,
            -1.0,
            -1.0,
            -1.0,
            -1.0,
            -1.0,
            -1.0,
            -1.0,
            -1.0,
            -1.0,
            -1.0,
            -1.0,
            -1.0,
            -1.0
        ]
    ],
    "eval_steps": 4
}