{
    "eval_chronic": "C:\\Users\\thoma\\data_grid2op\\rte_case5_example_val\\chronics\\19",
    "eval_rewards": [
        [
            0.0003600346294760026,
            -0.00021164021164021162,
            -0.00015873015873015873
        ],
        [
            0.03611247351157744,
            -0.029841269841269807,
            -0.02238095238095241
        ],
        [
            6.588217131044356e-05,
            -0.00021164021164021162,
            -0.0002380952380952381
        ],
        [
            0.0,
            0.0,
            0.0
        ]
    ],
    "eval_actions": [
        18,
        48,
        25,
        5
    ],
    "eval_states": [
        [
            2.0,
            24.26836395263672,
            8.600000381469727,
            8.199999809265137,
            7.800000190734863,
            9.153416633605957,
            3.430880308151245,
            -1.1158696413040161,
            -3.4220712184906006,
            -14.951424598693848,
            -5.734500885009766,
            -5.734500885009766,
            -4.377928733825684,
            -8.043299674987793,
            -3.4249887466430664,
            1.443299412727356,
            3.4249887466430664,
            15.114947319030762,
            5.760272026062012,
            5.760272026062012,
            4.384871482849121,
            0.6198116540908813,
            0.0970480740070343,
            1.0156275033950806,
            0.13344110548496246,
            0.34929680824279785,
            0.2845545709133148,
            0.2845545709133148,
            0.16540899872779846,
            0.0,
            0.0,
            1.0,
            0.0,
            0.0,
            0.0,
            0.0,
            0.0,
            2.0,
            1.0,
            2.0,
            1.0,
            2.0,
            2.0,
            1.0,
            1.0,
            1.0,
            1.0,
            1.0,
            1.0,
            1.0,
            1.0,
            1.0,
            1.0,
            1.0,
            1.0,
            1.0,
            1.0,
            1.0
        ],
        [
            1.899999976158142,
            23.956113815307617,
            8.600000381469727,
            8.199999809265137,
            7.800000190734863,
            7.92893123626709,
            4.377936840057373,
            -0.19953741133213043,
            -4.366287708282471,
            -15.914315223693848,
            -11.636652946472168,
            0.19953741133213043,
            -3.4337124824523926,
            -7.082984924316406,
            -4.372592926025391,
            0.38298454880714417,
            4.372592926025391,
            16.027183532714844,
            11.655282974243164,
            -0.118904247879982,
            3.436652660369873,
            0.5394302606582642,
            0.11659357696771622,
            0.7429030537605286,
            0.16031616926193237,
            0.290803998708725,
            0.22811435163021088,
            0.49520257115364075,
            0.12910324335098267,
            0.0,
            0.0,
            0.0,
            0.0,
            0.0,
            0.0,
            0.0,
            0.0,
            2.0,
            1.0,
            2.0,
            1.0,
            2.0,
            2.0,
            1.0,
            1.0,
            1.0,
            1.0,
            1.0,
            1.0,
            1.0,
            2.0,
            1.0,
            2.0,
            1.0,
            1.0,
            1.0,
            1.0,
            1.0
        ],
        [
            0.6000000238418579,
            30.895374298095703,
            9.5,
            9.0,
            8.600000381469727,
            8.216853141784668,
            7.278095245361328,
            3.9872891902923584,
            -8.085946083068848,
            -21.179330825805664,
            -9.576264381408691,
            -3.9872891902923584,
            -0.514054536819458,
            -8.14190673828125,
            -5.610769748687744,
            -3.2892303466796875,
            8.14190673828125,
            22.67852020263672,
            9.63713550567627,
            4.26409912109375,
            0.5762643218040466,
            0.15307824313640594,
            1.9609835147857666,
            1.5145702362060547,
            0.5740433931350708,
            1.0460999011993408,
            0.40741220116615295,
            0.9064512252807617,
            0.5132228136062622,
            0.0,
            1.0,
            1.0,
            0.0,
            1.0,
            0.0,
            0.0,
            0.0,
            2.0,
            1.0,
            1.0,
            2.0,
            1.0,
            1.0,
            1.0,
            1.0,
            1.0,
            1.0,
            1.0,
            1.0,
            1.0,
            2.0,
            1.0,
            2.0,
            1.0,
            1.0,
            1.0,
            1.0,
            1.0
        ],
        [
            0.0,
            0.0,
            0.0,
            0.0,
            0.0,
            0.0,
            0.0,
            0.0,
            0.0,
            0.0,
            0.0,
            0.0,
            0.0,
            0.0,
            0.0,
            0.0,
            0.0,
            0.0,
            0.0,
            0.0,
            0.0,
            0.0,
            0.0,
            0.0,
            0.0,
            0.0,
            0.0,
            0.0,
            0.0,
            0.0,
            0.0,
            0.0,
            0.0,
            0.0,
            0.0,
            0.0,
            0.0,
            -1.0,
            -1.0,
            -1.0,
            -1.0,
            -1.0,
            -1.0,
            -1.0,
            -1.0,
            -1.0,
            -1.0,
            -1.0,
            -1.0,
            -1.0,
            -1.0,
            -1.0,
            -1.0,
            -1.0,
            -1.0,
            -1.0,
            -1.0,
            -1.0
        ]
    ],
    "eval_steps": 97
}