{
    "eval_chronic": "C:\\Users\\thoma\\data_grid2op\\rte_case5_example_val\\chronics\\19",
    "eval_rewards": [
        [
            0.01983030033233996,
            -0.007724867724867718,
            -0.0057936507936507875
        ],
        [
            0.0,
            0.0,
            0.0
        ]
    ],
    "eval_actions": [
        28,
        13
    ],
    "eval_states": [
        [
            2.0,
            24.196292877197266,
            8.600000381469727,
            8.199999809265137,
            7.800000190734863,
            8.623662948608398,
            2.7059779167175293,
            -0.054425109177827835,
            -4.0000457763671875,
            -14.801935195922852,
            -6.001852512359619,
            -6.001852512359619,
            -3.799954414367676,
            -8.600000381469727,
            -2.319977045059204,
            0.23916059732437134,
            4.080816268920898,
            15.572629928588867,
            6.047978401184082,
            6.047978401184082,
            3.8581302165985107,
            0.09915050864219666,
            0.9230848550796509,
            0.7457411885261536,
            0.5927429795265198,
            0.7518479824066162,
            0.3770748972892761,
            0.3770748972892761,
            0.5901941061019897,
            0.0,
            0.0,
            0.0,
            0.0,
            0.0,
            0.0,
            0.0,
            0.0,
            2.0,
            1.0,
            1.0,
            1.0,
            1.0,
            2.0,
            1.0,
            1.0,
            1.0,
            1.0,
            1.0,
            1.0,
            1.0,
            1.0,
            1.0,
            1.0,
            1.0,
            1.0,
            1.0,
            1.0,
            1.0
        ],
        [
            0.0,
            0.0,
            0.0,
            0.0,
            0.0,
            0.0,
            0.0,
            0.0,
            0.0,
            0.0,
            0.0,
            0.0,
            0.0,
            0.0,
            0.0,
            0.0,
            0.0,
            0.0,
            0.0,
            0.0,
            0.0,
            0.0,
            0.0,
            0.0,
            0.0,
            0.0,
            0.0,
            0.0,
            0.0,
            0.0,
            0.0,
            0.0,
            0.0,
            0.0,
            0.0,
            0.0,
            0.0,
            -1.0,
            -1.0,
            -1.0,
            -1.0,
            -1.0,
            -1.0,
            -1.0,
            -1.0,
            -1.0,
            -1.0,
            -1.0,
            -1.0,
            -1.0,
            -1.0,
            -1.0,
            -1.0,
            -1.0,
            -1.0,
            -1.0,
            -1.0,
            -1.0
        ]
    ],
    "eval_steps": 74
}