{
    "eval_chronic": "C:\\Users\\thoma\\data_grid2op\\rte_case5_example_val\\chronics\\12",
    "eval_rewards": [
        [
            0.020269603418492075,
            -0.013333333333333319,
            -0.010000000000000012
        ],
        [
            0.00018982292131594348,
            -0.00010582010582010581,
            -0.00011904761904761905
        ],
        [
            0.0,
            0.0,
            0.0
        ]
    ],
    "eval_actions": [
        47,
        48,
        13
    ],
    "eval_states": [
        [
            0.30000001192092896,
            27.20195198059082,
            7.800000190734863,
            8.300000190734863,
            8.100000381469727,
            11.414020538330078,
            2.770277500152588,
            -0.6093976497650146,
            -3.7252299785614014,
            -14.994261741638184,
            -4.43752384185791,
            -7.6906023025512695,
            -4.374770164489746,
            -9.734940528869629,
            -2.370974063873291,
            0.7936962842941284,
            3.812218189239502,
            15.787932395935059,
            4.477198600769043,
            7.7467851638793945,
            4.43752384185791,
            0.7652251124382019,
            0.9395295977592468,
            0.7448183298110962,
            0.6166549324989319,
            0.7628790140151978,
            0.35084107518196106,
            0.4146508276462555,
            0.6108279228210449,
            0.0,
            0.0,
            0.0,
            0.0,
            0.0,
            0.0,
            0.0,
            0.0,
            1.0,
            1.0,
            1.0,
            1.0,
            1.0,
            1.0,
            1.0,
            1.0,
            1.0,
            1.0,
            1.0,
            1.0,
            1.0,
            2.0,
            1.0,
            2.0,
            1.0,
            2.0,
            1.0,
            1.0,
            1.0
        ],
        [
            0.5,
            27.782169342041016,
            8.199999809265137,
            8.300000190734863,
            8.399999618530273,
            11.541440963745117,
            2.6736528873443604,
            1.4941813945770264,
            -5.612246513366699,
            -15.436070442199707,
            -11.158753395080566,
            -1.4941813945770264,
            -2.787753105163574,
            -9.82728099822998,
            -2.262974262237549,
            -1.3275500535964966,
            5.717805862426758,
            16.2407283782959,
            11.19427490234375,
            1.5681428909301758,
            2.858753204345703,
            0.7733109593391418,
            0.9533661603927612,
            0.7049449682235718,
            0.6850537061691284,
            0.7680916786193848,
            0.3299250602722168,
            0.47480538487434387,
            0.6478289365768433,
            0.0,
            0.0,
            0.0,
            0.0,
            0.0,
            0.0,
            0.0,
            0.0,
            1.0,
            1.0,
            1.0,
            1.0,
            1.0,
            1.0,
            1.0,
            1.0,
            1.0,
            1.0,
            1.0,
            1.0,
            1.0,
            2.0,
            1.0,
            2.0,
            1.0,
            1.0,
            1.0,
            1.0,
            1.0
        ],
        [
            0.0,
            0.0,
            0.0,
            0.0,
            0.0,
            0.0,
            0.0,
            0.0,
            0.0,
            0.0,
            0.0,
            0.0,
            0.0,
            0.0,
            0.0,
            0.0,
            0.0,
            0.0,
            0.0,
            0.0,
            0.0,
            0.0,
            0.0,
            0.0,
            0.0,
            0.0,
            0.0,
            0.0,
            0.0,
            0.0,
            0.0,
            0.0,
            0.0,
            0.0,
            0.0,
            0.0,
            0.0,
            -1.0,
            -1.0,
            -1.0,
            -1.0,
            -1.0,
            -1.0,
            -1.0,
            -1.0,
            -1.0,
            -1.0,
            -1.0,
            -1.0,
            -1.0,
            -1.0,
            -1.0,
            -1.0,
            -1.0,
            -1.0,
            -1.0,
            -1.0,
            -1.0
        ]
    ],
    "eval_steps": 86
}