{
    "eval_chronic": "C:\\Users\\thoma\\data_grid2op\\rte_case5_example_val\\chronics\\19",
    "eval_rewards": [
        [
            0.02099769727595194,
            0.0,
            0.0
        ],
        [
            0.0014356014039247416,
            -0.0013227513227513227,
            -0.000992063492063492
        ],
        [
            0.0002772806429201883,
            -0.0002645502645502645,
            -0.0001984126984126984
        ],
        [
            0.0,
            0.0,
            0.0
        ]
    ],
    "eval_actions": [
        30,
        2,
        2,
        13
    ],
    "eval_states": [
        [
            2.0,
            25.44330406188965,
            8.600000381469727,
            8.199999809265137,
            7.800000190734863,
            10.530046463012695,
            2.423443078994751,
            -0.2199360728263855,
            -4.109758377075195,
            -14.227006912231445,
            -5.860817909240723,
            -5.860817909240723,
            -3.690241575241089,
            -9.085627555847168,
            -2.0812861919403076,
            0.38408100605010986,
            4.18283224105835,
            14.913256645202637,
            5.9017815589904785,
            5.9017815589904785,
            3.741572380065918,
            0.7088104486465454,
            0.8667688965797424,
            0.6990258693695068,
            0.5617147088050842,
            0.7098175287246704,
            0.3560121953487396,
            0.3560121953487396,
            0.5571550130844116,
            0.0,
            0.0,
            0.0,
            0.0,
            0.0,
            0.0,
            0.0,
            0.0,
            1.0,
            1.0,
            1.0,
            1.0,
            1.0,
            1.0,
            1.0,
            1.0,
            1.0,
            1.0,
            1.0,
            1.0,
            1.0,
            1.0,
            1.0,
            1.0,
            1.0,
            1.0,
            1.0,
            1.0,
            1.0
        ],
        [
            0.6000000238418579,
            27.268171310424805,
            8.899999618530273,
            8.399999618530273,
            7.900000095367432,
            10.409517288208008,
            1.455179214477539,
            -1.5162184238433838,
            0.00046171696158125997,
            -16.303035736083984,
            -7.400130748748779,
            -7.400130748748779,
            -7.900461673736572,
            -8.995899200439453,
            -1.0556201934814453,
            1.7515199184417725,
            1.1672438003266583e-15,
            16.858654022216797,
            7.423928260803223,
            7.423928260803223,
            7.91648006439209,
            0.7010745406150818,
            0.9397788047790527,
            0.8506231307983398,
            4.1023203239888735e-15,
            0.6392553448677063,
            0.2730179727077484,
            0.2730179727077484,
            0.28055280447006226,
            0.0,
            0.0,
            0.0,
            0.0,
            0.0,
            0.0,
            0.0,
            0.0,
            2.0,
            2.0,
            2.0,
            1.0,
            2.0,
            2.0,
            1.0,
            1.0,
            1.0,
            1.0,
            1.0,
            1.0,
            1.0,
            1.0,
            1.0,
            1.0,
            1.0,
            1.0,
            1.0,
            1.0,
            1.0
        ],
        [
            0.6000000238418579,
            28.26754379272461,
            9.199999809265137,
            8.5,
            8.300000190734863,
            10.817585945129395,
            1.5324910879135132,
            -1.542356014251709,
            0.0004615570360329002,
            -16.858478546142578,
            -7.637988090515137,
            -7.637988090515137,
            -8.300461769104004,
            -9.2985200881958,
            -1.0999456644058228,
            1.7984659671783447,
            4.620223474638419e-13,
            17.4499568939209,
            7.662993431091309,
            7.662993431091309,
            8.31833267211914,
            0.7272229194641113,
            0.9793985486030579,
            0.890393853187561,
            1.6409281295955494e-14,
            0.6593617796897888,
            0.2795511484146118,
            0.2795511484146118,
            0.2950660288333893,
            0.0,
            0.0,
            0.0,
            0.0,
            0.0,
            0.0,
            0.0,
            0.0,
            2.0,
            2.0,
            2.0,
            1.0,
            2.0,
            2.0,
            1.0,
            1.0,
            1.0,
            1.0,
            1.0,
            1.0,
            1.0,
            1.0,
            1.0,
            1.0,
            1.0,
            1.0,
            1.0,
            1.0,
            1.0
        ],
        [
            0.0,
            0.0,
            0.0,
            0.0,
            0.0,
            0.0,
            0.0,
            0.0,
            0.0,
            0.0,
            0.0,
            0.0,
            0.0,
            0.0,
            0.0,
            0.0,
            0.0,
            0.0,
            0.0,
            0.0,
            0.0,
            0.0,
            0.0,
            0.0,
            0.0,
            0.0,
            0.0,
            0.0,
            0.0,
            0.0,
            0.0,
            0.0,
            0.0,
            0.0,
            0.0,
            0.0,
            0.0,
            -1.0,
            -1.0,
            -1.0,
            -1.0,
            -1.0,
            -1.0,
            -1.0,
            -1.0,
            -1.0,
            -1.0,
            -1.0,
            -1.0,
            -1.0,
            -1.0,
            -1.0,
            -1.0,
            -1.0,
            -1.0,
            -1.0,
            -1.0,
            -1.0
        ]
    ],
    "eval_steps": 90
}