{
    "eval_chronic": "C:\\Users\\thoma\\data_grid2op\\rte_case5_example_val\\chronics\\19",
    "eval_rewards": [
        [
            0.0002791209363405961,
            -0.00021164021164021162,
            -0.00015873015873015873
        ],
        [
            0.00012822306275577766,
            -0.00015873015873015873,
            -0.00015873015873015873
        ],
        [
            0.0,
            0.0,
            0.0
        ]
    ],
    "eval_actions": [
        22,
        12,
        13
    ],
    "eval_states": [
        [
            2.0,
            25.092609405517578,
            8.600000381469727,
            8.199999809265137,
            7.800000190734863,
            11.850764274597168,
            1.177778959274292,
            -1.1707379817962646,
            -3.1997947692871094,
            -13.071379661560059,
            -5.920549392700195,
            -5.920549392700195,
            -4.600205421447754,
            -10.050148963928223,
            -1.1716400384902954,
            1.1716400384902954,
            3.450148344039917,
            13.241846084594727,
            5.946800231933594,
            5.946800231933594,
            4.8118367195129395,
            0.792892336845398,
            0.0837702825665474,
            0.11518414318561554,
            1.0784096717834473,
            0.35666874051094055,
            0.28703248500823975,
            0.28703248500823975,
            1.0837409496307373,
            0.0,
            0.0,
            0.0,
            1.0,
            0.0,
            0.0,
            0.0,
            1.0,
            2.0,
            1.0,
            1.0,
            2.0,
            2.0,
            2.0,
            1.0,
            1.0,
            1.0,
            1.0,
            1.0,
            1.0,
            1.0,
            1.0,
            1.0,
            1.0,
            1.0,
            1.0,
            1.0,
            1.0,
            1.0
        ],
        [
            1.899999976158142,
            24.739870071411133,
            8.600000381469727,
            8.199999809265137,
            7.800000190734863,
            8.399105072021484,
            0.3220765292644501,
            1.8355125188827515,
            -2.8292043209075928,
            -15.874178886413574,
            -7.611583232879639,
            -7.611583232879639,
            -4.970795631408691,
            -8.344419479370117,
            -0.2555808126926422,
            -1.1821776628494263,
            3.0821776390075684,
            16.34076499938965,
            7.776051044464111,
            7.776051044464111,
            5.1876540184021,
            0.12992419302463531,
            0.43887612223625183,
            1.462854027748108,
            1.0842257738113403,
            0.5863028168678284,
            0.7014181613922119,
            0.7014181613922119,
            1.0963778495788574,
            0.0,
            0.0,
            1.0,
            2.0,
            0.0,
            0.0,
            0.0,
            2.0,
            2.0,
            2.0,
            1.0,
            1.0,
            1.0,
            2.0,
            1.0,
            1.0,
            1.0,
            1.0,
            1.0,
            1.0,
            1.0,
            1.0,
            1.0,
            1.0,
            1.0,
            1.0,
            1.0,
            1.0,
            1.0
        ],
        [
            0.0,
            0.0,
            0.0,
            0.0,
            0.0,
            0.0,
            0.0,
            0.0,
            0.0,
            0.0,
            0.0,
            0.0,
            0.0,
            0.0,
            0.0,
            0.0,
            0.0,
            0.0,
            0.0,
            0.0,
            0.0,
            0.0,
            0.0,
            0.0,
            0.0,
            0.0,
            0.0,
            0.0,
            0.0,
            0.0,
            0.0,
            0.0,
            0.0,
            0.0,
            0.0,
            0.0,
            0.0,
            -1.0,
            -1.0,
            -1.0,
            -1.0,
            -1.0,
            -1.0,
            -1.0,
            -1.0,
            -1.0,
            -1.0,
            -1.0,
            -1.0,
            -1.0,
            -1.0,
            -1.0,
            -1.0,
            -1.0,
            -1.0,
            -1.0,
            -1.0,
            -1.0
        ]
    ],
    "eval_steps": 3
}