{
    "eval_chronic": "C:\\Users\\thoma\\data_grid2op\\rte_case5_example_val\\chronics\\19",
    "eval_rewards": [
        [
            0.0439852481012012,
            -0.019365079365079384,
            -0.014523809523809546
        ],
        [
            0.0,
            0.0,
            0.0
        ]
    ],
    "eval_actions": [
        24,
        12
    ],
    "eval_states": [
        [
            2.0,
            23.16961669921875,
            8.600000381469727,
            8.199999809265137,
            7.800000190734863,
            11.293083190917969,
            0.19136935472488403,
            -1.8939123153686523,
            -2.644883155822754,
            -11.69424057006836,
            -5.745479583740234,
            -5.745479583740234,
            -5.155117034912109,
            -11.258390426635742,
            -0.01565445587038994,
            2.0156545639038086,
            2.6583902835845947,
            11.876533508300781,
            5.75143575668335,
            5.75143575668335,
            5.184871673583984,
            0.1085955798625946,
            0.6099115014076233,
            0.592920184135437,
            0.30737578868865967,
            0.3687324523925781,
            0.13873353600502014,
            0.13873353600502014,
            0.34645456075668335,
            0.0,
            0.0,
            0.0,
            0.0,
            0.0,
            0.0,
            0.0,
            0.0,
            2.0,
            1.0,
            1.0,
            2.0,
            1.0,
            2.0,
            1.0,
            1.0,
            1.0,
            1.0,
            1.0,
            1.0,
            1.0,
            1.0,
            1.0,
            1.0,
            1.0,
            1.0,
            1.0,
            1.0,
            1.0
        ],
        [
            0.0,
            0.0,
            0.0,
            0.0,
            0.0,
            0.0,
            0.0,
            0.0,
            0.0,
            0.0,
            0.0,
            0.0,
            0.0,
            0.0,
            0.0,
            0.0,
            0.0,
            0.0,
            0.0,
            0.0,
            0.0,
            0.0,
            0.0,
            0.0,
            0.0,
            0.0,
            0.0,
            0.0,
            0.0,
            0.0,
            0.0,
            0.0,
            0.0,
            0.0,
            0.0,
            0.0,
            0.0,
            -1.0,
            -1.0,
            -1.0,
            -1.0,
            -1.0,
            -1.0,
            -1.0,
            -1.0,
            -1.0,
            -1.0,
            -1.0,
            -1.0,
            -1.0,
            -1.0,
            -1.0,
            -1.0,
            -1.0,
            -1.0,
            -1.0,
            -1.0,
            -1.0
        ]
    ],
    "eval_steps": 123
}