{
    "eval_chronic": "C:\\Users\\thoma\\data_grid2op\\rte_case5_example_val\\chronics\\12",
    "eval_rewards": [
        [
            0.0003412844816433584,
            -0.00021164021164021162,
            -0.00015873015873015873
        ],
        [
            0.8370646441623857,
            -0.31984126984126543,
            -0.31984126984126543
        ]
    ],
    "eval_actions": [
        18,
        11
    ],
    "eval_states": [
        [
            0.30000001192092896,
            25.891712188720703,
            7.800000190734863,
            8.300000190734863,
            8.100000381469727,
            10.07267951965332,
            3.570496082305908,
            -0.8496631979942322,
            -3.5609593391418457,
            -15.62928581237793,
            -5.9986677169799805,
            -5.9986677169799805,
            -4.539041042327881,
            -8.743599891662598,
            -3.5641326904296875,
            1.2435994148254395,
            3.5641326904296875,
            15.8190336227417,
            6.02939510345459,
            6.02939510345459,
            4.546998977661133,
            0.6793986558914185,
            0.10156649351119995,
            1.1206133365631104,
            0.13965393602848053,
            0.37584158778190613,
            0.3096998333930969,
            0.3096998333930969,
            0.17628070712089539,
            0.0,
            0.0,
            1.0,
            0.0,
            0.0,
            0.0,
            0.0,
            0.0,
            2.0,
            1.0,
            2.0,
            1.0,
            2.0,
            2.0,
            1.0,
            1.0,
            1.0,
            1.0,
            1.0,
            1.0,
            1.0,
            1.0,
            1.0,
            1.0,
            1.0,
            1.0,
            1.0,
            1.0,
            1.0
        ],
        [
            0.30000001192092896,
            24.65823745727539,
            8.0,
            8.100000381469727,
            8.199999809265137,
            4.809258460998535,
            -4.632847785949707,
            7.110553741455078,
            0.9091799259185791,
            -19.74918556213379,
            -12.171414375305176,
            -12.171414375305176,
            -9.109179496765137,
            -4.48500394821167,
            4.785004138946533,
            -7.091028690338135,
            -0.9089714288711548,
            19.84897804260254,
            12.191017150878906,
            12.191017150878906,
            9.132275581359863,
            0.32908013463020325,
            0.5656985640525818,
            0.29259148240089417,
            0.06076226383447647,
            0.27293360233306885,
            0.2349482774734497,
            0.2349482774734497,
            0.3299441933631897,
            0.0,
            0.0,
            0.0,
            0.0,
            0.0,
            0.0,
            0.0,
            0.0,
            2.0,
            2.0,
            1.0,
            1.0,
            2.0,
            1.0,
            1.0,
            1.0,
            1.0,
            1.0,
            1.0,
            1.0,
            1.0,
            1.0,
            1.0,
            1.0,
            1.0,
            1.0,
            1.0,
            1.0,
            1.0
        ]
    ],
    "eval_steps": 2016
}