{
    "weights": [
        [
            1.0,
            0.0,
            0.0
        ],
        [
            0.0,
            0.0,
            1.0
        ],
        [
            0.0,
            0.5420059787650757,
            0.4579940212349243
        ],
        [
            0.0,
            1.0,
            0.0
        ],
        [
            0.5051427014508549,
            0.0,
            0.4948572985491451
        ],
        [
            0.0,
            0.36250507236575136,
            0.6374949276342486
        ],
        [
            0.5967507274490786,
            0.0,
            0.40324927255092136
        ],
        [
            0.3929042662366222,
            0.0,
            0.6070957337633778
        ],
        [
            0.0,
            0.4036882487548794,
            0.5963117512451206
        ],
        [
            0.2850951865036372,
            0.0,
            0.7149048134963628
        ],
        [
            0.0,
            0.2682784736382172,
            0.7317215263617828
        ],
        [
            0.0,
            0.4822775263951734,
            0.5177224736048266
        ],
        [
            0.5436384244828563,
            0.0,
            0.4563615755171438
        ]
    ],
    "values": [
        [
            0.030501049894535056,
            0.033890604035059606,
            -0.026714285714285628
        ],
        [
            0.40984141088511544,
            0.4782244340260826,
            -0.5524761904761902
        ],
        [
            0.7569760440885686,
            0.9118222095966333,
            -0.7682857142856974
        ],
        [
            0.010266864059334599,
            0.014574497270584102,
            -0.008142857142857144
        ],
        [
            0.4244376114858968,
            0.48588417921066335,
            -0.2761428571428571
        ],
        [
            0.014661324721014677,
            0.01690132975578308,
            -0.03999999999999999
        ],
        [
            0.794345182308466,
            0.9288936556021369,
            -0.5759999999999874
        ],
        [
            0.44357551784919125,
            0.5005638326009113,
            -0.47500000000001286
        ],
        [
            0.47218521517370243,
            0.516985396178564,
            -0.1923333333333291
        ],
        [
            0.3208187964413563,
            0.4114703972498577,
            -0.38399999999999157
        ],
        [
            0.00051293655356486,
            0.0006106714884440104,
            -0.0008095238095238095
        ],
        [
            0.33409548411750534,
            0.43560886216163586,
            -0.4072380952380868
        ],
        [
            0.47295168477581806,
            0.5188004417339958,
            -0.47195238095239483
        ]
    ],
    "ccs_list": [
        [
            [
                0.030501049894535056,
                0.033890604035059606,
                -0.026714285714285628
            ],
            [
                0.40984141088511544,
                0.4782244340260826,
                -0.5524761904761902
            ],
            [
                0.7569760440885686,
                0.9118222095966333,
                -0.7682857142856974
            ],
            [
                0.010266864059334599,
                0.014574497270584102,
                -0.008142857142857144
            ],
            [
                0.4244376114858968,
                0.48588417921066335,
                -0.2761428571428571
            ],
            [
                0.794345182308466,
                0.9288936556021369,
                -0.5759999999999874
            ],
            [
                0.47218521517370243,
                0.516985396178564,
                -0.1923333333333291
            ],
            [
                0.00051293655356486,
                0.0006106714884440104,
                -0.0008095238095238095
            ]
        ],
        [
            [
                0.030501049894535056,
                0.033890604035059606,
                -0.026714285714285628
            ],
            [
                0.40984141088511544,
                0.4782244340260826,
                -0.5524761904761902
            ],
            [
                0.7569760440885686,
                0.9118222095966333,
                -0.7682857142856974
            ],
            [
                0.010266864059334599,
                0.014574497270584102,
                -0.008142857142857144
            ],
            [
                0.4244376114858968,
                0.48588417921066335,
                -0.2761428571428571
            ],
            [
                0.794345182308466,
                0.9288936556021369,
                -0.5759999999999874
            ],
            [
                0.47218521517370243,
                0.516985396178564,
                -0.1923333333333291
            ],
            [
                0.00051293655356486,
                0.0006106714884440104,
                -0.0008095238095238095
            ]
        ],
        [
            [
                0.030501049894535056,
                0.033890604035059606,
                -0.026714285714285628
            ],
            [
                0.40984141088511544,
                0.4782244340260826,
                -0.5524761904761902
            ],
            [
                0.7569760440885686,
                0.9118222095966333,
                -0.7682857142856974
            ],
            [
                0.010266864059334599,
                0.014574497270584102,
                -0.008142857142857144
            ],
            [
                0.4244376114858968,
                0.48588417921066335,
                -0.2761428571428571
            ],
            [
                0.794345182308466,
                0.9288936556021369,
                -0.5759999999999874
            ],
            [
                0.47218521517370243,
                0.516985396178564,
                -0.1923333333333291
            ],
            [
                0.00051293655356486,
                0.0006106714884440104,
                -0.0008095238095238095
            ]
        ],
        [
            [
                0.030501049894535056,
                0.033890604035059606,
                -0.026714285714285628
            ],
            [
                0.40984141088511544,
                0.4782244340260826,
                -0.5524761904761902
            ],
            [
                0.7569760440885686,
                0.9118222095966333,
                -0.7682857142856974
            ],
            [
                0.010266864059334599,
                0.014574497270584102,
                -0.008142857142857144
            ],
            [
                0.4244376114858968,
                0.48588417921066335,
                -0.2761428571428571
            ],
            [
                0.794345182308466,
                0.9288936556021369,
                -0.5759999999999874
            ],
            [
                0.47218521517370243,
                0.516985396178564,
                -0.1923333333333291
            ],
            [
                0.00051293655356486,
                0.0006106714884440104,
                -0.0008095238095238095
            ]
        ],
        [
            [
                0.030501049894535056,
                0.033890604035059606,
                -0.026714285714285628
            ],
            [
                0.40984141088511544,
                0.4782244340260826,
                -0.5524761904761902
            ],
            [
                0.7569760440885686,
                0.9118222095966333,
                -0.7682857142856974
            ],
            [
                0.010266864059334599,
                0.014574497270584102,
                -0.008142857142857144
            ],
            [
