{"Action dimension": 99, "_timestamp": 1720508020.9259925, "_runtime": 1.9596095085144043, "_step": 1, "Observation dimension": [58], "_wandb": {"runtime": 5}}