{
    "weights": [
        [
            1.0,
            0.0,
            0.0
        ],
        [
            0.0,
            0.0,
            1.0
        ],
        [
            0.0,
            1.0,
            0.0
        ],
        [
            0.0,
            0.2779056386651323,
            0.7220943613348677
        ],
        [
            0.294916806594413,
            0.0,
            0.705083193405587
        ]
    ],
    "values": [
        [
            0.47259264473542884,
            0.5174756777604427,
            -0.19385714285713865
        ],
        [
            0.4560828356378824,
            0.5030722169717156,
            -0.3845714285714201
        ],
        [
            0.01072783510575194,
            0.015481601476669313,
            -0.0007142857142857142
        ],
        [
            0.02078985086027155,
            0.02941425971984863,
            -0.016190476190476193
        ],
        [
            0.0,
            0.0,
            0.0
        ]
    ],
    "ccs_list": [
        [
            [
                0.47259264473542884,
                0.5174756777604427,
                -0.19385714285713865
            ],
            [
                0.01072783510575194,
                0.015481601476669313,
                -0.0007142857142857142
            ],
            [
                0.0,
                0.0,
                0.0
            ]
        ],
        [
            [
                0.47259264473542884,
                0.5174756777604427,
                -0.19385714285713865
            ],
            [
                0.01072783510575194,
                0.015481601476669313,
                -0.0007142857142857142
            ],
            [
                0.0,
                0.0,
                0.0
            ]
        ],
        [
            [
                0.47259264473542884,
                0.5174756777604427,
                -0.19385714285713865
            ],
            [
                0.01072783510575194,
                0.015481601476669313,
                -0.0007142857142857142
            ],
            [
                0.0,
                0.0,
                0.0
            ]
        ],
        [
            [
                0.47259264473542884,
                0.5174756777604427,
                -0.19385714285713865
            ],
            [
                0.01072783510575194,
                0.015481601476669313,
                -0.0007142857142857142
            ],
            [
                0.0,
                0.0,
                0.0
            ]
        ],
        [
            [
                0.47259264473542884,
                0.5174756777604427,
                -0.19385714285713865
            ],
            [
                0.01072783510575194,
                0.015481601476669313,
                -0.0007142857142857142
            ],
            [
                0.0,
                0.0,
                0.0
            ]
        ]
    ]
}