{
    "eval_chronic": "C:\\Users\\thoma\\data_grid2op\\rte_case5_example_val\\chronics\\12",
    "eval_rewards": [
        [
            9.375230288232363e-05,
            0.0005026455026455026,
            -1.0
        ],
        [
            0.7858492205508061,
            0.9595238095238409,
            0.0
        ]
    ],
    "eval_actions": [
        25,
        23
    ],
    "eval_states": [
        [
            0.30000001192092896,
            27.871183395385742,
            7.800000190734863,
            8.300000190734863,
            8.100000381469727,
            7.2251057624816895,
            6.743852615356445,
            3.0163207054138184,
            -7.023348331451416,
            -19.302753448486328,
            -6.24903678894043,
            -6.24903678894043,
            -1.0766522884368896,
            -7.111452579498291,
            -5.3733415603637695,
            -2.1266586780548096,
            7.111452579498291,
            20.64607810974121,
            6.279449939727783,
            6.279449939727783,
            1.1817529201507568,
            0.19027844071388245,
            1.7742278575897217,
            1.718530297279358,
            0.7135441303253174,
            0.9905771613121033,
            0.30808740854263306,
            0.30808740854263306,
            0.6815905570983887,
            0.0,
            1.0,
            1.0,
            0.0,
            0.0,
            0.0,
            0.0,
            0.0,
            2.0,
            1.0,
            1.0,
            2.0,
            1.0,
            1.0,
            1.0,
            1.0,
            1.0,
            1.0,
            1.0,
            1.0,
            1.0,
            1.0,
            1.0,
            1.0,
            1.0,
            1.0,
            1.0,
            1.0,
            1.0
        ],
        [
            0.699999988079071,
            24.756450653076172,
            8.0,
            8.199999809265137,
            8.300000190734863,
            6.898272514343262,
            5.669801712036133,
            2.343000650405884,
            -6.8309326171875,
            -17.780338287353516,
            -6.044682502746582,
            -6.044682502746582,
            -1.4690673351287842,
            -6.249395370483398,
            -5.6608967781066895,
            -2.3391032218933105,
            6.949395179748535,
            17.858177185058594,
            6.055268287658691,
            6.055268287658691,
            1.5463649034500122,
            0.47084400057792664,
            0.150570347905159,
            0.17372038960456848,
            0.7291253805160522,
            0.24151909351348877,
            0.18469998240470886,
            0.18469998240470886,
            0.6743114590644836,
            0.0,
            0.0,
            0.0,
            0.0,
            0.0,
            0.0,
            0.0,
            0.0,
            2.0,
            1.0,
            1.0,
            2.0,
            2.0,
            1.0,
            1.0,
            1.0,
            1.0,
            1.0,
            1.0,
            1.0,
            1.0,
            1.0,
            1.0,
            1.0,
            1.0,
            1.0,
            1.0,
            1.0,
            1.0
        ]
    ],
    "eval_steps": 2016
}