{
    "eval_chronic": "C:\\Users\\thoma\\data_grid2op\\rte_case5_example_val\\chronics\\12",
    "eval_rewards": [
        [
            0.6375630287136892,
            0.9066666666666768,
            0.0
        ]
    ],
    "eval_actions": [
        15
    ],
    "eval_states": [
        [
            0.699999988079071,
            25.333953857421875,
            8.0,
            8.199999809265137,
            8.300000190734863,
            8.183040618896484,
            8.02264404296875,
            -2.0510284900665283,
            -5.659003734588623,
            -16.955480575561523,
            -4.422645568847656,
            -4.422645568847656,
            -2.6409966945648193,
            -7.284914016723633,
            -8.0,
            2.2388253211975098,
            5.74608850479126,
            17.15091323852539,
            4.466418743133545,
            4.466418743133545,
            2.6963202953338623,
            0.5562083125114441,
            0.2537194788455963,
            0.7528056502342224,
            0.6184400320053101,
            0.38126155734062195,
            0.3679080307483673,
            0.3679080307483673,
            0.5773839354515076,
            0.0,
            0.0,
            0.0,
            0.0,
            0.0,
            0.0,
            0.0,
            0.0,
            2.0,
            1.0,
            2.0,
            2.0,
            2.0,
            1.0,
            1.0,
            1.0,
            1.0,
            1.0,
            1.0,
            1.0,
            1.0,
            1.0,
            1.0,
            1.0,
            1.0,
            1.0,
            1.0,
            1.0,
            1.0
        ]
    ],
    "eval_steps": 2016
}