{
    "eval_chronic": "C:\\Users\\thoma\\data_grid2op\\rte_case5_example_val\\chronics\\19",
    "eval_rewards": [
        [
            0.02103498827121473,
            0.04222222222222222,
            0.0
        ],
        [
            0.00019035057453139294,
            0.0005026455026455026,
            -1.0
        ],
        [
            0.0,
            0.0,
            -1.0
        ]
    ],
    "eval_actions": [
        44,
        48,
        21
    ],
    "eval_states": [
        [
            0.6000000238418579,
            28.079423904418945,
            8.899999618530273,
            8.399999618530273,
            7.900000095367432,
            11.724664688110352,
            2.775108814239502,
            1.5518147945404053,
            -5.290587902069092,
            -15.522692680358887,
            -1.5518147945404053,
            -11.082793235778809,
            -2.6094119548797607,
            -9.959514617919922,
            -2.3540637493133545,
            -1.3808435201644897,
            5.39442253112793,
            16.354759216308594,
            1.6274936199188232,
            11.12009048461914,
            2.682793617248535,
            0.7849178314208984,
            0.9658216238021851,
            0.7149590253829956,
            0.6788578629493713,
            0.7809597253799438,
            0.4801359176635742,
            0.3380434811115265,
            0.6579051613807678,
            0.0,
            0.0,
            0.0,
            0.0,
            0.0,
            0.0,
            0.0,
            0.0,
            1.0,
            1.0,
            1.0,
            1.0,
            1.0,
            1.0,
            1.0,
            1.0,
            1.0,
            1.0,
            1.0,
            1.0,
            1.0,
            2.0,
            2.0,
            1.0,
            1.0,
            1.0,
            1.0,
            1.0,
            1.0
        ],
        [
            0.6000000238418579,
            27.687334060668945,
            8.800000190734863,
            8.300000190734863,
            7.800000190734863,
            11.556403160095215,
            2.7352843284606934,
            1.5302776098251343,
            -5.225435256958008,
            -15.32153606414795,
            -10.946174621582031,
            -1.5302776098251343,
            -2.5745646953582764,
            -9.838104248046875,
            -2.3251235485076904,
            -1.3638617992401123,
            5.327089309692383,
            16.130931854248047,
            10.982099533081055,
            1.6041522026062012,
            2.646174907684326,
            0.7742596864700317,
            0.9527441263198853,
            0.704452395439148,
            0.6711915731430054,
            0.7703335285186768,
            0.33191025257110596,
            0.47453293204307556,
            0.6505010724067688,
            0.0,
            0.0,
            0.0,
            0.0,
            0.0,
            0.0,
            0.0,
            0.0,
            1.0,
            1.0,
            1.0,
            1.0,
            1.0,
            1.0,
            1.0,
            1.0,
            1.0,
            1.0,
            1.0,
            1.0,
            1.0,
            2.0,
            1.0,
            2.0,
            1.0,
            1.0,
            1.0,
            1.0,
            1.0
        ],
        [
            0.0,
            0.0,
            0.0,
            0.0,
            0.0,
            0.0,
            0.0,
            0.0,
            0.0,
            0.0,
            0.0,
            0.0,
            0.0,
            0.0,
            0.0,
            0.0,
            0.0,
            0.0,
            0.0,
            0.0,
            0.0,
            0.0,
            0.0,
            0.0,
            0.0,
            0.0,
            0.0,
            0.0,
            0.0,
            0.0,
            0.0,
            0.0,
            0.0,
            0.0,
            0.0,
            0.0,
            0.0,
            -1.0,
            -1.0,
            -1.0,
            -1.0,
            -1.0,
            -1.0,
            -1.0,
            -1.0,
            -1.0,
            -1.0,
            -1.0,
            -1.0,
            -1.0,
            -1.0,
            -1.0,
            -1.0,
            -1.0,
            -1.0,
            -1.0,
            -1.0,
            -1.0
        ]
    ],
    "eval_steps": 86
}