{
    "eval_chronic": "/home/trlautenbacher/data_grid2op/rte_case5_example_val/chronics/12",
    "eval_rewards": [
        [
            0.00018178309354378053,
            -9.523809523809523e-05,
            -1.0
        ],
        [
            0.0001776470905112772,
            -9.523809523809523e-05,
            -1.0
        ],
        [
            0.9433289955496891,
            -0.9590476190476503,
            0.0
        ]
    ],
    "eval_actions": [
        37,
        1,
        10
    ],
    "eval_states": [
        [
            0.30000001192092896,
            27.28756332397461,
            7.800000190734863,
            8.300000190734863,
            8.100000381469727,
            12.736221313476562,
            2.6843996640211467e-15,
            0.9236764907836914,
            -3.534424066543579,
            -14.12021541595459,
            -6.959481239318848,
            -6.959481239318848,
            -4.565576076507568,
            -10.678116798400879,
            0.0006492077955044806,
            -0.5209556221961975,
            3.698423385620117,
            14.551342964172363,
            7.060107707977295,
            7.060107707977295,
            4.695286273956299,
            0.8485782146453857,
            0.07894150167703629,
            1.1337578296661377,
            0.8638564348220825,
            0.5638597011566162,
            0.5513015985488892,
            0.5513015985488892,
            0.8585058450698853,
            0.0,
            0.0,
            1.0,
            0.0,
            0.0,
            0.0,
            0.0,
            0.0,
            1.0,
            1.0,
            1.0,
            1.0,
            1.0,
            1.0,
            1.0,
            1.0,
            1.0,
            2.0,
            1.0,
            1.0,
            1.0,
            1.0,
            1.0,
            1.0,
            1.0,
            1.0,
            1.0,
            1.0,
            1.0
        ],
        [
            0.30000001192092896,
            27.463356018066406,
            8.0,
            8.100000381469727,
            8.199999809265137,
            12.89118480682373,
            -2.714041370252074e-15,
            1.0139873027801514,
            -3.5236124992370605,
            -14.129941940307617,
            -6.961667537689209,
            -6.961667537689209,
            -4.676387310028076,
            -10.786516189575195,
            0.0006492077955044806,
            -0.6038560271263123,
            3.6897225379943848,
            14.572172164916992,
            7.064970970153809,
            7.064970970153809,
            4.809347152709961,
            0.8582686185836792,
            0.07894150167703629,
            1.1447724103927612,
            0.8696974515914917,
            0.5709981322288513,
            0.5584309101104736,
            0.5584309101104736,
            0.8685792088508606,
            0.0,
            0.0,
            2.0,
            0.0,
            0.0,
            0.0,
            0.0,
            0.0,
            1.0,
            1.0,
            1.0,
            1.0,
            1.0,
            1.0,
            1.0,
            1.0,
            1.0,
            2.0,
            1.0,
            1.0,
            1.0,
            1.0,
            1.0,
            1.0,
            1.0,
            1.0,
            1.0,
            1.0,
            1.0
        ],
        [
            0.30000001192092896,
            25.048295974731445,
            7.900000095367432,
            8.100000381469727,
            8.300000190734863,
            8.583929061889648,
            -9.276145390008095e-13,
            2.4367730617523193,
            -2.4315755367279053,
            -16.430702209472656,
            -8.206971168518066,
            -8.206971168518066,
            -5.868424415588379,
            -7.600649356842041,
            0.0006492077955044806,
            -2.4343223571777344,
            2.4343223571777344,
            16.464366912841797,
            8.215351104736328,
            8.215351104736328,
            5.877168655395508,
            0.5825735926628113,
            0.07894150167703629,
            0.09216751158237457,
            0.09216751158237457,
            0.15645520389080048,
            0.15542972087860107,
            0.15542972087860107,
            0.20944586396217346,
            0.0,
            0.0,
            0.0,
            0.0,
            0.0,
            0.0,
            0.0,
            0.0,
            2.0,
            2.0,
            1.0,
            1.0,
            2.0,
            2.0,
            1.0,
            1.0,
            1.0,
            2.0,
            1.0,
            1.0,
            1.0,
            1.0,
            1.0,
            1.0,
            1.0,
            1.0,
            1.0,
            1.0,
            1.0
        ]
    ],
    "eval_steps": 2016
}