{
    "eval_chronic": "/home/trlautenbacher/data_grid2op/rte_case5_example_val/chronics/19",
    "eval_rewards": [
        [
            0.00021008535549027683,
            -9.523809523809523e-05,
            -1.0
        ],
        [
            0.0,
            0.0,
            0.0
        ]
    ],
    "eval_actions": [
        37,
        17
    ],
    "eval_states": [
        [
            2.0,
            25.50863265991211,
            8.600000381469727,
            8.199999809265137,
            7.800000190734863,
            11.72707748413086,
            0.0,
            0.6701554656028748,
            -3.544297933578491,
            -13.410122871398926,
            -6.618826389312744,
            -6.618826389312744,
            -4.255702495574951,
            -9.961252212524414,
            0.0006492077955044806,
            -0.32449933886528015,
            3.6851015090942383,
            13.78155517578125,
            6.705061435699463,
            6.705061435699463,
            4.367496967315674,
            0.785070538520813,
            0.07894150167703629,
            1.0453158617019653,
            0.7969982028007507,
            0.523811936378479,
            0.5112708806991577,
            0.5112708806991577,
            0.8004233241081238,
            0.0,
            0.0,
            1.0,
            0.0,
            0.0,
            0.0,
            0.0,
            0.0,
            1.0,
            1.0,
            1.0,
            1.0,
            1.0,
            1.0,
            1.0,
            1.0,
            1.0,
            2.0,
            1.0,
            1.0,
            1.0,
            1.0,
            1.0,
            1.0,
            1.0,
            1.0,
            1.0,
            1.0,
            1.0
        ],
        [
            0.0,
            0.0,
            0.0,
            0.0,
            0.0,
            0.0,
            0.0,
            0.0,
            0.0,
            0.0,
            0.0,
            0.0,
            0.0,
            0.0,
            0.0,
            0.0,
            0.0,
            0.0,
            0.0,
            0.0,
            0.0,
            0.0,
            0.0,
            0.0,
            0.0,
            0.0,
            0.0,
            0.0,
            0.0,
            0.0,
            0.0,
            0.0,
            0.0,
            0.0,
            0.0,
            0.0,
            0.0,
            -1.0,
            -1.0,
            -1.0,
            -1.0,
            -1.0,
            -1.0,
            -1.0,
            -1.0,
            -1.0,
            -1.0,
            -1.0,
            -1.0,
            -1.0,
            -1.0,
            -1.0,
            -1.0,
            -1.0,
            -1.0,
            -1.0,
            -1.0,
            -1.0
        ]
    ],
    "eval_steps": 2
}