{
    "eval_chronic": "/home/trlautenbacher/data_grid2op/rte_case5_example_val/chronics/19",
    "eval_rewards": [
        [
            0.000265221037237518,
            -0.0002857142857142857,
            -1.0
        ],
        [
            0.00013185476637769008,
            -0.00019047619047619045,
            0.0
        ],
        [
            0.0,
            0.0,
            0.0
        ]
    ],
    "eval_actions": [
        20,
        25,
        25
    ],
    "eval_states": [
        [
            2.0,
            23.947877883911133,
            8.600000381469727,
            8.199999809265137,
            7.800000190734863,
            9.285236358642578,
            2.6868021488189697,
            -0.5735146403312683,
            -3.9915175437927246,
            -14.259552001953125,
            -5.780397891998291,
            -5.780397891998291,
            -3.8084826469421387,
            -9.23601245880127,
            -2.150015354156494,
            0.6360117793083191,
            4.150015354156494,
            14.662641525268555,
            5.786375045776367,
            5.786375045776367,
            3.9343109130859375,
            0.12374977022409439,
            1.095579981803894,
            0.5420461297035217,
            0.8485938906669617,
            0.545406699180603,
            0.1388966590166092,
            0.1388966590166092,
            0.8465371131896973,
            0.0,
            1.0,
            0.0,
            0.0,
            0.0,
            0.0,
            0.0,
            0.0,
            2.0,
            1.0,
            2.0,
            1.0,
            1.0,
            2.0,
            1.0,
            1.0,
            1.0,
            1.0,
            1.0,
            1.0,
            1.0,
            1.0,
            1.0,
            1.0,
            1.0,
            1.0,
            1.0,
            1.0,
            1.0
        ],
        [
            1.899999976158142,
            26.070951461791992,
            8.600000381469727,
            8.199999809265137,
            7.800000190734863,
            6.841892719268799,
            6.042844772338867,
            2.567992687225342,
            -6.6672234535217285,
            -18.083755493164062,
            -5.994318008422852,
            -5.994318008422852,
            -1.1327766180038452,
            -6.742709159851074,
            -4.88401460647583,
            -1.8159857988357544,
            6.742709159851074,
            19.22905921936035,
            6.0204548835754395,
            6.0204548835754395,
            1.2206436395645142,
            0.17698104679584503,
            1.6282968521118164,
            1.5744612216949463,
            0.6636789441108704,
            0.9151408672332764,
            0.28640562295913696,
            0.28640562295913696,
            0.6190842390060425,
            0.0,
            2.0,
            1.0,
            0.0,
            0.0,
            0.0,
            0.0,
            0.0,
            2.0,
            1.0,
            1.0,
            2.0,
            1.0,
            1.0,
            1.0,
            1.0,
            1.0,
            1.0,
            1.0,
            1.0,
            1.0,
            1.0,
            1.0,
            1.0,
            1.0,
            1.0,
            1.0,
            1.0,
            1.0
        ],
        [
            0.0,
            0.0,
            0.0,
            0.0,
            0.0,
            0.0,
            0.0,
            0.0,
            0.0,
            0.0,
            0.0,
            0.0,
            0.0,
            0.0,
            0.0,
            0.0,
            0.0,
            0.0,
            0.0,
            0.0,
            0.0,
            0.0,
            0.0,
            0.0,
            0.0,
            0.0,
            0.0,
            0.0,
            0.0,
            0.0,
            0.0,
            0.0,
            0.0,
            0.0,
            0.0,
            0.0,
            0.0,
            -1.0,
            -1.0,
            -1.0,
            -1.0,
            -1.0,
            -1.0,
            -1.0,
            -1.0,
            -1.0,
            -1.0,
            -1.0,
            -1.0,
            -1.0,
            -1.0,
            -1.0,
            -1.0,
            -1.0,
            -1.0,
            -1.0,
            -1.0,
            -1.0
        ]
    ],
    "eval_steps": 3
}