{
    "eval_chronic": "/home/trlautenbacher/data_grid2op/rte_case5_example_val/chronics/12",
    "eval_rewards": [
        [
            9.375230288232363e-05,
            -0.00019047619047619045,
            -1.0
        ],
        [
            0.0,
            0.0,
            0.0
        ]
    ],
    "eval_actions": [
        25,
        13
    ],
    "eval_states": [
        [
            0.30000001192092896,
            27.871183395385742,
            7.800000190734863,
            8.300000190734863,
            8.100000381469727,
            7.2251057624816895,
            6.743852615356445,
            3.0163207054138184,
            -7.023348331451416,
            -19.302753448486328,
            -6.24903678894043,
            -6.24903678894043,
            -1.0766522884368896,
            -7.111452579498291,
            -5.3733415603637695,
            -2.1266586780548096,
            7.111452579498291,
            20.64607810974121,
            6.279449939727783,
            6.279449939727783,
            1.1817529201507568,
            0.19027844071388245,
            1.7742278575897217,
            1.718530297279358,
            0.7135441303253174,
            0.9905771613121033,
            0.30808740854263306,
            0.30808740854263306,
            0.6815905570983887,
            0.0,
            1.0,
            1.0,
            0.0,
            0.0,
            0.0,
            0.0,
            0.0,
            2.0,
            1.0,
            1.0,
            2.0,
            1.0,
            1.0,
            1.0,
            1.0,
            1.0,
            1.0,
            1.0,
            1.0,
            1.0,
            1.0,
            1.0,
            1.0,
            1.0,
            1.0,
            1.0,
            1.0,
            1.0
        ],
        [
            0.0,
            0.0,
            0.0,
            0.0,
            0.0,
            0.0,
            0.0,
            0.0,
            0.0,
            0.0,
            0.0,
            0.0,
            0.0,
            0.0,
            0.0,
            0.0,
            0.0,
            0.0,
            0.0,
            0.0,
            0.0,
            0.0,
            0.0,
            0.0,
            0.0,
            0.0,
            0.0,
            0.0,
            0.0,
            0.0,
            0.0,
            0.0,
            0.0,
            0.0,
            0.0,
            0.0,
            0.0,
            -1.0,
            -1.0,
            -1.0,
            -1.0,
            -1.0,
            -1.0,
            -1.0,
            -1.0,
            -1.0,
            -1.0,
            -1.0,
            -1.0,
            -1.0,
            -1.0,
            -1.0,
            -1.0,
            -1.0,
            -1.0,
            -1.0,
            -1.0,
            -1.0
        ]
    ],
    "eval_steps": 2
}