{
    "eval_chronic": "/home/trlautenbacher/data_grid2op/rte_case5_example_val/chronics/12",
    "eval_rewards": [
        [
            0.03551330613551531,
            -0.04342857142857134,
            -1.0
        ],
        [
            0.0,
            0.0,
            0.0
        ]
    ],
    "eval_actions": [
        7,
        17
    ],
    "eval_states": [
        [
            0.30000001192092896,
            25.629371643066406,
            7.800000190734863,
            8.300000190734863,
            8.100000381469727,
            8.25452709197998,
            -0.5869096517562866,
            7.82595682144165,
            -6.661339282989502,
            -17.06360626220703,
            -8.812023162841797,
            -8.812023162841797,
            -1.438660979270935,
            -7.341468334197998,
            0.8844369649887085,
            -7.800000190734863,
            6.757031440734863,
            17.374845504760742,
            8.825258255004883,
            8.825258255004883,
            1.4980899095535278,
            0.5609190464019775,
            0.8055494427680969,
            0.33943092823028564,
            0.6511603593826294,
            0.4798343777656555,
            0.20242933928966522,
            0.20242933928966522,
            0.5971745252609253,
            0.0,
            0.0,
            0.0,
            0.0,
            0.0,
            0.0,
            0.0,
            0.0,
            2.0,
            2.0,
            1.0,
            2.0,
            2.0,
            1.0,
            1.0,
            1.0,
            1.0,
            1.0,
            1.0,
            1.0,
            1.0,
            1.0,
            1.0,
            1.0,
            1.0,
            1.0,
            1.0,
            1.0,
            1.0
        ],
        [
            0.0,
            0.0,
            0.0,
            0.0,
            0.0,
            0.0,
            0.0,
            0.0,
            0.0,
            0.0,
            0.0,
            0.0,
            0.0,
            0.0,
            0.0,
            0.0,
            0.0,
            0.0,
            0.0,
            0.0,
            0.0,
            0.0,
            0.0,
            0.0,
            0.0,
            0.0,
            0.0,
            0.0,
            0.0,
            0.0,
            0.0,
            0.0,
            0.0,
            0.0,
            0.0,
            0.0,
            0.0,
            -1.0,
            -1.0,
            -1.0,
            -1.0,
            -1.0,
            -1.0,
            -1.0,
            -1.0,
            -1.0,
            -1.0,
            -1.0,
            -1.0,
            -1.0,
            -1.0,
            -1.0,
            -1.0,
            -1.0,
            -1.0,
            -1.0,
            -1.0,
            -1.0
        ]
    ],
    "eval_steps": 115
}