{
    "eval_chronic": "/home/trlautenbacher/data_grid2op/rte_case5_example_val/chronics/12",
    "eval_rewards": [
        [
            0.03551330613551531,
            -0.04342857142857134,
            -1.0
        ],
        [
            0.00177144259636887,
            -0.002666666666666666,
            -1.0
        ],
        [
            0.8882436974438218,
            -0.36095238095237314,
            -0.5
        ]
    ],
    "eval_actions": [
        7,
        30,
        27
    ],
    "eval_states": [
        [
            0.30000001192092896,
            25.629371643066406,
            7.800000190734863,
            8.300000190734863,
            8.100000381469727,
            8.25452709197998,
            -0.5869096517562866,
            7.82595682144165,
            -6.661339282989502,
            -17.06360626220703,
            -8.812023162841797,
            -8.812023162841797,
            -1.438660979270935,
            -7.341468334197998,
            0.8844369649887085,
            -7.800000190734863,
            6.757031440734863,
            17.374845504760742,
            8.825258255004883,
            8.825258255004883,
            1.4980899095535278,
            0.5609190464019775,
            0.8055494427680969,
            0.33943092823028564,
            0.6511603593826294,
            0.4798343777656555,
            0.20242933928966522,
            0.20242933928966522,
            0.5971745252609253,
            0.0,
            0.0,
            0.0,
            0.0,
            0.0,
            0.0,
            0.0,
            0.0,
            2.0,
            2.0,
            1.0,
            2.0,
            2.0,
            1.0,
            1.0,
            1.0,
            1.0,
            1.0,
            1.0,
            1.0,
            1.0,
            1.0,
            1.0,
            1.0,
            1.0,
            1.0,
            1.0,
            1.0,
            1.0
        ],
        [
            0.5,
            29.480350494384766,
            9.0,
            9.300000190734863,
            9.399999618530273,
            9.54839038848877,
            -0.6348647475242615,
            9.036006927490234,
            -7.679126739501953,
            -19.535184860229492,
            -10.06833553314209,
            -10.06833553314209,
            -1.7208728790283203,
            -8.346321105957031,
            1.0355224609375,
            -9.0,
            7.810798168182373,
            19.931961059570312,
            10.0850248336792,
            10.0850248336792,
            1.8006649017333984,
            0.6454921364784241,
            0.9411236047744751,
            0.3951610028743744,
            0.7715577483177185,
            0.5409734845161438,
            0.22609379887580872,
            0.22609379887580872,
            0.6842688322067261,
            0.0,
            0.0,
            0.0,
            0.0,
            0.0,
            0.0,
            0.0,
            0.0,
            2.0,
            2.0,
            1.0,
            2.0,
            2.0,
            1.0,
            1.0,
            1.0,
            1.0,
            1.0,
            1.0,
            1.0,
            1.0,
            1.0,
            1.0,
            1.0,
            1.0,
            1.0,
            1.0,
            1.0,
            1.0
        ],
        [
            0.6000000238418579,
            27.470273971557617,
            9.199999809265137,
            9.399999618530273,
            9.300000190734863,
            -0.5946429967880249,
            8.421773910522461,
            3.1996047496795654,
            -2.3945891857147217,
            -27.9658203125,
            -9.759283065795898,
            -9.759283065795898,
            -6.905411243438721,
            0.6000000238418579,
            -8.400757789611816,
            -3.1957855224609375,
            2.3965437412261963,
            28.064916610717773,
            9.77202320098877,
            9.77202320098877,
            6.918961048126221,
            0.056816522032022476,
            0.23745884001255035,
            0.1488504260778427,
            0.08534352481365204,
            0.266506165266037,
            0.18873634934425354,
            0.18873634934425354,
            0.2495577037334442,
            0.0,
            0.0,
            0.0,
            0.0,
            0.0,
            0.0,
            0.0,
            0.0,
            2.0,
            1.0,
            1.0,
            1.0,
            2.0,
            1.0,
            1.0,
            1.0,
            1.0,
            1.0,
            1.0,
            1.0,
            1.0,
            1.0,
            1.0,
            1.0,
            1.0,
            1.0,
            1.0,
            1.0,
            1.0
        ]
    ],
    "eval_steps": 2016
}