{
    "eval_chronic": "/home/trlautenbacher/data_grid2op/rte_case5_example_val/chronics/19",
    "eval_rewards": [
        [
            0.0002585865850118767,
            -0.0003809523809523809,
            -1.0
        ],
        [
            0.0001356255050241604,
            -0.0002857142857142857,
            0.0
        ],
        [
            0.0,
            0.0,
            0.0
        ]
    ],
    "eval_actions": [
        39,
        40,
        13
    ],
    "eval_states": [
        [
            2.0,
            25.956096649169922,
            8.600000381469727,
            8.199999809265137,
            7.800000190734863,
            11.833157539367676,
            3.871002674102783,
            1.3181846141815186,
            -7.800463676452637,
            -13.438884735107422,
            -4.759092330932617,
            -4.759092330932617,
            0.00046335672959685326,
            -10.03751277923584,
            -3.3587899208068848,
            -1.0197240114212036,
            7.816026210784912,
            14.122939109802246,
            4.78394079208374,
            4.78394079208374,
            9.256805391655298e-13,
            0.791779637336731,
            1.0693714618682861,
            0.9665206670761108,
            0.276508092880249,
            0.70870441198349,
            0.27994269132614136,
            0.27994269132614136,
            3.281856259191099e-14,
            0.0,
            1.0,
            0.0,
            0.0,
            0.0,
            0.0,
            0.0,
            0.0,
            1.0,
            1.0,
            1.0,
            1.0,
            1.0,
            1.0,
            1.0,
            1.0,
            1.0,
            1.0,
            1.0,
            1.0,
            1.0,
            2.0,
            2.0,
            2.0,
            1.0,
            2.0,
            1.0,
            1.0,
            1.0
        ],
        [
            1.899999976158142,
            28.00282859802246,
            8.600000381469727,
            8.199999809265137,
            7.800000190734863,
            15.06274127960205,
            7.070523738861084,
            4.668570518493652,
            -16.021530151367188,
            -11.829907417297363,
            -2.334285259246826,
            -2.334285259246826,
            8.221529006958008,
            -12.260056495666504,
            -6.298069477081299,
            -4.2395806312561035,
            16.097705841064453,
            12.94008731842041,
            2.3796918392181396,
            2.3796918392181396,
            -8.199999809265137,
            0.9923950433731079,
            1.322363257408142,
            1.1728758811950684,
            0.6036851406097412,
            0.9011663794517517,
            0.3747597634792328,
            0.3747597634792328,
            0.3555569350719452,
            0.0,
            2.0,
            1.0,
            0.0,
            0.0,
            0.0,
            0.0,
            0.0,
            1.0,
            1.0,
            1.0,
            1.0,
            1.0,
            1.0,
            1.0,
            1.0,
            1.0,
            1.0,
            1.0,
            1.0,
            1.0,
            2.0,
            2.0,
            2.0,
            1.0,
            1.0,
            1.0,
            1.0,
            1.0
        ],
        [
            0.0,
            0.0,
            0.0,
            0.0,
            0.0,
            0.0,
            0.0,
            0.0,
            0.0,
            0.0,
            0.0,
            0.0,
            0.0,
            0.0,
            0.0,
            0.0,
            0.0,
            0.0,
            0.0,
            0.0,
            0.0,
            0.0,
            0.0,
            0.0,
            0.0,
            0.0,
            0.0,
            0.0,
            0.0,
            0.0,
            0.0,
            0.0,
            0.0,
            0.0,
            0.0,
            0.0,
            0.0,
            -1.0,
            -1.0,
            -1.0,
            -1.0,
            -1.0,
            -1.0,
            -1.0,
            -1.0,
            -1.0,
            -1.0,
            -1.0,
            -1.0,
            -1.0,
            -1.0,
            -1.0,
            -1.0,
            -1.0,
            -1.0,
            -1.0,
            -1.0,
            -1.0
        ]
    ],
    "eval_steps": 3
}