{
    "eval_chronic": "/home/trlautenbacher/data_grid2op/rte_case5_example_val/chronics/19",
    "eval_rewards": [
        [
            0.0002268793247194526,
            -0.0003809523809523809,
            -1.0
        ],
        [
            6.404367956639308e-05,
            -0.0006666666666666666,
            -1.0
        ],
        [
            0.0001992060857789269,
            -0.0005714285714285714,
            -0.5
        ],
        [
            0.0,
            0.0,
            0.0
        ]
    ],
    "eval_actions": [
        41,
        12,
        42,
        12
    ],
    "eval_states": [
        [
            2.0,
            25.801000595092773,
            8.600000381469727,
            8.199999809265137,
            7.800000190734863,
            11.375762939453125,
            3.3504576683044434,
            -1.096423625946045,
            -4.7206830978393555,
            -13.709735870361328,
            -10.226067543029785,
            -9.271490910081615e-13,
            -3.0793168544769287,
            -9.707155227661133,
            -2.918076515197754,
            1.2387354373931885,
            4.786495685577393,
            14.425237655639648,
            10.359219551086426,
            5.808201967738569e-05,
            3.1224918365478516,
            0.7627951502799988,
            0.9793006777763367,
            0.6462855935096741,
            0.5314240455627441,
            0.7246679067611694,
            0.6320348978042603,
            0.0258871391415596,
            0.5151363015174866,
            0.0,
            0.0,
            0.0,
            0.0,
            0.0,
            0.0,
            0.0,
            0.0,
            1.0,
            1.0,
            1.0,
            1.0,
            1.0,
            1.0,
            1.0,
            1.0,
            1.0,
            1.0,
            1.0,
            1.0,
            1.0,
            2.0,
            2.0,
            1.0,
            2.0,
            2.0,
            1.0,
            1.0,
            1.0
        ],
        [
            1.899999976158142,
            25.791927337646484,
            8.600000381469727,
            8.199999809265137,
            7.800000190734863,
            8.599291801452637,
            0.15512096881866455,
            2.044403314590454,
            -2.7541730403900146,
            -16.585315704345703,
            -15.577597618103027,
            -9.287621670003854e-13,
            -5.0458269119262695,
            -8.530220985412598,
            -0.0697796642780304,
            -1.1833449602127075,
            3.0833449363708496,
            17.192636489868164,
            16.430137634277344,
            5.8028985222335905e-05,
            5.333194255828857,
            0.14684438705444336,
            0.4919627904891968,
            1.6895246505737305,
            1.2435286045074463,
            0.6680612564086914,
            1.580852746963501,
            0.02587531879544258,
            1.2550004720687866,
            0.0,
            0.0,
            1.0,
            1.0,
            0.0,
            1.0,
            0.0,
            1.0,
            2.0,
            2.0,
            1.0,
            1.0,
            1.0,
            2.0,
            1.0,
            1.0,
            1.0,
            1.0,
            1.0,
            1.0,
            1.0,
            2.0,
            2.0,
            1.0,
            2.0,
            2.0,
            1.0,
            1.0,
            1.0
        ],
        [
            1.899999976158142,
            24.093360900878906,
            8.5,
            8.0,
            7.900000095367432,
            8.234081268310547,
            0.3493357300758362,
            1.6259942054748535,
            -2.9446394443511963,
            -15.551335334777832,
            -6.718493938446045,
            -8.0,
            -4.955360412597656,
            -8.194917678833008,
            -0.3050827980041504,
            -1.2099418640136719,
            3.1099419593811035,
            15.859280586242676,
            7.191068172454834,
            8.010931015014648,
            5.092499732971191,
            0.10935167968273163,
            0.36527788639068604,
            1.153532862663269,
            0.8673135042190552,
            0.4773848056793213,
            1.1803855895996094,
            0.17115658521652222,
            0.8813050389289856,
            0.0,
            0.0,
            2.0,
            0.0,
            0.0,
            2.0,
            0.0,
            0.0,
            2.0,
            2.0,
            1.0,
            1.0,
            1.0,
            2.0,
            1.0,
            1.0,
            1.0,
            1.0,
            1.0,
            1.0,
            1.0,
            2.0,
            2.0,
            1.0,
            2.0,
            1.0,
            1.0,
            1.0,
            1.0
        ],
        [
            0.0,
            0.0,
            0.0,
            0.0,
            0.0,
            0.0,
            0.0,
            0.0,
            0.0,
            0.0,
            0.0,
            0.0,
            0.0,
            0.0,
            0.0,
            0.0,
            0.0,
            0.0,
            0.0,
            0.0,
            0.0,
            0.0,
            0.0,
            0.0,
            0.0,
            0.0,
            0.0,
            0.0,
            0.0,
            0.0,
            0.0,
            0.0,
            0.0,
            0.0,
            0.0,
            0.0,
            0.0,
            -1.0,
            -1.0,
            -1.0,
            -1.0,
            -1.0,
            -1.0,
            -1.0,
            -1.0,
            -1.0,
            -1.0,
            -1.0,
            -1.0,
            -1.0,
            -1.0,
            -1.0,
            -1.0,
            -1.0,
            -1.0,
            -1.0,
            -1.0,
            -1.0
        ]
    ],
    "eval_steps": 4
}