{
    "eval_chronic": "/home/trlautenbacher/data_grid2op/rte_case5_example_val/chronics/12",
    "eval_rewards": [
        [
            0.029177140059487374,
            -0.042380952380952436,
            -1.0
        ],
        [
            0.00031761720209561815,
            -0.0005714285714285714,
            -1.0
        ],
        [
            3.954030321021404e-05,
            -0.0002857142857142857,
            -0.5
        ],
        [
            0.0,
            0.0,
            0.0
        ]
    ],
    "eval_actions": [
        2,
        37,
        28,
        34
    ],
    "eval_states": [
        [
            0.30000001192092896,
            26.32218360900879,
            7.800000190734863,
            8.300000190734863,
            8.100000381469727,
            9.874114990234375,
            1.1896162033081055,
            -1.7056965827941895,
            0.0004616523801814765,
            -15.944766998291016,
            -7.355907917022705,
            -7.355907917022705,
            -8.100461959838867,
            -8.593796730041504,
            -0.8269320726394653,
            1.9207289218902588,
            -9.252493519615324e-13,
            16.448068618774414,
            7.377575397491455,
            7.377575397491455,
            8.117512702941895,
            0.666581392288208,
            0.8934939503669739,
            0.8102020025253296,
            3.3073963354298894e-14,
            0.6087077260017395,
            0.2608397603034973,
            0.2608397603034973,
            0.2879382073879242,
            0.0,
            0.0,
            0.0,
            0.0,
            0.0,
            0.0,
            0.0,
            0.0,
            2.0,
            2.0,
            2.0,
            1.0,
            2.0,
            2.0,
            1.0,
            1.0,
            1.0,
            1.0,
            1.0,
            1.0,
            1.0,
            1.0,
            1.0,
            1.0,
            1.0,
            1.0,
            1.0,
            1.0,
            1.0
        ],
        [
            0.5,
            27.73627281188965,
            8.5,
            8.5,
            8.800000190734863,
            11.218829154968262,
            4.63768997163716e-13,
            -1.0901436805725098,
            0.00046108741662465036,
            -16.320161819458008,
            -8.115260124206543,
            -8.115260124206543,
            -8.800460815429688,
            -9.592879295349121,
            0.0006492077955044806,
            1.5922300815582275,
            9.252554234936983e-13,
            16.51744270324707,
            8.160080909729004,
            8.160080909729004,
            8.820663452148438,
            0.7528164386749268,
            0.07894150167703629,
            1.2739744186401367,
            3.3828601947666695e-14,
            0.38308587670326233,
            0.37128812074661255,
            0.37128812074661255,
            0.31334397196769714,
            0.0,
            0.0,
            1.0,
            0.0,
            0.0,
            0.0,
            0.0,
            0.0,
            2.0,
            2.0,
            2.0,
            1.0,
            2.0,
            2.0,
            1.0,
            1.0,
            1.0,
            2.0,
            1.0,
            1.0,
            1.0,
            1.0,
            1.0,
            1.0,
            1.0,
            1.0,
            1.0,
            1.0,
            1.0
        ],
        [
            0.5,
            29.023204803466797,
            8.5,
            8.699999809265137,
            8.899999618530273,
            8.523009300231934,
            4.635508014765033e-13,
            3.3732597827911377,
            -2.4277873039245605,
            -19.412569046020508,
            -9.445905685424805,
            -9.445905685424805,
            -6.472212314605713,
            -8.5,
            0.0006492077955044806,
            -2.3300678730010986,
            2.829418659210205,
            20.500194549560547,
            9.706284523010254,
            9.706284523010254,
            6.818552017211914,
            0.09783156961202621,
            0.07894150167703629,
            1.8665956258773804,
            1.3785978555679321,
            0.8919361233711243,
            0.8792883157730103,
            0.8792883157730103,
            1.3728832006454468,
            0.0,
            0.0,
            2.0,
            1.0,
            0.0,
            0.0,
            0.0,
            1.0,
            2.0,
            1.0,
            1.0,
            1.0,
            1.0,
            2.0,
            1.0,
            1.0,
            1.0,
            2.0,
            1.0,
            1.0,
            1.0,
            1.0,
            1.0,
            1.0,
            1.0,
            1.0,
            1.0,
            1.0,
            1.0
        ],
        [
            0.0,
            0.0,
            0.0,
            0.0,
            0.0,
            0.0,
            0.0,
            0.0,
            0.0,
            0.0,
            0.0,
            0.0,
            0.0,
            0.0,
            0.0,
            0.0,
            0.0,
            0.0,
            0.0,
            0.0,
            0.0,
            0.0,
            0.0,
            0.0,
            0.0,
            0.0,
            0.0,
            0.0,
            0.0,
            0.0,
            0.0,
            0.0,
            0.0,
            0.0,
            0.0,
            0.0,
            0.0,
            -1.0,
            -1.0,
            -1.0,
            -1.0,
            -1.0,
            -1.0,
            -1.0,
            -1.0,
            -1.0,
            -1.0,
            -1.0,
            -1.0,
            -1.0,
            -1.0,
            -1.0,
            -1.0,
            -1.0,
            -1.0,
            -1.0,
            -1.0,
            -1.0
        ]
    ],
    "eval_steps": 92
}