{"DoNothing/train/reward_0": 0.0, "DoNothing/train/reward_1": 0.00017213838006393923, "DoNothing/train/reward_2": 0.0, "DoNothing/train/grid2opsteps": 1024, "_timestamp": 1721644458.8497183, "_runtime": 2.628148317337036, "_step": 16, "_wandb": {"runtime": 1}, "DoNothing/eval/reward_0": 0.0013713818860877686, "DoNothing/eval/reward_1": 0.0013233185644743713, "DoNothing/eval/reward_2": -0.058823529411764705}