{"train/reward_0": 0.0002280850541292436, "train/reward_1": 0.6666666666666667, "train/reward_2": -1.0, "train/grid2opsteps": 92, "_timestamp": 1722454148.1939058, "_runtime": 34.496983766555786, "_step": 36, "_wandb": {"runtime": 33}}