{"DoNothing/train/reward_0": 0.0, "DoNothing/train/reward_1": 0.0001931251561217152, "DoNothing/train/reward_2": 0.0, "DoNothing/train/grid2opsteps": 214, "_timestamp": 1721724805.0710244, "_runtime": 3.3904824256896973, "_step": 128, "_wandb": {"runtime": 2}, "DoNothing/eval/reward_0": 0.0013713818860877686, "DoNothing/eval/reward_1": 0.0013233185644743713, "DoNothing/eval/reward_2": 0.0}