{"Action dimension": 99, "_timestamp": 1720446823.2641282, "_runtime": 2.0058701038360596, "_step": 1, "Observation dimension": [58], "_wandb": {"runtime": 3}}