{
    "eval_chronic": "/home/trlautenbacher/data_grid2op/rte_case5_example_val/chronics/19",
    "eval_rewards": [
        [
            0.00017424882295626927,
            -0.00019047619047619045,
            -1.0
        ],
        [
            9.048871913350115e-05,
            -0.0003809523809523809,
            -1.0
        ],
        [
            0.0,
            0.0,
            0.0
        ]
    ],
    "eval_actions": [
        36,
        51,
        40
    ],
    "eval_states": [
        [
            2.0,
            26.34185791015625,
            8.600000381469727,
            8.199999809265137,
            7.800000190734863,
            13.39727783203125,
            -0.0971764624118805,
            -0.04541398584842682,
            -3.9984028339385986,
            -12.453624725341797,
            -11.983375549316406,
            -0.035429056733846664,
            -3.8015973567962646,
            -11.137466430664062,
            0.2091614007949829,
            0.24387991428375244,
            4.08442497253418,
            12.944579124450684,
            12.453624725341797,
            0.0971764624118805,
            3.8642191886901855,
            0.889803946018219,
            0.4789448082447052,
            0.7754613757133484,
            0.6131350994110107,
            0.6013515591621399,
            1.1773402690887451,
            0.4090910255908966,
            0.6106588244438171,
            0.0,
            0.0,
            0.0,
            0.0,
            0.0,
            1.0,
            0.0,
            0.0,
            1.0,
            1.0,
            1.0,
            1.0,
            1.0,
            1.0,
            1.0,
            1.0,
            1.0,
            2.0,
            1.0,
            1.0,
            2.0,
            1.0,
            1.0,
            1.0,
            1.0,
            1.0,
            1.0,
            1.0,
            1.0
        ],
        [
            1.899999976158142,
            28.21810531616211,
            8.600000381469727,
            8.199999809265137,
            7.800000190734863,
            17.242538452148438,
            3.175741195678711,
            -8.199999809265137,
            -1.394680142402649,
            -10.434065818786621,
            -9.91448974609375,
            3.331512451171875,
            -6.405320167541504,
            -13.657705307006836,
            -2.869563102722168,
            8.228578567504883,
            1.598689317703247,
            10.975566864013672,
            10.434065818786621,
            -3.175741195678711,
            6.582976818084717,
            1.124041199684143,
            0.8178847432136536,
            0.29826998710632324,
            0.9685747027397156,
            0.6312794089317322,
            1.237001895904541,
            0.6574221253395081,
            0.9962275624275208,
            1.0,
            0.0,
            0.0,
            0.0,
            0.0,
            2.0,
            0.0,
            0.0,
            1.0,
            1.0,
            1.0,
            1.0,
            1.0,
            1.0,
            1.0,
            1.0,
            1.0,
            2.0,
            1.0,
            1.0,
            2.0,
            2.0,
            1.0,
            1.0,
            1.0,
            2.0,
            1.0,
            1.0,
            1.0
        ],
        [
            0.0,
            0.0,
            0.0,
            0.0,
            0.0,
            0.0,
            0.0,
            0.0,
            0.0,
            0.0,
            0.0,
            0.0,
            0.0,
            0.0,
            0.0,
            0.0,
            0.0,
            0.0,
            0.0,
            0.0,
            0.0,
            0.0,
            0.0,
            0.0,
            0.0,
            0.0,
            0.0,
            0.0,
            0.0,
            0.0,
            0.0,
            0.0,
            0.0,
            0.0,
            0.0,
            0.0,
            0.0,
            -1.0,
            -1.0,
            -1.0,
            -1.0,
            -1.0,
            -1.0,
            -1.0,
            -1.0,
            -1.0,
            -1.0,
            -1.0,
            -1.0,
            -1.0,
            -1.0,
            -1.0,
            -1.0,
            -1.0,
            -1.0,
            -1.0,
            -1.0,
            -1.0
        ]
    ],
    "eval_steps": 3
}