{
    "eval_chronic": "/home/trlautenbacher/data_grid2op/rte_case5_example_val/chronics/19",
    "eval_rewards": [
        [
            0.02941256879744002,
            -0.04190476190476196,
            -1.0
        ],
        [
            0.000279402949681362,
            -0.0007619047619047618,
            -1.0
        ],
        [
            0.00027418240546951976,
            -0.0004761904761904762,
            0.0
        ],
        [
            0.7968125914097145,
            -0.5502857142857138,
            -0.5
        ]
    ],
    "eval_actions": [
        2,
        46,
        38,
        11
    ],
    "eval_states": [
        [
            2.0,
            24.67810821533203,
            8.600000381469727,
            8.199999809265137,
            7.800000190734863,
            9.093437194824219,
            0.9183204174041748,
            -1.8223587274551392,
            0.00046177691547200084,
            -15.15003490447998,
            -7.096864223480225,
            -7.096864223480225,
            -7.800461769104004,
            -7.997000694274902,
            -0.6090759634971619,
            2.0060760974884033,
            -4.621386823569495e-13,
            15.584671020507812,
            7.115857124328613,
            7.115857124328613,
            7.816087245941162,
            0.6159014701843262,
            0.8220195174217224,
            0.7437765598297119,
            1.6409281295955494e-14,
            0.5660962462425232,
            0.24476781487464905,
            0.24476781487464905,
            0.27698391675949097,
            0.0,
            0.0,
            0.0,
            0.0,
            0.0,
            0.0,
            0.0,
            0.0,
            2.0,
            2.0,
            2.0,
            1.0,
            2.0,
            2.0,
            1.0,
            1.0,
            1.0,
            1.0,
            1.0,
            1.0,
            1.0,
            1.0,
            1.0,
            1.0,
            1.0,
            1.0,
            1.0,
            1.0,
            1.0
        ],
        [
            0.6000000238418579,
            28.1794490814209,
            9.199999809265137,
            8.5,
            8.300000190734863,
            10.706686973571777,
            1.4325144290924072,
            -1.4141840934753418,
            0.00046178040793165565,
            -16.933807373046875,
            -8.5,
            -6.904138088226318,
            -8.300461769104004,
            -9.216605186462402,
            -0.9825847744941711,
            1.5991897583007812,
            4.634642279330303e-13,
            17.472763061523438,
            8.512460708618164,
            6.988831043243408,
            8.31832218170166,
            0.7201286554336548,
            0.9996673464775085,
            0.7465132474899292,
            1.6914300973833347e-14,
            0.6296694874763489,
            0.18306376039981842,
            0.5067424178123474,
            0.2949907183647156,
            0.0,
            0.0,
            0.0,
            0.0,
            0.0,
            0.0,
            0.0,
            0.0,
            2.0,
            2.0,
            2.0,
            1.0,
            2.0,
            2.0,
            1.0,
            1.0,
            1.0,
            1.0,
            1.0,
            1.0,
            1.0,
            2.0,
            1.0,
            2.0,
            2.0,
            1.0,
            1.0,
            1.0,
            1.0
        ],
        [
            0.6000000238418579,
            28.624675750732422,
            9.199999809265137,
            8.699999809265137,
            8.399999618530273,
            10.931317329406738,
            1.5186822414398193,
            -1.597635269165039,
            0.00046150293201208115,
            -17.090845108032227,
            -7.760557174682617,
            -7.760557174682617,
            -8.400461196899414,
            -9.382275581359863,
            -1.077085256576538,
            1.859361171722412,
            0.0,
            17.693357467651367,
            7.786081790924072,
            7.786081790924072,
            8.418749809265137,
            0.7344890832901001,
            0.9900028109550476,
            0.9008567929267883,
            0.0,
            0.6654224991798401,
            0.2823004126548767,
            0.2823004126548767,
            0.2986327111721039,
            0.0,
            0.0,
            0.0,
            0.0,
            0.0,
            0.0,
            0.0,
            0.0,
            2.0,
            2.0,
            2.0,
            1.0,
            2.0,
            2.0,
            1.0,
            1.0,
            1.0,
            1.0,
            1.0,
            1.0,
            1.0,
            1.0,
            1.0,
            1.0,
            1.0,
            1.0,
            1.0,
            1.0,
            1.0
        ],
        [
            0.6000000238418579,
            26.223108291625977,
            9.199999809265137,
            8.600000381469727,
            8.300000190734863,
            4.999403476715088,
            -5.079751491546631,
            7.8475494384765625,
            1.377253532409668,
            -21.11761474609375,
            -13.075626373291016,
            -13.075626373291016,
            -9.677253723144531,
            -4.649901866912842,
            5.24990177154541,
            -7.823258876800537,
            -1.3767409324645996,
            21.223705291748047,
            13.09868335723877,
            13.09868335723877,
            9.703702926635742,
            0.34214165806770325,
            0.6004960536956787,
            0.3242570757865906,
            0.07919436693191528,
            0.2811003029346466,
            0.254599928855896,
            0.254599928855896,
            0.35280996561050415,
            0.0,
            0.0,
            0.0,
            0.0,
            0.0,
            0.0,
            0.0,
            0.0,
            2.0,
            2.0,
            1.0,
            1.0,
            2.0,
            1.0,
            1.0,
            1.0,
            1.0,
            1.0,
            1.0,
            1.0,
            1.0,
            1.0,
            1.0,
            1.0,
            1.0,
            1.0,
            1.0,
            1.0,
            1.0
        ]
    ],
    "eval_steps": 2016
}