{
    "eval_chronic": "/home/trlautenbacher/data_grid2op/rte_case5_example_val/chronics/19",
    "eval_rewards": [
        [
            0.000265221037237518,
            -0.0002857142857142857,
            -1.0
        ],
        [
            0.00029773709724187234,
            -0.0006666666666666666,
            -1.0
        ],
        [
            0.7961987837730456,
            -1.3386666666666382,
            -0.5
        ],
        [
            0.001717283848130983,
            -0.0030476190476190473,
            -1.0
        ],
        [
            0.10135815397378008,
            -0.17447619047619042,
            -0.3333333333333333
        ],
        [
            0.0014604480676147832,
            -0.0030476190476190473,
            -0.5
        ],
        [
            0.009205437928742951,
            -0.01333333333333333,
            -0.25
        ]
    ],
    "eval_actions": [
        20,
        39,
        16,
        30,
        15,
        39,
        24
    ],
    "eval_states": [
        [
            2.0,
            23.947877883911133,
            8.600000381469727,
            8.199999809265137,
            7.800000190734863,
            9.285236358642578,
            2.6868021488189697,
            -0.5735146403312683,
            -3.9915175437927246,
            -14.259552001953125,
            -5.780397891998291,
            -5.780397891998291,
            -3.8084826469421387,
            -9.23601245880127,
            -2.150015354156494,
            0.6360117793083191,
            4.150015354156494,
            14.662641525268555,
            5.786375045776367,
            5.786375045776367,
            3.9343109130859375,
            0.12374977022409439,
            1.095579981803894,
            0.5420461297035217,
            0.8485938906669617,
            0.545406699180603,
            0.1388966590166092,
            0.1388966590166092,
            0.8465371131896973,
            0.0,
            1.0,
            0.0,
            0.0,
            0.0,
            0.0,
            0.0,
            0.0,
            2.0,
            1.0,
            2.0,
            1.0,
            1.0,
            2.0,
            1.0,
            1.0,
            1.0,
            1.0,
            1.0,
            1.0,
            1.0,
            1.0,
            1.0,
            1.0,
            1.0,
            1.0,
            1.0,
            1.0,
            1.0
        ],
        [
            1.899999976158142,
            25.050443649291992,
            8.600000381469727,
            8.199999809265137,
            7.800000190734863,
            9.133797645568848,
            7.571585655212402,
            -0.4278353154659271,
            -7.800463676452637,
            -15.362244606018066,
            -3.886082172393799,
            -3.886082172393799,
            0.0004633597272913903,
            -9.087384223937988,
            -5.915959358215332,
            0.487384170293808,
            7.8159589767456055,
            15.916646957397461,
            3.895329475402832,
            3.895329475402832,
            3.4835235807457966e-15,
            0.12000484764575958,
            1.9539659023284912,
            0.5307668447494507,
            0.2765161097049713,
            0.6385846734046936,
            0.15188054740428925,
            0.15188054740428925,
            4.1023203239888735e-15,
            0.0,
            2.0,
            0.0,
            0.0,
            0.0,
            0.0,
            0.0,
            0.0,
            2.0,
            1.0,
            2.0,
            1.0,
            1.0,
            2.0,
            1.0,
            1.0,
            1.0,
            1.0,
            1.0,
            1.0,
            1.0,
            2.0,
            2.0,
            2.0,
            1.0,
            2.0,
            1.0,
            1.0,
            1.0
        ],
        [
            1.899999976158142,
            22.659629821777344,
            8.5,
            8.0,
            7.900000095367432,
            12.87251091003418,
            -1.8456284999847412,
            3.592679023742676,
            -7.900460720062256,
            -9.757150650024414,
            -5.796339511871338,
            -5.796339511871338,
            0.00046039590961299837,
            -12.831575393676758,
            1.899999976158142,
            -3.5848891735076904,
            7.916464328765869,
            9.787118911743164,
            5.801389694213867,
            5.801389694213867,
            0.0,
            0.12178704887628555,
            0.32216525077819824,
            0.2178971767425537,
            0.2809520363807678,
            0.1520983874797821,
            0.11586728692054749,
            0.11586728692054749,
            0.0,
            0.0,
            0.0,
            0.0,
            0.0,
            0.0,
            0.0,
            0.0,
            0.0,
            2.0,
            1.0,
            2.0,
            2.0,
            1.0,
            2.0,
            1.0,
            1.0,
            1.0,
            1.0,
            1.0,
            1.0,
            1.0,
            2.0,
            2.0,
            2.0,
            1.0,
            2.0,
            1.0,
            1.0,
            1.0
        ],
        [
            7.900000095367432,
            14.504535675048828,
            7.599999904632568,
            7.300000190734863,
            7.0,
            10.575936317443848,
            -7.563082695007324,
            4.087804317474365,
            -7.000461101531982,
            -3.8333094120025635,
            -5.693902015686035,
            -5.693902015686035,
            0.0004609532770700753,
            -10.53891658782959,
            7.900000095367432,
            -4.073880672454834,
            7.0127973556518555,
            3.9285998344421387,
            5.698195934295654,
            5.698195934295654,
            4.616981168041601e-13,
            0.12256598472595215,
            0.9376921057701111,
            0.1769888997077942,
            0.2498369961977005,
            0.25572940707206726,
            0.11527249962091446,
            0.11527249962091446,
            1.6536981677149447e-14,
            0.0,
            0.0,
            0.0,
            0.0,
            0.0,
            0.0,
            0.0,
            0.0,
            2.0,
            1.0,
            2.0,
            2.0,
            1.0,
            2.0,
            1.0,
            1.0,
            1.0,
            1.0,
            1.0,
            1.0,
            1.0,
            2.0,
            2.0,
            2.0,
            1.0,
            2.0,
            1.0,
            1.0,
            1.0
        ],
        [
            8.0,
            13.241334915161133,
            7.400000095367432,
            6.900000095367432,
            6.800000190734863,
            2.063948631286621,
            7.41896390914917,
            -3.1649205684661865,
            -6.800463676452637,
            -11.157315254211426,
            -1.8675397634506226,
            -1.8675397634506226,
            0.00046361066051758826,
            -2.0018973350524902,
            -7.400000095367432,
            3.189891815185547,
            6.812005519866943,
            11.177386283874512,
            1.8691754341125488,
            1.8691754341125488,
            4.635736239322341e-13,
            0.1367403268814087,
            0.2335064858198166,
            0.23727194964885712,
            0.24254465103149414,
            0.12355489283800125,
            0.0800602063536644,
            0.0800602063536644,
            1.6914300973833347e-14,
            0.0,
            0.0,
            0.0,
            0.0,
            0.0,
            0.0,
            0.0,
            0.0,
            2.0,
            1.0,
            2.0,
            2.0,
            2.0,
            1.0,
            1.0,
            1.0,
            1.0,
            1.0,
            1.0,
            1.0,
            1.0,
