{
    "eval_chronic": "/home/trlautenbacher/data_grid2op/rte_case5_example_val/chronics/19",
    "eval_rewards": [
        [
            0.000265221037237518,
            -0.0002857142857142857,
            -1.0
        ],
        [
            0.7960244732001814,
            -0.5757142857142895,
            0.0
        ]
    ],
    "eval_actions": [
        20,
        23
    ],
    "eval_states": [
        [
            2.0,
            23.947877883911133,
            8.600000381469727,
            8.199999809265137,
            7.800000190734863,
            9.285236358642578,
            2.6868021488189697,
            -0.5735146403312683,
            -3.9915175437927246,
            -14.259552001953125,
            -5.780397891998291,
            -5.780397891998291,
            -3.8084826469421387,
            -9.23601245880127,
            -2.150015354156494,
            0.6360117793083191,
            4.150015354156494,
            14.662641525268555,
            5.786375045776367,
            5.786375045776367,
            3.9343109130859375,
            0.12374977022409439,
            1.095579981803894,
            0.5420461297035217,
            0.8485938906669617,
            0.545406699180603,
            0.1388966590166092,
            0.1388966590166092,
            0.8465371131896973,
            0.0,
            1.0,
            0.0,
            0.0,
            0.0,
            0.0,
            0.0,
            0.0,
            2.0,
            1.0,
            2.0,
            1.0,
            1.0,
            2.0,
            1.0,
            1.0,
            1.0,
            1.0,
            1.0,
            1.0,
            1.0,
            1.0,
            1.0,
            1.0,
            1.0,
            1.0,
            1.0,
            1.0,
            1.0
        ],
        [
            1.899999976158142,
            23.38262939453125,
            8.600000381469727,
            8.199999809265137,
            7.800000190734863,
            5.681231498718262,
            5.962769985198975,
            2.651412010192871,
            -7.047276020050049,
            -17.636690139770508,
            -5.828770637512207,
            -5.828770637512207,
            -0.7527239918708801,
            -5.234006404876709,
            -5.952887535095215,
            -2.6471128463745117,
            7.134006500244141,
            17.701396942138672,
            5.836960315704346,
            5.836960315704346,
            0.8061294555664062,
            0.38871392607688904,
            0.161251500248909,
            0.17666378617286682,
            0.6185088157653809,
            0.2201777696609497,
            0.16295896470546722,
            0.16295896470546722,
            0.5687450170516968,
            0.0,
            0.0,
            0.0,
            0.0,
            0.0,
            0.0,
            0.0,
            0.0,
            2.0,
            1.0,
            1.0,
            2.0,
            2.0,
            1.0,
            1.0,
            1.0,
            1.0,
            1.0,
            1.0,
            1.0,
            1.0,
            1.0,
            1.0,
            1.0,
            1.0,
            1.0,
            1.0,
            1.0,
            1.0
        ]
    ],
    "eval_steps": 2016
}