{
    "eval_chronic": "/home/trlautenbacher/data_grid2op/rte_case5_example_val/chronics/12",
    "eval_rewards": [
        [
            0.03860486174647057,
            -0.03171428571428566,
            -1.0
        ],
        [
            0.0005949782235770697,
            -0.0005714285714285714,
            0.0
        ],
        [
            0.816677173784828,
            -0.5437142857142842,
            0.0
        ]
    ],
    "eval_actions": [
        24,
        24,
        19
    ],
    "eval_states": [
        [
            0.30000001192092896,
            24.873184204101562,
            7.800000190734863,
            8.300000190734863,
            8.100000381469727,
            11.201451301574707,
            1.3280948400497437,
            -1.0968722105026245,
            -3.3379926681518555,
            -13.35234546661377,
            -6.00349760055542,
            -6.00349760055542,
            -4.762007713317871,
            -11.160903930664062,
            -1.010900855064392,
            1.3109009265899658,
            3.360903739929199,
            13.671732902526855,
            6.012125015258789,
            6.012125015258789,
            4.803866863250732,
            0.11516698449850082,
            0.833033561706543,
            0.8080304265022278,
            0.38658788800239563,
            0.48615604639053345,
            0.16699717938899994,
            0.16699717938899994,
            0.4160262644290924,
            0.0,
            0.0,
            0.0,
            0.0,
            0.0,
            0.0,
            0.0,
            0.0,
            2.0,
            1.0,
            1.0,
            2.0,
            1.0,
            2.0,
            1.0,
            1.0,
            1.0,
            1.0,
            1.0,
            1.0,
            1.0,
            1.0,
            1.0,
            1.0,
            1.0,
            1.0,
            1.0,
            1.0,
            1.0
        ],
        [
            0.5,
            28.12124252319336,
            8.800000190734863,
            9.300000190734863,
            9.300000190734863,
            12.69542121887207,
            1.4546548128128052,
            -1.276392936706543,
            -3.8174984455108643,
            -15.035796165466309,
            -6.780156135559082,
            -6.780156135559082,
            -5.48250150680542,
            -12.64566707611084,
            -1.0512151718139648,
            1.5512151718139648,
            3.8456668853759766,
            15.425821304321289,
            6.790570259094238,
            6.790570259094238,
            5.536705017089844,
            0.12865275144577026,
            0.9445223212242126,
            0.9247536659240723,
            0.42343974113464355,
            0.5365666747093201,
            0.18227489292621613,
            0.18227489292621613,
            0.4796335697174072,
            0.0,
            0.0,
            0.0,
            0.0,
            0.0,
            0.0,
            0.0,
            0.0,
            2.0,
            1.0,
            1.0,
            2.0,
            1.0,
            2.0,
            1.0,
            1.0,
            1.0,
            1.0,
            1.0,
            1.0,
            1.0,
            1.0,
            1.0,
            1.0,
            1.0,
            1.0,
            1.0,
            1.0,
            1.0
        ],
        [
            0.5,
            28.485342025756836,
            9.300000190734863,
            9.300000190734863,
            9.5,
            6.081060409545898,
            10.025349617004395,
            -5.875032901763916,
            -0.695436954498291,
            -22.306180953979492,
            -6.1279096603393555,
            -6.1279096603393555,
            -8.804563522338867,
            -5.571382999420166,
            -9.995973587036133,
            6.071382999420166,
            0.6959730386734009,
            22.404281616210938,
            6.140415668487549,
            6.140415668487549,
            8.830851554870605,
            0.4158352017402649,
            0.2770957052707672,
            0.7734285593032837,
            0.0973903089761734,
            0.26995450258255005,
            0.2003086358308792,
            0.2003086358308792,
            0.3427855372428894,
            0.0,
            0.0,
            0.0,
            0.0,
            0.0,
            0.0,
            0.0,
            0.0,
            2.0,
            1.0,
            2.0,
            1.0,
            2.0,
            1.0,
            1.0,
            1.0,
            1.0,
            1.0,
            1.0,
            1.0,
            1.0,
            1.0,
            1.0,
            1.0,
            1.0,
            1.0,
            1.0,
            1.0,
            1.0
        ]
    ],
    "eval_steps": 2016
}