{
    "eval_chronic": "/home/trlautenbacher/data_grid2op/rte_case5_example_val/chronics/12",
    "eval_rewards": [
        [
            0.00011156636086869603,
            -0.0002857142857142857,
            -1.0
        ],
        [
            0.0001990449887174648,
            -0.0003809523809523809,
            0.0
        ],
        [
            0.21260283539134925,
            -0.3573333333333311,
            -1.0
        ],
        [
            0.1075109895839752,
            -0.25295238095238154,
            0.0
        ],
        [
            0.0007067961732518179,
            -0.0022857142857142855,
            -0.3333333333333333
        ],
        [
            0.00046391959418596814,
            -0.0015238095238095236,
            -1.0
        ],
        [
            0.3622764461551103,
            -0.9203809523809351,
            -0.3333333333333333
        ]
    ],
    "eval_actions": [
        40,
        41,
        16,
        3,
        41,
        30,
        15
    ],
    "eval_states": [
        [
            0.30000001192092896,
            29.85245132446289,
            7.800000190734863,
            8.300000190734863,
            8.100000381469727,
            16.057865142822266,
            7.502284526824951,
            4.948437213897705,
            -16.42194938659668,
            -12.552275657653809,
            -2.4742186069488525,
            -2.4742186069488525,
            8.321949005126953,
            -12.907914161682129,
            -6.6310906410217285,
            -4.4638166427612305,
            16.50282096862793,
            13.794588088989258,
            2.5249955654144287,
            2.5249955654144287,
            -8.300000190734863,
            1.0528538227081299,
            1.4067620038986206,
            1.2508740425109863,
            0.6219797134399414,
            0.9529151320457458,
            0.39556121826171875,
            0.39556121826171875,
            0.35853591561317444,
            1.0,
            1.0,
            1.0,
            0.0,
            0.0,
            0.0,
            0.0,
            0.0,
            1.0,
            1.0,
            1.0,
            1.0,
            1.0,
            1.0,
            1.0,
            1.0,
            1.0,
            1.0,
            1.0,
            1.0,
            1.0,
            2.0,
            2.0,
            2.0,
            1.0,
            1.0,
            1.0,
            1.0,
            1.0
        ],
        [
            0.30000001192092896,
            27.7408504486084,
            8.0,
            8.100000381469727,
            8.199999809265137,
            12.376151084899902,
            3.7620182037353516,
            -0.9294651746749878,
            -4.810279846191406,
            -14.529614448547363,
            -10.610488891601562,
            1.8590409159996435e-12,
            -3.3897199630737305,
            -10.424527168273926,
            -3.255666732788086,
            1.0943101644515991,
            4.885883331298828,
            15.36469841003418,
            10.767538070678711,
            5.808062996948138e-05,
            3.439953327178955,
            0.8259986639022827,
            1.063003659248352,
            0.7007447481155396,
            0.5726726055145264,
            0.7823782563209534,
            0.685410737991333,
            0.025886831805109978,
            0.5518718957901001,
            0.0,
            2.0,
            0.0,
            0.0,
            0.0,
            0.0,
            0.0,
            0.0,
            1.0,
            1.0,
            1.0,
            1.0,
            1.0,
            1.0,
            1.0,
            1.0,
            1.0,
            1.0,
            1.0,
            1.0,
            1.0,
            2.0,
            2.0,
            1.0,
            2.0,
            2.0,
            1.0,
            1.0,
            1.0
        ],
        [
            0.30000001192092896,
            24.422977447509766,
            7.900000095367432,
            8.100000381469727,
            8.300000190734863,
            12.164998054504395,
            -0.05689847469329834,
            -0.03831225633621216,
            -4.1790008544921875,
            -12.162055969238281,
            -12.190692901611328,
            9.27443343477774e-13,
            -4.120999336242676,
            -12.125751495361328,
            0.30000001192092896,
            0.04223741963505745,
            4.183513641357422,
            12.257978439331055,
            12.21889591217041,
            5.801634324598126e-05,
            4.12900447845459,
            0.11621325463056564,
            0.7243493795394897,
            0.1870967596769333,
            0.16748115420341492,
            0.2688373029232025,
            0.2778227627277374,
            0.025872500613331795,
            0.1718602478504181,
            0.0,
            0.0,
            0.0,
            0.0,
            0.0,
            0.0,
            0.0,
            0.0,
            2.0,
            1.0,
            2.0,
            2.0,
            1.0,
            2.0,
            1.0,
            1.0,
            1.0,
            1.0,
            1.0,
            1.0,
            1.0,
            2.0,
            2.0,
            1.0,
            2.0,
            2.0,
            1.0,
            1.0,
            1.0
        ],
        [
            9.0,
            18.4885196685791,
            8.800000190734863,
            9.100000381469727,
            9.0,
            3.7024776935577393,
            -3.3413991928100586,
            -9.016701698303223,
            8.825482368469238,
            -14.70560359954834,
            -18.006515502929688,
            -1.8532894403150424e-12,
            -17.825481414794922,
            -3.507357120513916,
            3.4117813110351562,
            9.095575332641602,
            -8.800000190734863,
            14.786041259765625,
            18.046945571899414,
            5.7972105423687026e-05,
            17.923215866088867,
            0.2523978054523468,
            0.37252265214920044,
            0.4792674481868744,
            0.3849683701992035,
            0.24615097045898438,
            0.34242284297943115,
            0.02586263418197632,
            0.6846760511398315,
            0.0,
            0.0,
            0.0,
            0.0,
            0.0,
            0.0,
            0.0,
            0.0,
            2.0,
            2.0,
            2.0,
            1.0,
            2.0,
            1.0,
            1.0,
            1.0,
            1.0,
            1.0,
            1.0,
            1.0,
            1.0,
            2.0,
            2.0,
            1.0,
            2.0,
            2.0,
            1.0,
            1.0,
            1.0
        ],
        [
            1.0,
            29.994335174560547,
            9.300000190734863,
            9.5,
            9.699999809265137,
            9.617483139038086,
            -0.7778502106666565,
            -7.984233379364014,
            9.32883358001709,
            -19.953998565673828,
            -20.657655715942383,
            1.8556781545414625e-12,
            -19.028833389282227,
            -8.39899730682373,
            1.1705713272094727,
            8.228425979614258,
            -9.300000190734863,
            20.37685203552246,
            20.73179054260254,
            5.795756442239508e-05,
            19.141889572143555,
            0.6499722599983215,
            0.9313673973083496,
            0.8713175654411316,
            0.4081301689147949,
            0.5582807660102844,
            0.46942606568336487,
            0.025859391316771507,
            0.7371218204498291,
            0.0,
            0.0,
            0.0,
            0.0,
            0.0,
            0.0,
            0.0,
            0.0,
            2.0,
            2.0,
            2.0,
            1.0,
            2.0,
            1.0,
            1.0,
            1.0,
            1.0,
            1.0,
