{
    "eval_chronic": "/home/trlautenbacher/data_grid2op/rte_case5_example_val/chronics/19",
    "eval_rewards": [
        [
            0.06075661417867546,
            -0.05295238095238078,
            -1.0
        ],
        [
            0.8770007319011728,
            -0.3575238095238018,
            0.0
        ]
    ],
    "eval_actions": [
        16,
        27
    ],
    "eval_states": [
        [
            2.0,
            22.810415267944336,
            8.600000381469727,
            8.199999809265137,
            7.800000190734863,
            10.840739250183105,
            -1.8961151838302612,
            0.9946913123130798,
            -3.1997222900390625,
            -11.921992301940918,
            -6.901510238647461,
            -6.901510238647461,
            -4.600277900695801,
            -10.810723304748535,
            2.0,
            -0.991627037525177,
            3.202349901199341,
            11.96967601776123,
            6.909053802490234,
            6.909053802490234,
            4.6083292961120605,
            0.10244333744049072,
            0.46006983518600464,
            0.17088404297828674,
            0.1328851282596588,
            0.19061188399791718,
            0.14194412529468536,
            0.14194412529468536,
            0.1779080182313919,
            0.0,
            0.0,
            0.0,
            0.0,
            0.0,
            0.0,
            0.0,
            0.0,
            2.0,
            1.0,
            2.0,
            2.0,
            1.0,
            2.0,
            1.0,
            1.0,
            1.0,
            1.0,
            1.0,
            1.0,
            1.0,
            1.0,
            1.0,
            1.0,
            1.0,
            1.0,
            1.0,
            1.0,
            1.0
        ],
        [
            0.5,
            27.97342300415039,
            10.0,
            9.300000190734863,
            9.0,
            -0.49627432227134705,
            8.713565826416016,
            3.4106783866882324,
            -2.095796823501587,
            -28.36757469177246,
            -9.814126014709473,
            -9.814126014709473,
            -6.904202938079834,
            0.5,
            -8.690914154052734,
            -3.406275987625122,
            2.0971903800964355,
            28.469697952270508,
            9.827004432678223,
            9.827004432678223,
            6.917572975158691,
            0.0495225191116333,
            0.2463824599981308,
            0.15806037187576294,
            0.0752619057893753,
            0.27052292227745056,
            0.1897839456796646,
            0.1897839456796646,
            0.24871286749839783,
            0.0,
            0.0,
            0.0,
            0.0,
            0.0,
            0.0,
            0.0,
            0.0,
            2.0,
            1.0,
            1.0,
            1.0,
            2.0,
            1.0,
            1.0,
            1.0,
            1.0,
            1.0,
            1.0,
            1.0,
            1.0,
            1.0,
            1.0,
            1.0,
            1.0,
            1.0,
            1.0,
            1.0,
            1.0
        ]
    ],
    "eval_steps": 2016
}