{
    "eval_chronic": "/home/trlautenbacher/data_grid2op/rte_case5_example_val/chronics/12",
    "eval_rewards": [
        [
            0.6432631128497732,
            -0.426666666666678,
            -1.0
        ]
    ],
    "eval_actions": [
        3
    ],
    "eval_states": [
        [
            0.30000001192092896,
            25.41092300415039,
            7.800000190734863,
            8.300000190734863,
            8.100000381469727,
            7.3208088874816895,
            -1.703120231628418,
            -4.814262866973877,
            7.8196187019348145,
            -17.811290740966797,
            -9.740954399108887,
            -9.740954399108887,
            -15.919618606567383,
            -6.593997955322266,
            1.9270061254501343,
            4.966991901397705,
            -7.800000190734863,
            18.09011459350586,
            9.757205963134766,
            9.757205963134766,
            15.996172904968262,
            0.49906718730926514,
            0.6936339139938354,
            0.6739956140518188,
            0.3406694531440735,
            0.45439988374710083,
            0.22355695068836212,
            0.22355695068836212,
            0.6046258807182312,
            0.0,
            0.0,
            0.0,
            0.0,
            0.0,
            0.0,
            0.0,
            0.0,
            2.0,
            2.0,
            2.0,
            1.0,
            2.0,
            1.0,
            1.0,
            1.0,
            1.0,
            1.0,
            1.0,
            1.0,
            1.0,
            1.0,
            1.0,
            1.0,
            1.0,
            1.0,
            1.0,
            1.0,
            1.0
        ]
    ],
    "eval_steps": 2016
}