{
    "eval_chronic": "/home/trlautenbacher/data_grid2op/rte_case5_example_val/chronics/12",
    "eval_rewards": [
        [
            0.7862096121501582,
            -0.31999999999999557,
            -1.0
        ]
    ],
    "eval_actions": [
        23
    ],
    "eval_states": [
        [
            0.30000001192092896,
            24.910911560058594,
            7.800000190734863,
            8.300000190734863,
            8.100000381469727,
            7.125683307647705,
            5.560948848724365,
            2.2513632774353027,
            -6.613218784332275,
            -17.703575134277344,
            -6.060047626495361,
            -6.060047626495361,
            -1.4867817163467407,
            -6.435359954833984,
            -5.552361011505127,
            -2.2476391792297363,
            6.735360145568848,
            17.785228729248047,
            6.071313381195068,
            6.071313381195068,
            1.5687315464019775,
            0.48605215549468994,
            0.14674793183803558,
            0.17170292139053345,
            0.7408220171928406,
            0.24737396836280823,
            0.1904137134552002,
            0.1904137134552002,
            0.692882239818573,
            0.0,
            0.0,
            0.0,
            0.0,
            0.0,
            0.0,
            0.0,
            0.0,
            2.0,
            1.0,
            1.0,
            2.0,
            2.0,
            1.0,
            1.0,
            1.0,
            1.0,
            1.0,
            1.0,
            1.0,
            1.0,
            1.0,
            1.0,
            1.0,
            1.0,
            1.0,
            1.0,
            1.0,
            1.0
        ]
    ],
    "eval_steps": 2016
}