{
    "eval_chronic": "/home/trlautenbacher/data_grid2op/rte_case5_example_val/chronics/19",
    "eval_rewards": [
        [
            0.021075186492240414,
            -0.00888888888888888,
            -1.0
        ],
        [
            0.0001917225340805698,
            0.0,
            -1.0
        ],
        [
            0.0001893031546837942,
            -0.00015873015873015873,
            -1.0
        ],
        [
            0.6275584017671075,
            -0.714814814814798,
            -1.0
        ]
    ],
    "eval_actions": [
        44,
        38,
        31,
        15
    ],
    "eval_states": [
        [
            2.0,
            25.387449264526367,
            8.600000381469727,
            8.199999809265137,
            7.800000190734863,
            10.39999771118164,
            2.2812752723693848,
            1.2768239974975586,
            -5.388486862182617,
            -14.319948196411133,
            -1.2768239974975586,
            -10.670052528381348,
            -2.411513328552246,
            -8.988800048828125,
            -1.9452779293060303,
            -1.141396403312683,
            5.4754743576049805,
            14.987452507019043,
            1.3383519649505615,
            10.70032024383545,
            2.470053195953369,
            0.700463056564331,
            0.8585675954818726,
            0.6287684440612793,
            0.6178348660469055,
            0.70013827085495,
            0.43420055508613586,
            0.30505040287971497,
            0.5927112698554993,
            0.0,
            0.0,
            0.0,
            0.0,
            0.0,
            0.0,
            0.0,
            0.0,
            1.0,
            1.0,
            1.0,
            1.0,
            1.0,
            1.0,
            1.0,
            1.0,
            1.0,
            1.0,
            1.0,
            1.0,
            1.0,
            2.0,
            2.0,
            1.0,
            1.0,
            1.0,
            1.0,
            1.0,
            1.0
        ],
        [
            0.6000000238418579,
            27.75160789489746,
            8.800000190734863,
            8.300000190734863,
            7.800000190734863,
            11.690844535827637,
            2.878662586212158,
            0.03252726048231125,
            -3.943709373474121,
            -15.230154991149902,
            -6.125913143157959,
            -6.125913143157959,
            -3.856290817260742,
            -9.935154914855957,
            -2.4616031646728516,
            0.16680268943309784,
            4.029955863952637,
            16.060762405395508,
            6.175746440887451,
            6.175746440887451,
            3.9192984104156494,
            0.7827771902084351,
            0.9610602855682373,
            0.7772945761680603,
            0.6139575242996216,
            0.7802843451499939,
            0.3914722800254822,
            0.3914722800254822,
            0.6123625636100769,
            0.0,
            0.0,
            0.0,
            0.0,
            0.0,
            0.0,
            0.0,
            0.0,
            1.0,
            1.0,
            1.0,
            1.0,
            1.0,
            1.0,
            1.0,
            1.0,
            1.0,
            1.0,
            1.0,
            1.0,
            1.0,
            1.0,
            1.0,
            1.0,
            1.0,
            1.0,
            1.0,
            1.0,
            1.0
        ],
        [
            0.6000000238418579,
            28.57213592529297,
            8.800000190734863,
            8.300000190734863,
            8.100000381469727,
            12.787233352661133,
            3.9148969650268555,
            -0.895667552947998,
            -4.7393341064453125,
            -14.907124519348145,
            -10.818140983581543,
            5.7988792832475156e-05,
            -3.360666275024414,
            -10.713850021362305,
            -3.372047185897827,
            1.0684665441513062,
            4.817430019378662,
            15.784903526306152,
            10.992227554321289,
            -9.2634016776727e-13,
            3.413750410079956,
            0.8517699837684631,
            1.1020417213439941,
            0.7190756797790527,
            0.582668662071228,
            0.8019678592681885,
            0.7210130095481873,
            1.750323451172979e-14,
            0.5660809874534607,
            0.0,
            1.0,
            0.0,
            0.0,
            0.0,
            0.0,
            0.0,
            0.0,
            1.0,
            1.0,
            1.0,
            1.0,
            1.0,
            1.0,
            1.0,
            1.0,
            1.0,
            2.0,
            2.0,
            2.0,
            1.0,
            1.0,
            1.0,
            1.0,
            1.0,
            1.0,
            1.0,
            1.0,
            1.0
        ],
        [
            0.6000000238418579,
            26.56882095336914,
            8.800000190734863,
            8.5,
            8.0,
            9.366697311401367,
            8.82789134979248,
            -2.625753879547119,
            -5.913360118865967,
            -17.016864776611328,
            -8.01461410522461,
            5.7915691286325455e-05,
            -2.086639881134033,
            -8.207327842712402,
            -8.800000190734863,
            2.809117555618286,
            5.998210906982422,
            17.202123641967773,
            8.188974380493164,
            -2.156733925023739e-15,
            2.140310525894165,
            0.633693516254425,
            0.2796175479888916,
            0.7432720065116882,
            0.6101667881011963,
            0.3713188171386719,
            0.7218084931373596,
            4.3758086279324475e-15,
            0.569659948348999,
            0.0,
            0.0,
            0.0,
            0.0,
            0.0,
            0.0,
            0.0,
            0.0,
            2.0,
            1.0,
            2.0,
            2.0,
            2.0,
            1.0,
            1.0,
            1.0,
            1.0,
            2.0,
            2.0,
            2.0,
            1.0,
            1.0,
            1.0,
            1.0,
            1.0,
            1.0,
            1.0,
            1.0,
            1.0
        ]
    ],
    "eval_steps": 2016
}