{
    "eval_chronic": "/home/trlautenbacher/data_grid2op/rte_case5_example_val/chronics/12",
    "eval_rewards": [
        [
            0.0002280831504712056,
            -0.00015873015873015873,
            -1.0
        ],
        [
            0.8635415656164193,
            -0.6396825396825309,
            -1.0
        ]
    ],
    "eval_actions": [
        42,
        19
    ],
    "eval_states": [
        [
            0.30000001192092896,
            26.923524856567383,
            7.800000190734863,
            8.300000190734863,
            8.100000381469727,
            11.01897144317627,
            2.3903191089630127,
            0.2034924328327179,
            -3.945746660232544,
            -15.243951797485352,
            -4.395274639129639,
            -8.300000190734863,
            -4.154253959655762,
            -9.446654319763184,
            -1.9733175039291382,
            -0.08278089016675949,
            4.002752304077148,
            15.90455436706543,
            4.541980743408203,
            8.311651229858398,
            4.191782474517822,
            0.7400828003883362,
            0.9609616994857788,
            0.5896703600883484,
            0.49094295501708984,
            0.6965228915214539,
            0.6633483171463013,
            0.17698507010936737,
            0.4821312427520752,
            0.0,
            0.0,
            0.0,
            0.0,
            0.0,
            0.0,
            0.0,
            0.0,
            1.0,
            1.0,
            1.0,
            1.0,
            1.0,
            1.0,
            1.0,
            1.0,
            1.0,
            1.0,
            1.0,
            1.0,
            1.0,
            2.0,
            2.0,
            1.0,
            2.0,
            1.0,
            1.0,
            1.0,
            1.0
        ],
        [
            0.30000001192092896,
            24.578994750976562,
            8.0,
            8.100000381469727,
            8.199999809265137,
            4.866890907287598,
            8.29822826385498,
            -4.738383769989014,
            -0.2777177393436432,
            -19.64347267150879,
            -3.2066023349761963,
            -8.100000381469727,
            -7.9222822189331055,
            -4.535077095031738,
            -8.2791109085083,
            4.835077285766602,
            0.2791112959384918,
            19.71210289001465,
            3.234208106994629,
            8.111035346984863,
            7.944986343383789,
            0.3330424726009369,
            0.21948951482772827,
            0.5238866209983826,
            0.13218863308429718,
            0.22608734667301178,
            0.29481375217437744,
            0.17216911911964417,
            0.31487733125686646,
            0.0,
            0.0,
            0.0,
            0.0,
            0.0,
            0.0,
            0.0,
            0.0,
            2.0,
            1.0,
            2.0,
            1.0,
            2.0,
            1.0,
            1.0,
            1.0,
            1.0,
            1.0,
            1.0,
            1.0,
            1.0,
            2.0,
            2.0,
            1.0,
            2.0,
            1.0,
            1.0,
            1.0,
            1.0
        ]
    ],
    "eval_steps": 2016
}