{
    "eval_chronic": "/home/trlautenbacher/data_grid2op/rte_case5_example_val/chronics/12",
    "eval_rewards": [
        [
            0.00014444222923917102,
            -0.00010582010582010581,
            -1.0
        ],
        [
            0.0,
            0.0,
            -1.0
        ]
    ],
    "eval_actions": [
        36,
        33
    ],
    "eval_states": [
        [
            0.30000001192092896,
            28.216333389282227,
            7.800000190734863,
            8.300000190734863,
            8.100000381469727,
            14.482370376586914,
            0.027517767623066902,
            0.10720924288034439,
            -4.050703525543213,
            -13.169119834899902,
            -12.62651538848877,
            0.09814802557229996,
            -4.049296855926514,
            -11.874398231506348,
            0.10241755843162537,
            0.1219843178987503,
            4.149996757507324,
            13.733963012695312,
            13.169119834899902,
            -0.027517767623066902,
            4.121157646179199,
            0.9568477272987366,
            0.5189483165740967,
            0.8384486436843872,
            0.6621096730232239,
            0.6445605754852295,
            1.2637451887130737,
            0.4384278953075409,
            0.650800347328186,
            0.0,
            0.0,
            0.0,
            0.0,
            0.0,
            1.0,
            0.0,
            0.0,
            1.0,
            1.0,
            1.0,
            1.0,
            1.0,
            1.0,
            1.0,
            1.0,
            1.0,
            2.0,
            1.0,
            1.0,
            2.0,
            1.0,
            1.0,
            1.0,
            1.0,
            1.0,
            1.0,
            1.0,
            1.0
        ],
        [
            0.0,
            0.0,
            0.0,
            0.0,
            0.0,
            0.0,
            0.0,
            0.0,
            0.0,
            0.0,
            0.0,
            0.0,
            0.0,
            0.0,
            0.0,
            0.0,
            0.0,
            0.0,
            0.0,
            0.0,
            0.0,
            0.0,
            0.0,
            0.0,
            0.0,
            0.0,
            0.0,
            0.0,
            0.0,
            0.0,
            0.0,
            0.0,
            0.0,
            0.0,
            0.0,
            0.0,
            0.0,
            -1.0,
            -1.0,
            -1.0,
            -1.0,
            -1.0,
            -1.0,
            -1.0,
            -1.0,
            -1.0,
            -1.0,
            -1.0,
            -1.0,
            -1.0,
            -1.0,
            -1.0,
            -1.0,
            -1.0,
            -1.0,
            -1.0,
            -1.0,
            -1.0
        ]
    ],
    "eval_steps": 2
}