{
    "eval_chronic": "/home/trlautenbacher/data_grid2op/rte_case5_example_val/chronics/19",
    "eval_rewards": [
        [
            0.0003600346294760026,
            -0.00021164021164021162,
            -1.0
        ],
        [
            0.7960244732001814,
            -0.31984126984126543,
            -1.0
        ]
    ],
    "eval_actions": [
        18,
        23
    ],
    "eval_states": [
        [
            2.0,
            24.26836395263672,
            8.600000381469727,
            8.199999809265137,
            7.800000190734863,
            9.153416633605957,
            3.430880308151245,
            -1.1158696413040161,
            -3.4220712184906006,
            -14.951424598693848,
            -5.734500885009766,
            -5.734500885009766,
            -4.377928733825684,
            -8.043299674987793,
            -3.4249887466430664,
            1.443299412727356,
            3.4249887466430664,
            15.114947319030762,
            5.760272026062012,
            5.760272026062012,
            4.384871482849121,
            0.6198116540908813,
            0.0970480740070343,
            1.0156275033950806,
            0.13344110548496246,
            0.34929680824279785,
            0.2845545709133148,
            0.2845545709133148,
            0.16540899872779846,
            0.0,
            0.0,
            1.0,
            0.0,
            0.0,
            0.0,
            0.0,
            0.0,
            2.0,
            1.0,
            2.0,
            1.0,
            2.0,
            2.0,
            1.0,
            1.0,
            1.0,
            1.0,
            1.0,
            1.0,
            1.0,
            1.0,
            1.0,
            1.0,
            1.0,
            1.0,
            1.0,
            1.0,
            1.0
        ],
        [
            1.899999976158142,
            23.38262939453125,
            8.600000381469727,
            8.199999809265137,
            7.800000190734863,
            5.681231498718262,
            5.962769985198975,
            2.651412010192871,
            -7.047276020050049,
            -17.636690139770508,
            -5.828770637512207,
            -5.828770637512207,
            -0.7527239918708801,
            -5.234006404876709,
            -5.952887535095215,
            -2.6471128463745117,
            7.134006500244141,
            17.701396942138672,
            5.836960315704346,
            5.836960315704346,
            0.8061294555664062,
            0.38871392607688904,
            0.161251500248909,
            0.17666378617286682,
            0.6185088157653809,
            0.2201777696609497,
            0.16295896470546722,
            0.16295896470546722,
            0.5687450170516968,
            0.0,
            0.0,
            0.0,
            0.0,
            0.0,
            0.0,
            0.0,
            0.0,
            2.0,
            1.0,
            1.0,
            2.0,
            2.0,
            1.0,
            1.0,
            1.0,
            1.0,
            1.0,
            1.0,
            1.0,
            1.0,
            1.0,
            1.0,
            1.0,
            1.0,
            1.0,
            1.0,
            1.0,
            1.0
        ]
    ],
    "eval_steps": 2016
}