{"DoNothing/train/reward_0": 0.0, "DoNothing/train/reward_1": 0.36973869800567627, "DoNothing/train/reward_2": 0.0, "DoNothing/train/grid2opsteps": 5333, "_timestamp": 1721291794.9518905, "_runtime": 5.436880350112915, "_step": 32, "_wandb": {"runtime": 3}, "DoNothing/eval/reward_0": 0.0032242063492063495, "DoNothing/eval/reward_1": 3.41770008531, "DoNothing/eval/reward_2": -0.0125}