{"DoNothing/train/reward_0": 0.0, "DoNothing/train/reward_1": 0.00017213838006393923, "DoNothing/train/reward_2": 0.0, "DoNothing/train/grid2opsteps": 1024, "_timestamp": 1721644542.544368, "_runtime": 3.1712751388549805, "_step": 16, "_wandb": {"runtime": 1}, "DoNothing/eval/reward_0": 0.0016121031746031747, "DoNothing/eval/reward_1": 0.0019491926052442772, "DoNothing/eval/reward_2": -0.0125}