{
    "eval_chronic": "/home/trlautenbacher/data_grid2op/rte_case5_example_val/chronics/12",
    "eval_rewards": [
        [
            0.00033891565116626925,
            -0.0003809523809523809,
            -1.0
        ],
        [
            0.0001869831394378212,
            -0.0004761904761904762,
            0.0
        ],
        [
            0.0,
            0.0,
            0.0
        ]
    ],
    "eval_actions": [
        8,
        14,
        8
    ],
    "eval_states": [
        [
            0.30000001192092896,
            24.789588928222656,
            7.800000190734863,
            8.300000190734863,
            8.100000381469727,
            9.93836498260498,
            2.266026735305786,
            0.2919437289237976,
            -4.338427543640137,
            -14.712267875671387,
            -6.187235355377197,
            -6.187235355377197,
            -3.7615725994110107,
            -9.892911911010742,
            -2.257189989089966,
            0.30000001192092896,
            4.350101470947266,
            14.851223945617676,
            6.223120212554932,
            6.223120212554932,
            3.782526969909668,
            0.11956821382045746,
            0.1824112832546234,
            1.389103651046753,
            0.28244712948799133,
            0.32237112522125244,
            0.33380207419395447,
            0.33380207419395447,
            0.2824764847755432,
            0.0,
            0.0,
            1.0,
            0.0,
            0.0,
            0.0,
            0.0,
            0.0,
            2.0,
            2.0,
            1.0,
            2.0,
            1.0,
            2.0,
            1.0,
            1.0,
            1.0,
            1.0,
            1.0,
            1.0,
            1.0,
            1.0,
            1.0,
            1.0,
            1.0,
            1.0,
            1.0,
            1.0,
            1.0
        ],
        [
            0.30000001192092896,
            27.457515716552734,
            8.0,
            8.100000381469727,
            8.199999809265137,
            12.87749195098877,
            0.0006481548771262169,
            1.0048127174377441,
            -3.5251502990722656,
            -14.108068466186523,
            -6.953945636749268,
            -6.953945636749268,
            -4.674849510192871,
            -10.776954650878906,
            4.639442584448983e-13,
            -0.6089555621147156,
            3.68591046333313,
            14.580024719238281,
            7.053709983825684,
            7.053709983825684,
            4.803077697753906,
            0.8574130535125732,
            1.2026896304220564e-14,
            1.1234711408615112,
            0.854814350605011,
            0.5896812677383423,
            0.5489877462387085,
            0.5489877462387085,
            0.8538053631782532,
            0.0,
            0.0,
            2.0,
            0.0,
            0.0,
            0.0,
            0.0,
            0.0,
            2.0,
            1.0,
            2.0,
            2.0,
            2.0,
            2.0,
            1.0,
            1.0,
            1.0,
            1.0,
            1.0,
            1.0,
            1.0,
            1.0,
            1.0,
            1.0,
            1.0,
            1.0,
            1.0,
            1.0,
            1.0
        ],
        [
            0.0,
            0.0,
            0.0,
            0.0,
            0.0,
            0.0,
            0.0,
            0.0,
            0.0,
            0.0,
            0.0,
            0.0,
            0.0,
            0.0,
            0.0,
            0.0,
            0.0,
            0.0,
            0.0,
            0.0,
            0.0,
            0.0,
            0.0,
            0.0,
            0.0,
            0.0,
            0.0,
            0.0,
            0.0,
            0.0,
            0.0,
            0.0,
            0.0,
            0.0,
            0.0,
            0.0,
            0.0,
            -1.0,
            -1.0,
            -1.0,
            -1.0,
            -1.0,
            -1.0,
            -1.0,
            -1.0,
            -1.0,
            -1.0,
            -1.0,
            -1.0,
            -1.0,
            -1.0,
            -1.0,
            -1.0,
            -1.0,
            -1.0,
            -1.0,
            -1.0,
            -1.0
        ]
    ],
    "eval_steps": 3
}