{
    "eval_chronic": "/home/trlautenbacher/data_grid2op/rte_case5_example_val/chronics/19",
    "eval_rewards": [
        [
            0.00013714469212623714,
            -0.0002857142857142857,
            -1.0
        ],
        [
            0.00038211424122314,
            -0.0005714285714285714,
            -1.0
        ],
        [
            0.7261074968171225,
            -1.0011428571428396,
            0.0
        ],
        [
            0.10667471044078988,
            -0.149714285714286,
            0.0
        ]
    ],
    "eval_actions": [
        40,
        23,
        24,
        19
    ],
    "eval_states": [
        [
            2.0,
            27.852882385253906,
            8.600000381469727,
            8.199999809265137,
            7.800000190734863,
            14.98206901550293,
            7.035360813140869,
            4.645751953125,
            -16.02174949645996,
            -11.771077156066895,
            -2.3228759765625,
            -2.3228759765625,
            8.221749305725098,
            -12.206798553466797,
            -6.270693778991699,
            -4.221147537231445,
            16.0986385345459,
            12.870814323425293,
            2.367858409881592,
            2.367858409881592,
            -8.199999809265137,
            0.9874666333198547,
            1.3154834508895874,
            1.166517972946167,
            0.6061027646064758,
            0.8969480395317078,
            0.3730641305446625,
            0.3730641305446625,
            0.3576045632362366,
            0.0,
            1.0,
            1.0,
            0.0,
            0.0,
            0.0,
            0.0,
            0.0,
            1.0,
            1.0,
            1.0,
            1.0,
            1.0,
            1.0,
            1.0,
            1.0,
            1.0,
            1.0,
            1.0,
            1.0,
            1.0,
            2.0,
            2.0,
            2.0,
            1.0,
            1.0,
            1.0,
            1.0,
            1.0
        ],
        [
            1.899999976158142,
            26.74375343322754,
            8.600000381469727,
            8.199999809265137,
            7.800000190734863,
            18.118751525878906,
            5.150869846343994,
            3.461754322052002,
            -16.021530151367188,
            -8.61359977722168,
            -1.730877161026001,
            -1.730877161026001,
            8.221529006958008,
            -14.19770622253418,
            -5.143080711364746,
            -3.4569196701049805,
            16.097705841064453,
            8.625001907348633,
            1.7313647270202637,
            1.7313647270202637,
            -8.199999809265137,
            1.1761592626571655,
            0.151171013712883,
            0.16922135651111603,
            0.6036851406097412,
            0.09371709078550339,
            0.045259345322847366,
            0.045259345322847366,
            0.3555569350719452,
            1.0,
            0.0,
            0.0,
            0.0,
            0.0,
            0.0,
            0.0,
            0.0,
            2.0,
            1.0,
            1.0,
            2.0,
            2.0,
            1.0,
            1.0,
            1.0,
            1.0,
            1.0,
            1.0,
            1.0,
            1.0,
            2.0,
            2.0,
            2.0,
            1.0,
            1.0,
            1.0,
            1.0,
            1.0
        ],
        [
            1.899999976158142,
            22.83765411376953,
            8.5,
            8.0,
            7.900000095367432,
            24.673442840576172,
            -1.106157660484314,
            -0.7453204393386841,
            -15.920807838439941,
            1.850419521331787,
            0.37266021966934204,
            0.37266021966934204,
            8.020808219909668,
            -24.49699592590332,
            1.1354639530181885,
            0.7645360231399536,
            15.996996879577637,
            -1.8357899188995361,
            -0.3721309006214142,
            -0.3721309006214142,
            -8.0,
            0.2574814558029175,
            0.30446186661720276,
            0.3309440314769745,
            0.6038447022438049,
            0.09633582085371017,
            0.02643701061606407,
            0.02643701061606407,
            0.34992629289627075,
            0.0,
            0.0,
            0.0,
            0.0,
            0.0,
            0.0,
            0.0,
            0.0,
            2.0,
            1.0,
            1.0,
            2.0,
            1.0,
            2.0,
            1.0,
            1.0,
            1.0,
            1.0,
            1.0,
            1.0,
            1.0,
            2.0,
            2.0,
            2.0,
            1.0,
            1.0,
            1.0,
            1.0,
            1.0
        ],
        [
            7.800000190734863,
            14.857452392578125,
            7.800000190734863,
            7.400000095367432,
            7.099999904632568,
            -1.7167778015136719,
            22.54152488708496,
            -6.011789321899414,
            -14.517523765563965,
            -16.532487869262695,
            3.005894660949707,
            3.005894660949707,
            7.417523384094238,
            1.7622089385986328,
            -22.379961013793945,
            6.0377912521362305,
            14.579961776733398,
            16.574230194091797,
            -3.004518985748291,
            -3.004518985748291,
            -7.400000095367432,
            0.1408383995294571,
            0.6378244757652283,
            0.3577866554260254,
            0.5461593866348267,
            0.17079280316829681,
            0.05858169496059418,
            0.05858169496059418,
            0.3226207494735718,
            0.0,
            0.0,
            0.0,
            0.0,
            0.0,
            0.0,
            0.0,
            0.0,
            2.0,
            1.0,
            2.0,
            1.0,
            2.0,
            1.0,
            1.0,
            1.0,
            1.0,
            1.0,
            1.0,
            1.0,
            1.0,
            2.0,
            2.0,
            2.0,
            1.0,
            1.0,
            1.0,
            1.0,
            1.0
        ]
    ],
    "eval_steps": 2016
}