{
    "eval_chronic": "/home/trlautenbacher/data_grid2op/rte_case5_example_val/chronics/12",
    "eval_rewards": [
        [
            0.0003161354422703234,
            -0.00019047619047619045,
            -1.0
        ],
        [
            0.0002909542276770575,
            -0.0004761904761904762,
            -1.0
        ],
        [
            0.8316026035957925,
            -0.9590476190476503,
            -0.5
        ]
    ],
    "eval_actions": [
        50,
        24,
        48
    ],
    "eval_states": [
        [
            0.30000001192092896,
            27.655668258666992,
            7.800000190734863,
            8.300000190734863,
            8.100000381469727,
            13.543827056884766,
            5.357969760894775,
            -2.3756279945373535,
            -5.727036476135254,
            -13.663393020629883,
            -4.150000095367432,
            -4.150000095367432,
            -2.3729639053344727,
            -11.2382230758667,
            -4.375067234039307,
            2.377977132797241,
            5.7353129386901855,
            14.11184024810791,
            4.152711391448975,
            4.152711391448975,
            2.3756279945373535,
            0.8989037275314331,
            1.4964956045150757,
            0.13487061858177185,
            0.20391280949115753,
            0.5749689936637878,
            0.08324697613716125,
            0.08324697613716125,
            0.08987759798765182,
            0.0,
            1.0,
            0.0,
            0.0,
            0.0,
            0.0,
            0.0,
            0.0,
            1.0,
            1.0,
            1.0,
            1.0,
            1.0,
            1.0,
            1.0,
            1.0,
            1.0,
            1.0,
            1.0,
            1.0,
            1.0,
            2.0,
            1.0,
            1.0,
            2.0,
            1.0,
            1.0,
            1.0,
            1.0
        ],
        [
            0.30000001192092896,
            25.315765380859375,
            8.0,
            8.100000381469727,
            8.199999809265137,
            13.113707542419434,
            3.8054511547088623,
            -3.3684544563293457,
            -4.937605857849121,
            -11.910566329956055,
            -4.050000190734863,
            -4.050000190734863,
            -3.2623939514160156,
            -13.019129753112793,
            -3.174936056137085,
            3.474936008453369,
            5.019129753112793,
            12.202058792114258,
            4.052557468414307,
            4.052557468414307,
            3.3684544563293457,
            0.17525407671928406,
            1.1907281875610352,
            0.5511919856071472,
            0.6895973682403564,
            0.4647495448589325,
            0.08083537966012955,
            0.08083537966012955,
            0.6855518221855164,
            0.0,
            2.0,
            0.0,
            0.0,
            0.0,
            0.0,
            0.0,
            0.0,
            2.0,
            1.0,
            1.0,
            2.0,
            1.0,
            2.0,
            1.0,
            1.0,
            1.0,
            1.0,
            1.0,
            1.0,
            1.0,
            2.0,
            1.0,
            1.0,
            2.0,
            1.0,
            1.0,
            1.0,
            1.0
        ],
        [
            0.30000001192092896,
            24.564809799194336,
            7.900000095367432,
            8.100000381469727,
            8.300000190734863,
            12.15760612487793,
            -0.006902264431118965,
            -0.03585411235690117,
            -4.212218761444092,
            -12.230365753173828,
            -12.204583168029785,
            0.03585411235690117,
            -4.0877814292907715,
            -12.120719909667969,
            0.1915341019630432,
            0.10846591740846634,
            4.220720291137695,
            12.407203674316406,
            12.237222671508789,
            4.443167563294992e-05,
            4.1045823097229,
            0.11468689888715744,
            0.6261857748031616,
            0.4419466555118561,
            0.24367406964302063,
            0.3632275462150574,
            0.2984885275363922,
            0.3347293436527252,
            0.2510545551776886,
            0.0,
            0.0,
            0.0,
            0.0,
            0.0,
            0.0,
            0.0,
            0.0,
            2.0,
            1.0,
            1.0,
            2.0,
            1.0,
            2.0,
            1.0,
            1.0,
            1.0,
            1.0,
            1.0,
            1.0,
            1.0,
            2.0,
            1.0,
            2.0,
            1.0,
            1.0,
            1.0,
            1.0,
            1.0
        ]
    ],
    "eval_steps": 2016
}