{
    "eval_chronic": "/home/trlautenbacher/data_grid2op/rte_case5_example_val/chronics/12",
    "eval_rewards": [
        [
            0.00024104464814325157,
            -9.523809523809523e-05,
            -1.0
        ],
        [
            0.00022076021991980114,
            -0.0002857142857142857,
            -1.0
        ],
        [
            0.00024961212913086396,
            -0.0005714285714285714,
            0.0
        ],
        [
            0.0,
            0.0,
            0.0
        ]
    ],
    "eval_actions": [
        52,
        28,
        14,
        34
    ],
    "eval_states": [
        [
            0.30000001192092896,
            26.88353157043457,
            7.800000190734863,
            8.300000190734863,
            8.100000381469727,
            11.268622398376465,
            2.738544225692749,
            4.637808149673961e-13,
            -4.202232837677002,
            -15.07256031036377,
            -6.152819633483887,
            -6.152819633483887,
            -3.8977675437927246,
            -9.629189491271973,
            -2.216287612915039,
            0.001311096828430891,
            4.344165325164795,
            15.614909172058105,
            6.167007923126221,
            6.167007923126221,
            4.005638599395752,
            0.7559844255447388,
            1.0801178216934204,
            0.13720062375068665,
            0.800613284111023,
            0.6316761374473572,
            0.21301577985286713,
            0.21301577985286713,
            0.7872083187103271,
            0.0,
            1.0,
            0.0,
            0.0,
            0.0,
            0.0,
            0.0,
            0.0,
            1.0,
            1.0,
            1.0,
            1.0,
            1.0,
            1.0,
            1.0,
            1.0,
            1.0,
            1.0,
            1.0,
            1.0,
            1.0,
            2.0,
            1.0,
            1.0,
            1.0,
            1.0,
            1.0,
            1.0,
            1.0
        ],
        [
            0.30000001192092896,
            26.14518928527832,
            8.0,
            8.100000381469727,
            8.199999809265137,
            8.020305633544922,
            4.294062614440918,
            4.652464936742706e-13,
            -3.548326253890991,
            -17.2644100189209,
            -6.46312952041626,
            -6.46312952041626,
            -4.651673316955566,
            -8.0,
            -3.462547779083252,
            0.001311096828430891,
            3.7612366676330566,
            18.1248836517334,
            6.48517370223999,
            6.48517370223999,
            4.826259136199951,
            0.09231884777545929,
            1.3732476234436035,
            0.13720062375068665,
            0.9908663630485535,
            0.7940467000007629,
            0.2635495364665985,
            0.2635495364665985,
            0.9885855913162231,
            0.0,
            2.0,
            0.0,
            0.0,
            0.0,
            0.0,
            0.0,
            0.0,
            2.0,
            1.0,
            1.0,
            1.0,
            1.0,
            2.0,
            1.0,
            1.0,
            1.0,
            1.0,
            1.0,
            1.0,
            1.0,
            2.0,
            1.0,
            1.0,
            1.0,
            1.0,
            1.0,
            1.0,
            1.0
        ],
        [
            0.30000001192092896,
            27.08378791809082,
            7.900000095367432,
            8.100000381469727,
            8.300000190734863,
            13.324378967285156,
            0.0006477461429312825,
            -4.679840499496879e-13,
            -3.16113543510437,
            -13.583282470703125,
            -6.757615566253662,
            -6.757615566253662,
            -5.138864517211914,
            -11.087203025817871,
            -4.639173702310206e-13,
            0.001311096828430891,
            3.485891342163086,
            13.759408950805664,
            6.791316986083984,
            6.791316986083984,
            5.415230751037598,
            0.8852720260620117,
            1.230130956814254e-14,
            0.13720062375068665,
            1.2348870038986206,
            0.36242246627807617,
            0.32362374663352966,
            0.32362374663352966,
            1.2316255569458008,
            0.0,
            0.0,
            0.0,
            1.0,
            0.0,
            0.0,
            0.0,
            1.0,
            2.0,
            1.0,
            2.0,
            2.0,
            2.0,
            2.0,
            1.0,
            1.0,
            1.0,
            1.0,
            1.0,
            1.0,
            1.0,
            2.0,
            1.0,
            1.0,
            1.0,
            1.0,
            1.0,
            1.0,
            1.0
        ],
        [
            0.0,
            0.0,
            0.0,
            0.0,
            0.0,
            0.0,
            0.0,
            0.0,
            0.0,
            0.0,
            0.0,
            0.0,
            0.0,
            0.0,
            0.0,
            0.0,
            0.0,
            0.0,
            0.0,
            0.0,
            0.0,
            0.0,
            0.0,
            0.0,
            0.0,
            0.0,
            0.0,
            0.0,
            0.0,
            0.0,
            0.0,
            0.0,
            0.0,
            0.0,
            0.0,
            0.0,
            0.0,
            -1.0,
            -1.0,
            -1.0,
            -1.0,
            -1.0,
            -1.0,
            -1.0,
            -1.0,
            -1.0,
            -1.0,
            -1.0,
            -1.0,
            -1.0,
            -1.0,
            -1.0,
            -1.0,
            -1.0,
            -1.0,
            -1.0,
            -1.0,
            -1.0
        ]
    ],
    "eval_steps": 4
}