{
    "eval_chronic": "/home/trlautenbacher/data_grid2op/rte_case5_example_val/chronics/12",
    "eval_rewards": [
        [
            9.375230288232363e-05,
            -0.00019047619047619045,
            -1.0
        ],
        [
            0.028876908031420345,
            -0.04190476190476196,
            0.0
        ],
        [
            0.8261762553341412,
            -0.5505714285714282,
            0.0
        ]
    ],
    "eval_actions": [
        25,
        2,
        19
    ],
    "eval_states": [
        [
            0.30000001192092896,
            27.871183395385742,
            7.800000190734863,
            8.300000190734863,
            8.100000381469727,
            7.2251057624816895,
            6.743852615356445,
            3.0163207054138184,
            -7.023348331451416,
            -19.302753448486328,
            -6.24903678894043,
            -6.24903678894043,
            -1.0766522884368896,
            -7.111452579498291,
            -5.3733415603637695,
            -2.1266586780548096,
            7.111452579498291,
            20.64607810974121,
            6.279449939727783,
            6.279449939727783,
            1.1817529201507568,
            0.19027844071388245,
            1.7742278575897217,
            1.718530297279358,
            0.7135441303253174,
            0.9905771613121033,
            0.30808740854263306,
            0.30808740854263306,
            0.6815905570983887,
            0.0,
            1.0,
            1.0,
            0.0,
            0.0,
            0.0,
            0.0,
            0.0,
            2.0,
            1.0,
            1.0,
            2.0,
            1.0,
            1.0,
            1.0,
            1.0,
            1.0,
            1.0,
            1.0,
            1.0,
            1.0,
            1.0,
            1.0,
            1.0,
            1.0,
            1.0,
            1.0,
            1.0,
            1.0
        ],
        [
            0.30000001192092896,
            26.469797134399414,
            8.0,
            8.100000381469727,
            8.199999809265137,
            9.979097366333008,
            1.2586381435394287,
            -1.6453227996826172,
            0.00046164495870471,
            -15.975667953491211,
            -7.33625602722168,
            -7.33625602722168,
            -8.200461387634277,
            -8.673097610473633,
            -0.8898940086364746,
            1.8629919290542603,
            -4.631884611104586e-13,
            16.490699768066406,
            7.358514785766602,
            7.358514785766602,
            8.21783447265625,
            0.673361599445343,
            0.9012573957443237,
            0.8155563473701477,
            1.6914300973833347e-14,
            0.6156919002532959,
            0.26430004835128784,
            0.26430004835128784,
            0.2913583815097809,
            0.0,
            0.0,
            0.0,
            0.0,
            0.0,
            0.0,
            0.0,
            0.0,
            2.0,
            2.0,
            2.0,
            1.0,
            2.0,
            2.0,
            1.0,
            1.0,
            1.0,
            1.0,
            1.0,
            1.0,
            1.0,
            1.0,
            1.0,
            1.0,
            1.0,
            1.0,
            1.0,
            1.0,
            1.0
        ],
        [
            0.5,
            26.03131866455078,
            8.5,
            8.5,
            8.800000190734863,
            5.503464698791504,
            9.19985294342041,
            -5.423910617828369,
            -0.6749143004417419,
            -20.4434757232666,
            -5.611351490020752,
            -5.611351490020752,
            -8.125085830688477,
            -5.08279275894165,
            -9.175403594970703,
            5.58279275894165,
            0.6754031777381897,
            20.52785301208496,
            5.621811389923096,
            5.621811389923096,
            8.146614074707031,
            0.3766110837459564,
            0.2531156837940216,
            0.6892288327217102,
            0.09502769261598587,
            0.2507343888282776,
            0.18408522009849548,
            0.18408522009849548,
            0.30983689427375793,
            0.0,
            0.0,
            0.0,
            0.0,
            0.0,
            0.0,
            0.0,
            0.0,
            2.0,
            1.0,
            2.0,
            1.0,
            2.0,
            1.0,
            1.0,
            1.0,
            1.0,
            1.0,
            1.0,
            1.0,
            1.0,
            1.0,
            1.0,
            1.0,
            1.0,
            1.0,
            1.0,
            1.0,
            1.0
        ]
    ],
    "eval_steps": 2016
}