{
    "eval_chronic": "/home/trlautenbacher/data_grid2op/rte_case5_example_val/chronics/19",
    "eval_rewards": [
        [
            0.00017424882295626927,
            -0.00019047619047619045,
            -1.0
        ],
        [
            0.018288399156487164,
            -0.03142857142857146,
            -1.0
        ],
        [
            0.0,
            0.0,
            0.0
        ]
    ],
    "eval_actions": [
        36,
        24,
        25
    ],
    "eval_states": [
        [
            2.0,
            26.34185791015625,
            8.600000381469727,
            8.199999809265137,
            7.800000190734863,
            13.39727783203125,
            -0.0971764624118805,
            -0.04541398584842682,
            -3.9984028339385986,
            -12.453624725341797,
            -11.983375549316406,
            -0.035429056733846664,
            -3.8015973567962646,
            -11.137466430664062,
            0.2091614007949829,
            0.24387991428375244,
            4.08442497253418,
            12.944579124450684,
            12.453624725341797,
            0.0971764624118805,
            3.8642191886901855,
            0.889803946018219,
            0.4789448082447052,
            0.7754613757133484,
            0.6131350994110107,
            0.6013515591621399,
            1.1773402690887451,
            0.4090910255908966,
            0.6106588244438171,
            0.0,
            0.0,
            0.0,
            0.0,
            0.0,
            1.0,
            0.0,
            0.0,
            1.0,
            1.0,
            1.0,
            1.0,
            1.0,
            1.0,
            1.0,
            1.0,
            1.0,
            2.0,
            1.0,
            1.0,
            2.0,
            1.0,
            1.0,
            1.0,
            1.0,
            1.0,
            1.0,
            1.0,
            1.0
        ],
        [
            1.899999976158142,
            23.794658660888672,
            8.600000381469727,
            8.199999809265137,
            7.800000190734863,
            12.206782341003418,
            -0.7233498096466064,
            -0.7362631559371948,
            -3.5018856525421143,
            -11.382235527038574,
            -11.1896333694458,
            -0.6379960775375366,
            -4.298114776611328,
            -12.147062301635742,
            0.8833054304122925,
            1.0166945457458496,
            3.547062397003174,
            11.587876319885254,
            11.382235527038574,
            0.7233498096466064,
            4.363893032073975,
            0.1390754133462906,
            0.5801355242729187,
            0.9347735643386841,
            0.5254910588264465,
            0.3913014233112335,
            0.7577589154243469,
            0.4832572340965271,
            0.5309575796127319,
            0.0,
            0.0,
            0.0,
            0.0,
            0.0,
            0.0,
            0.0,
            0.0,
            2.0,
            1.0,
            1.0,
            2.0,
            1.0,
            2.0,
            1.0,
            1.0,
            1.0,
            2.0,
            1.0,
            1.0,
            2.0,
            1.0,
            1.0,
            1.0,
            1.0,
            1.0,
            1.0,
            1.0,
            1.0
        ],
        [
            0.0,
            0.0,
            0.0,
            0.0,
            0.0,
            0.0,
            0.0,
            0.0,
            0.0,
            0.0,
            0.0,
            0.0,
            0.0,
            0.0,
            0.0,
            0.0,
            0.0,
            0.0,
            0.0,
            0.0,
            0.0,
            0.0,
            0.0,
            0.0,
            0.0,
            0.0,
            0.0,
            0.0,
            0.0,
            0.0,
            0.0,
            0.0,
            0.0,
            0.0,
            0.0,
            0.0,
            0.0,
            -1.0,
            -1.0,
            -1.0,
            -1.0,
            -1.0,
            -1.0,
            -1.0,
            -1.0,
            -1.0,
            -1.0,
            -1.0,
            -1.0,
            -1.0,
            -1.0,
            -1.0,
            -1.0,
            -1.0,
            -1.0,
            -1.0,
            -1.0,
            -1.0
        ]
    ],
    "eval_steps": 68
}