{
    "eval_chronic": "/home/trlautenbacher/data_grid2op/rte_case5_example_val/chronics/19",
    "eval_rewards": [
        [
            0.0002268793247194526,
            -0.0003809523809523809,
            -1.0
        ],
        [
            0.8295022593416548,
            -1.3433333333333184,
            -1.0
        ]
    ],
    "eval_actions": [
        45,
        11
    ],
    "eval_states": [
        [
            2.0,
            25.801000595092773,
            8.600000381469727,
            8.199999809265137,
            7.800000190734863,
            11.375762939453125,
            3.3504576683044434,
            -1.096423625946045,
            -4.7206830978393555,
            -13.709735870361328,
            -9.271490910081615e-13,
            -10.226067543029785,
            -3.0793168544769287,
            -9.707155227661133,
            -2.918076515197754,
            1.2387354373931885,
            4.786495685577393,
            14.425237655639648,
            5.808201967738569e-05,
            10.359219551086426,
            3.1224918365478516,
            0.7627951502799988,
            0.9793006777763367,
            0.6462855935096741,
            0.5314240455627441,
            0.7246679067611694,
            0.0258871391415596,
            0.6320348978042603,
            0.5151363015174866,
            0.0,
            0.0,
            0.0,
            0.0,
            0.0,
            0.0,
            0.0,
            0.0,
            1.0,
            1.0,
            1.0,
            1.0,
            1.0,
            1.0,
            1.0,
            1.0,
            1.0,
            1.0,
            1.0,
            1.0,
            1.0,
            2.0,
            1.0,
            2.0,
            2.0,
            2.0,
            1.0,
            1.0,
            1.0
        ],
        [
            1.899999976158142,
            23.206220626831055,
            8.600000381469727,
            8.199999809265137,
            7.800000190734863,
            3.7637321949005127,
            -5.3603739738464355,
            7.346351623535156,
            1.2752407789230347,
            -19.366687774658203,
            9.256960432565964e-13,
            -24.64461898803711,
            -9.075241088867188,
            -3.562272787094116,
            5.462272644042969,
            -7.325204372406006,
            -1.2747957706451416,
            19.442487716674805,
            5.7895140344044194e-05,
            24.727005004882812,
            9.098267555236816,
            0.2566714584827423,
            0.45681068301200867,
            0.3040669560432434,
            0.07683226466178894,
            0.23786590993404388,
            0.025845462456345558,
            0.48398712277412415,
            0.3293713331222534,
            0.0,
            0.0,
            0.0,
            0.0,
            0.0,
            0.0,
            0.0,
            0.0,
            2.0,
            2.0,
            1.0,
            1.0,
            2.0,
            1.0,
            1.0,
            1.0,
            1.0,
            1.0,
            1.0,
            1.0,
            1.0,
            2.0,
            1.0,
            2.0,
            2.0,
            2.0,
            1.0,
            1.0,
            1.0
        ]
    ],
    "eval_steps": 2016
}