{
    "eval_chronic": "/home/trlautenbacher/data_grid2op/rte_case5_example_val/chronics/19",
    "eval_rewards": [
        [
            0.00013581277738364443,
            -0.00019047619047619045,
            -1.0
        ],
        [
            0.0,
            0.0,
            0.0
        ]
    ],
    "eval_actions": [
        25,
        51
    ],
    "eval_states": [
        [
            2.0,
            25.911823272705078,
            8.600000381469727,
            8.199999809265137,
            7.800000190734863,
            6.815964698791504,
            5.9650702476501465,
            2.5141613483428955,
            -6.645111083984375,
            -17.97201919555664,
            -5.977941036224365,
            -5.977941036224365,
            -1.1548892259597778,
            -6.718832969665527,
            -4.8258585929870605,
            -1.7741416692733765,
            6.718832969665527,
            19.09585952758789,
            6.003474712371826,
            6.003474712371826,
            1.2417205572128296,
            0.1750270277261734,
            1.6141194105148315,
            1.561311960220337,
            0.6563513875007629,
            0.9065840840339661,
            0.2831985354423523,
            0.2831985354423523,
            0.6151441931724548,
            0.0,
            1.0,
            1.0,
            0.0,
            0.0,
            0.0,
            0.0,
            0.0,
            2.0,
            1.0,
            1.0,
            2.0,
            1.0,
            1.0,
            1.0,
            1.0,
            1.0,
            1.0,
            1.0,
            1.0,
            1.0,
            1.0,
            1.0,
            1.0,
            1.0,
            1.0,
            1.0,
            1.0,
            1.0
        ],
        [
            0.0,
            0.0,
            0.0,
            0.0,
            0.0,
            0.0,
            0.0,
            0.0,
            0.0,
            0.0,
            0.0,
            0.0,
            0.0,
            0.0,
            0.0,
            0.0,
            0.0,
            0.0,
            0.0,
            0.0,
            0.0,
            0.0,
            0.0,
            0.0,
            0.0,
            0.0,
            0.0,
            0.0,
            0.0,
            0.0,
            0.0,
            0.0,
            0.0,
            0.0,
            0.0,
            0.0,
            0.0,
            -1.0,
            -1.0,
            -1.0,
            -1.0,
            -1.0,
            -1.0,
            -1.0,
            -1.0,
            -1.0,
            -1.0,
            -1.0,
            -1.0,
            -1.0,
            -1.0,
            -1.0,
            -1.0,
            -1.0,
            -1.0,
            -1.0,
            -1.0,
            -1.0
        ]
    ],
    "eval_steps": 2
}