{
    "eval_chronic": "/home/trlautenbacher/data_grid2op/rte_case5_example_val/chronics/19",
    "eval_rewards": [
        [
            0.00017424882295626927,
            -0.00019047619047619045,
            -1.0
        ],
        [
            0.0003706107416448079,
            -0.0005714285714285714,
            -1.0
        ],
        [
            0.0,
            0.0,
            0.0
        ]
    ],
    "eval_actions": [
        36,
        8,
        34
    ],
    "eval_states": [
        [
            2.0,
            26.34185791015625,
            8.600000381469727,
            8.199999809265137,
            7.800000190734863,
            13.39727783203125,
            -0.0971764624118805,
            -0.04541398584842682,
            -3.9984028339385986,
            -12.453624725341797,
            -11.983375549316406,
            -0.035429056733846664,
            -3.8015973567962646,
            -11.137466430664062,
            0.2091614007949829,
            0.24387991428375244,
            4.08442497253418,
            12.944579124450684,
            12.453624725341797,
            0.0971764624118805,
            3.8642191886901855,
            0.889803946018219,
            0.4789448082447052,
            0.7754613757133484,
            0.6131350994110107,
            0.6013515591621399,
            1.1773402690887451,
            0.4090910255908966,
            0.6106588244438171,
            0.0,
            0.0,
            0.0,
            0.0,
            0.0,
            1.0,
            0.0,
            0.0,
            1.0,
            1.0,
            1.0,
            1.0,
            1.0,
            1.0,
            1.0,
            1.0,
            1.0,
            2.0,
            1.0,
            1.0,
            2.0,
            1.0,
            1.0,
            1.0,
            1.0,
            1.0,
            1.0,
            1.0,
            1.0
        ],
        [
            1.899999976158142,
            23.35003662109375,
            8.600000381469727,
            8.199999809265137,
            7.800000190734863,
            11.938042640686035,
            0.35995566844940186,
            -1.4968184232711792,
            -3.6143672466278076,
            -11.336729049682617,
            -11.268656730651855,
            0.3635731637477875,
            -4.185632705688477,
            -11.878190994262695,
            -0.34391453862190247,
            1.899999976158142,
            3.622105598449707,
            11.411993026733398,
            11.336729049682617,
            -0.35995566844940186,
            4.201902389526367,
            0.13893184065818787,
            0.23553889989852905,
            1.1345504522323608,
            0.23704040050506592,
            0.2387308031320572,
            0.4544883072376251,
            0.11504590511322021,
            0.24706414341926575,
            0.0,
            0.0,
            1.0,
            0.0,
            0.0,
            0.0,
            0.0,
            0.0,
            2.0,
            2.0,
            1.0,
            2.0,
            1.0,
            2.0,
            1.0,
            1.0,
            1.0,
            2.0,
            1.0,
            1.0,
            2.0,
            1.0,
            1.0,
            1.0,
            1.0,
            1.0,
            1.0,
            1.0,
            1.0
        ],
        [
            0.0,
            0.0,
            0.0,
            0.0,
            0.0,
            0.0,
            0.0,
            0.0,
            0.0,
            0.0,
            0.0,
            0.0,
            0.0,
            0.0,
            0.0,
            0.0,
            0.0,
            0.0,
            0.0,
            0.0,
            0.0,
            0.0,
            0.0,
            0.0,
            0.0,
            0.0,
            0.0,
            0.0,
            0.0,
            0.0,
            0.0,
            0.0,
            0.0,
            0.0,
            0.0,
            0.0,
            0.0,
            -1.0,
            -1.0,
            -1.0,
            -1.0,
            -1.0,
            -1.0,
            -1.0,
            -1.0,
            -1.0,
            -1.0,
            -1.0,
            -1.0,
            -1.0,
            -1.0,
            -1.0,
            -1.0,
            -1.0,
            -1.0,
            -1.0,
            -1.0,
            -1.0
        ]
    ],
    "eval_steps": 3
}