{
    "eval_chronic": "/home/trlautenbacher/data_grid2op/rte_case5_example_val/chronics/19",
    "eval_rewards": [
        [
            0.024206537224631834,
            -0.022476190476190483,
            -1.0
        ],
        [
            0.0,
            -9.523809523809523e-05,
            0.0
        ],
        [
            0.00028239577206817866,
            -0.0002857142857142857,
            0.0
        ],
        [
            0.0,
            0.0,
            0.0
        ]
    ],
    "eval_actions": [
        8,
        29,
        20,
        49
    ],
    "eval_states": [
        [
            2.0,
            22.991369247436523,
            8.600000381469727,
            8.199999809265137,
            7.800000190734863,
            9.66545295715332,
            2.6929244995117188,
            -1.7587542533874512,
            -3.716780662536621,
            -13.259796142578125,
            -5.2686262130737305,
            -5.2686262130737305,
            -4.083219528198242,
            -9.635736465454102,
            -2.6869072914123535,
            2.0,
            3.7226436138153076,
            13.325915336608887,
            5.283435821533203,
            5.283435821533203,
            4.096006393432617,
            0.09803874790668488,
            0.1540290117263794,
            0.8622050285339355,
            0.20694582164287567,
            0.22368401288986206,
            0.21810035407543182,
            0.21810035407543182,
            0.21657416224479675,
            0.0,
            0.0,
            0.0,
            0.0,
            0.0,
            0.0,
            0.0,
            0.0,
            2.0,
            2.0,
            1.0,
            2.0,
            1.0,
            2.0,
            1.0,
            1.0,
            1.0,
            1.0,
            1.0,
            1.0,
            1.0,
            1.0,
            1.0,
            1.0,
            1.0,
            1.0,
            1.0,
            1.0,
            1.0
        ],
        [
            0.800000011920929,
            25.67758560180664,
            7.400000095367432,
            6.800000190734863,
            6.699999809265137,
            0.0004651914059650153,
            7.443720817565918,
            2.944828748703003,
            -1.4985705614089966,
            -22.95206069946289,
            -7.584583282470703,
            -7.584583282470703,
            -5.20142936706543,
            0.0,
            -6.048793792724609,
            -2.293095350265503,
            1.7418887615203857,
            25.677120208740234,
            7.7541704177856445,
            7.7541704177856445,
            5.424337863922119,
            0.0,
            1.7903398275375366,
            1.4610501527786255,
            1.0622453689575195,
            1.4082024097442627,
            0.7120707631111145,
            0.7120707631111145,
            1.110877513885498,
            0.0,
            1.0,
            1.0,
            1.0,
            1.0,
            0.0,
            0.0,
            1.0,
            2.0,
            1.0,
            1.0,
            1.0,
            1.0,
            1.0,
            1.0,
            1.0,
            1.0,
            1.0,
            1.0,
            1.0,
            1.0,
            1.0,
            1.0,
            1.0,
            1.0,
            1.0,
            1.0,
            1.0,
            1.0
        ],
        [
            0.800000011920929,
            21.111650466918945,
            7.199999809265137,
            6.800000190734863,
            6.699999809265137,
            7.971406936645508,
            2.904571771621704,
            -0.6703165173530579,
            -3.0917437076568604,
            -12.766807556152344,
            -4.925947666168213,
            -4.925947666168213,
            -3.6082561016082764,
            -7.926273822784424,
            -2.4263503551483154,
            0.7262741923332214,
            3.2263503074645996,
            13.140244483947754,
            4.931118011474609,
            4.931118011474609,
            3.7222115993499756,
            0.11734611541032791,
            1.0318973064422607,
            0.5165739059448242,
            0.7780725955963135,
            0.5252264738082886,
            0.13086719810962677,
            0.13086719810962677,
            0.8079433441162109,
            0.0,
            2.0,
            0.0,
            0.0,
            0.0,
            0.0,
            0.0,
            0.0,
            2.0,
            1.0,
            2.0,
            1.0,
            1.0,
            2.0,
            1.0,
            1.0,
            1.0,
            1.0,
            1.0,
            1.0,
            1.0,
            1.0,
            1.0,
            1.0,
            1.0,
            1.0,
            1.0,
            1.0,
            1.0
        ],
        [
            0.0,
            0.0,
            0.0,
            0.0,
            0.0,
            0.0,
            0.0,
            0.0,
            0.0,
            0.0,
            0.0,
            0.0,
            0.0,
            0.0,
            0.0,
            0.0,
            0.0,
            0.0,
            0.0,
            0.0,
            0.0,
            0.0,
            0.0,
            0.0,
            0.0,
            0.0,
            0.0,
            0.0,
            0.0,
            0.0,
            0.0,
            0.0,
            0.0,
            0.0,
            0.0,
            0.0,
            0.0,
            -1.0,
            -1.0,
            -1.0,
            -1.0,
            -1.0,
            -1.0,
            -1.0,
            -1.0,
            -1.0,
            -1.0,
            -1.0,
            -1.0,
            -1.0,
            -1.0,
            -1.0,
            -1.0,
            -1.0,
            -1.0,
            -1.0,
            -1.0,
            -1.0
        ]
    ],
    "eval_steps": 62
}