{
    "eval_chronic": "/home/trlautenbacher/data_grid2op/rte_case5_example_val/chronics/12",
    "eval_rewards": [
        [
            0.020413685006514727,
            0.0,
            -1.0
        ],
        [
            0.00019133000659192178,
            0.0,
            0.0
        ],
        [
            0.00030595904729864874,
            -0.00019047619047619045,
            -1.0
        ],
        [
            0.0,
            0.0,
            0.0
        ]
    ],
    "eval_actions": [
        1,
        1,
        50,
        34
    ],
    "eval_states": [
        [
            0.30000001192092896,
            27.17757797241211,
            7.800000190734863,
            8.300000190734863,
            8.100000381469727,
            11.366332054138184,
            2.72005295753479,
            -0.08114790171384811,
            -4.169963359832764,
            -15.022329330444336,
            -6.103853225708008,
            -6.103853225708008,
            -3.930037260055542,
            -9.700301170349121,
            -2.324437141418457,
            0.27054455876350403,
            4.254193305969238,
            15.811246871948242,
            6.1511383056640625,
            6.1511383056640625,
            3.988853931427002,
            0.7621960043907166,
            0.9349967837333679,
            0.7559517025947571,
            0.606358528137207,
            0.7606089115142822,
            0.3816232681274414,
            0.3816232681274414,
            0.5930918455123901,
            0.0,
            0.0,
            0.0,
            0.0,
            0.0,
            0.0,
            0.0,
            0.0,
            1.0,
            1.0,
            1.0,
            1.0,
            1.0,
            1.0,
            1.0,
            1.0,
            1.0,
            1.0,
            1.0,
            1.0,
            1.0,
            1.0,
            1.0,
            1.0,
            1.0,
            1.0,
            1.0,
            1.0,
            1.0
        ],
        [
            0.5,
            27.847400665283203,
            8.199999809265137,
            8.300000190734863,
            8.399999618530273,
            11.679145812988281,
            2.82077956199646,
            -0.0430765226483345,
            -4.296804904937744,
            -15.341920852661133,
            -6.211246967315674,
            -6.211246967315674,
            -4.103194713592529,
            -9.92672348022461,
            -2.403042793273926,
            0.24368257820606232,
            4.386084079742432,
            16.168256759643555,
            6.260571002960205,
            6.260571002960205,
            4.16556978225708,
            0.782036542892456,
            0.9618684649467468,
            0.7799999713897705,
            0.6256610751152039,
            0.7782887816429138,
            0.38950496912002563,
            0.38950496912002563,
            0.6093221306800842,
            0.0,
            0.0,
            0.0,
            0.0,
            0.0,
            0.0,
            0.0,
            0.0,
            1.0,
            1.0,
            1.0,
            1.0,
            1.0,
            1.0,
            1.0,
            1.0,
            1.0,
            1.0,
            1.0,
            1.0,
            1.0,
            1.0,
            1.0,
            1.0,
            1.0,
            1.0,
            1.0,
            1.0,
            1.0
        ],
        [
            0.5,
            28.768753051757812,
            8.199999809265137,
            8.5,
            8.5,
            14.146451950073242,
            5.631801605224609,
            -2.493037223815918,
            -6.0098347663879395,
            -14.137487411499023,
            -4.25,
            -4.25,
            -2.4901652336120605,
            -11.6484956741333,
            -4.566043853759766,
            2.495544672012329,
            6.01899528503418,
            14.622300148010254,
            4.252842903137207,
            4.252842903137207,
            2.493037223815918,
            0.9361745119094849,
            1.559920310974121,
            0.13591237366199493,
            0.2134823054075241,
            0.5975779891014099,
            0.08534794300794601,
            0.08534794300794601,
            0.09450569748878479,
            0.0,
            1.0,
            0.0,
            0.0,
            0.0,
            0.0,
            0.0,
            0.0,
            1.0,
            1.0,
            1.0,
            1.0,
            1.0,
            1.0,
            1.0,
            1.0,
            1.0,
            1.0,
            1.0,
            1.0,
            1.0,
            2.0,
            1.0,
            1.0,
            2.0,
            1.0,
            1.0,
            1.0,
            1.0
        ],
        [
            0.0,
            0.0,
            0.0,
            0.0,
            0.0,
            0.0,
            0.0,
            0.0,
            0.0,
            0.0,
            0.0,
            0.0,
            0.0,
            0.0,
            0.0,
            0.0,
            0.0,
            0.0,
            0.0,
            0.0,
            0.0,
            0.0,
            0.0,
            0.0,
            0.0,
            0.0,
            0.0,
            0.0,
            0.0,
            0.0,
            0.0,
            0.0,
            0.0,
            0.0,
            0.0,
            0.0,
            0.0,
            -1.0,
            -1.0,
            -1.0,
            -1.0,
            -1.0,
            -1.0,
            -1.0,
            -1.0,
            -1.0,
            -1.0,
            -1.0,
            -1.0,
            -1.0,
            -1.0,
            -1.0,
            -1.0,
            -1.0,
            -1.0,
            -1.0,
            -1.0,
            -1.0
        ]
    ],
    "eval_steps": 87
}