{
    "eval_chronic": "/home/trlautenbacher/data_grid2op/rte_case5_example_val/chronics/12",
    "eval_rewards": [
        [
            0.020413685006514727,
            0.0,
            0.0
        ],
        [
            0.00017109990061034018,
            -9.523809523809523e-05,
            -1.0
        ],
        [
            0.34337377187792867,
            -0.34019047619047077,
            -1.0
        ],
        [
            0.0003308374102944118,
            -0.0003809523809523809,
            0.0
        ],
        [
            0.0,
            0.0,
            0.0
        ]
    ],
    "eval_actions": [
        0,
        37,
        23,
        24,
        49
    ],
    "eval_states": [
        [
            0.30000001192092896,
            27.17757797241211,
            7.800000190734863,
            8.300000190734863,
            8.100000381469727,
            11.366332054138184,
            2.72005295753479,
            -0.08114790171384811,
            -4.169963359832764,
            -15.022329330444336,
            -6.103853225708008,
            -6.103853225708008,
            -3.930037260055542,
            -9.700301170349121,
            -2.324437141418457,
            0.27054455876350403,
            4.254193305969238,
            15.811246871948242,
            6.1511383056640625,
            6.1511383056640625,
            3.988853931427002,
            0.7621960043907166,
            0.9349967837333679,
            0.7559517025947571,
            0.606358528137207,
            0.7606089115142822,
            0.3816232681274414,
            0.3816232681274414,
            0.5930918455123901,
            0.0,
            0.0,
            0.0,
            0.0,
            0.0,
            0.0,
            0.0,
            0.0,
            1.0,
            1.0,
            1.0,
            1.0,
            1.0,
            1.0,
            1.0,
            1.0,
            1.0,
            1.0,
            1.0,
            1.0,
            1.0,
            1.0,
            1.0,
            1.0,
            1.0,
            1.0,
            1.0,
            1.0,
            1.0
        ],
        [
            0.5,
            27.972841262817383,
            8.199999809265137,
            8.300000190734863,
            8.399999618530273,
            13.108800888061523,
            1.3939655636382997e-12,
            1.00137460231781,
            -3.637819290161133,
            -14.412347793579102,
            -7.100578784942627,
            -7.100578784942627,
            -4.762180328369141,
            -10.937994956970215,
            0.0006492077955044806,
            -0.5744002461433411,
            3.8117458820343018,
            14.864041328430176,
            7.206173896789551,
            7.206173896789551,
            4.899783134460449,
            0.8718495965003967,
            0.07894150167703629,
            1.1694350242614746,
            0.8910506367683411,
            0.5770044922828674,
            0.5644446015357971,
            0.5644446015357971,
            0.8827872276306152,
            0.0,
            0.0,
            1.0,
            0.0,
            0.0,
            0.0,
            0.0,
            0.0,
            1.0,
            1.0,
            1.0,
            1.0,
            1.0,
            1.0,
            1.0,
            1.0,
            1.0,
            2.0,
            1.0,
            1.0,
            1.0,
            1.0,
            1.0,
            1.0,
            1.0,
            1.0,
            1.0,
            1.0,
            1.0
        ],
        [
            0.5,
            25.9110164642334,
            8.199999809265137,
            8.5,
            8.5,
            7.791749000549316,
            -4.614387214343929e-13,
            8.22451114654541,
            -7.330046653747559,
            -18.03012466430664,
            -8.995169639587402,
            -8.995169639587402,
            -1.169953465461731,
            -6.973388195037842,
            0.0006417083786800504,
            -8.200641632080078,
            7.473388195037842,
            18.1192684173584,
            9.01506233215332,
            9.01506233215332,
            1.2658288478851318,
            0.5303511619567871,
            0.07848422974348068,
            0.3057674169540405,
            0.8064972758293152,
            0.25836098194122314,
            0.24879445135593414,
            0.24879445135593414,
            0.7455592155456543,
            0.0,
            0.0,
            0.0,
            0.0,
            0.0,
            0.0,
            0.0,
            0.0,
            2.0,
            1.0,
            1.0,
            2.0,
            2.0,
            1.0,
            1.0,
            1.0,
            1.0,
            2.0,
            1.0,
            1.0,
            1.0,
            1.0,
            1.0,
            1.0,
            1.0,
            1.0,
            1.0,
            1.0,
            1.0
        ],
        [
            0.8999999761581421,
            28.84364891052246,
            9.5,
            9.600000381469727,
            9.699999809265137,
            13.44169807434082,
            0.0,
            -0.2742730677127838,
            -3.8765339851379395,
            -15.255850791931152,
            -7.595181941986084,
            -7.595181941986084,
            -5.823465824127197,
            -13.393877029418945,
            0.0006492077955044806,
            0.8993507623672485,
            3.893876791000366,
            15.401949882507324,
            7.627925395965576,
            7.627925395965576,
            5.8646368980407715,
            0.12854796648025513,
            0.07894150167703629,
            1.4293596744537354,
            0.34011906385421753,
            0.33038827776908875,
            0.31880444288253784,
            0.31880444288253784,
            0.41433125734329224,
            0.0,
            0.0,
            1.0,
            0.0,
            0.0,
            0.0,
            0.0,
            0.0,
            2.0,
            1.0,
            1.0,
            2.0,
            1.0,
            2.0,
            1.0,
            1.0,
            1.0,
            2.0,
            1.0,
            1.0,
            1.0,
            1.0,
            1.0,
            1.0,
            1.0,
            1.0,
            1.0,
            1.0,
            1.0
        ],
        [
            0.0,
            0.0,
            0.0,
            0.0,
            0.0,
            0.0,
            0.0,
            0.0,
            0.0,
            0.0,
            0.0,
            0.0,
            0.0,
            0.0,
            0.0,
            0.0,
            0.0,
            0.0,
            0.0,
            0.0,
            0.0,
            0.0,
            0.0,
            0.0,
            0.0,
            0.0,
            0.0,
            0.0,
            0.0,
            0.0,
            0.0,
            0.0,
            0.0,
            0.0,
            0.0,
            0.0,
            0.0,
            -1.0,
            -1.0,
            -1.0,
            -1.0,
            -1.0,
            -1.0,
            -1.0,
            -1.0,
            -1.0,
            -1.0,
            -1.0,
            -1.0,
            -1.0,
            -1.0,
            -1.0,
            -1.0,
            -1.0,
            -1.0,
            -1.0,
            -1.0,
            -1.0
        ]
    ],
    "eval_steps": 980
}