{
    "eval_chronic": "/home/trlautenbacher/data_grid2op/rte_case5_example_val/chronics/19",
    "eval_rewards": [
        [
            0.0002268793247194526,
            -0.0003809523809523809,
            -1.0
        ],
        [
            0.0,
            0.0,
            0.0
        ]
    ],
    "eval_actions": [
        45,
        13
    ],
    "eval_states": [
        [
            2.0,
            25.801000595092773,
            8.600000381469727,
            8.199999809265137,
            7.800000190734863,
            11.375762939453125,
            3.3504576683044434,
            -1.096423625946045,
            -4.7206830978393555,
            -13.709735870361328,
            -9.271490910081615e-13,
            -10.226067543029785,
            -3.0793168544769287,
            -9.707155227661133,
            -2.918076515197754,
            1.2387354373931885,
            4.786495685577393,
            14.425237655639648,
            5.808201967738569e-05,
            10.359219551086426,
            3.1224918365478516,
            0.7627951502799988,
            0.9793006777763367,
            0.6462855935096741,
            0.5314240455627441,
            0.7246679067611694,
            0.0258871391415596,
            0.6320348978042603,
            0.5151363015174866,
            0.0,
            0.0,
            0.0,
            0.0,
            0.0,
            0.0,
            0.0,
            0.0,
            1.0,
            1.0,
            1.0,
            1.0,
            1.0,
            1.0,
            1.0,
            1.0,
            1.0,
            1.0,
            1.0,
            1.0,
            1.0,
            2.0,
            1.0,
            2.0,
            2.0,
            2.0,
            1.0,
            1.0,
            1.0
        ],
        [
            0.0,
            0.0,
            0.0,
            0.0,
            0.0,
            0.0,
            0.0,
            0.0,
            0.0,
            0.0,
            0.0,
            0.0,
            0.0,
            0.0,
            0.0,
            0.0,
            0.0,
            0.0,
            0.0,
            0.0,
            0.0,
            0.0,
            0.0,
            0.0,
            0.0,
            0.0,
            0.0,
            0.0,
            0.0,
            0.0,
            0.0,
            0.0,
            0.0,
            0.0,
            0.0,
            0.0,
            0.0,
            -1.0,
            -1.0,
            -1.0,
            -1.0,
            -1.0,
            -1.0,
            -1.0,
            -1.0,
            -1.0,
            -1.0,
            -1.0,
            -1.0,
            -1.0,
            -1.0,
            -1.0,
            -1.0,
            -1.0,
            -1.0,
            -1.0,
            -1.0,
            -1.0
        ]
    ],
    "eval_steps": 2
}