{
    "eval_chronic": "/home/trlautenbacher/data_grid2op/rte_case5_example_val/chronics/12",
    "eval_rewards": [
        [
            0.00024104464814325157,
            -9.523809523809523e-05,
            -1.0
        ],
        [
            0.00011094896377431435,
            -0.0002857142857142857,
            0.0
        ],
        [
            0.0,
            0.0,
            0.0
        ]
    ],
    "eval_actions": [
        52,
        40,
        13
    ],
    "eval_states": [
        [
            0.30000001192092896,
            26.88353157043457,
            7.800000190734863,
            8.300000190734863,
            8.100000381469727,
            11.268622398376465,
            2.738544225692749,
            4.637808149673961e-13,
            -4.202232837677002,
            -15.07256031036377,
            -6.152819633483887,
            -6.152819633483887,
            -3.8977675437927246,
            -9.629189491271973,
            -2.216287612915039,
            0.001311096828430891,
            4.344165325164795,
            15.614909172058105,
            6.167007923126221,
            6.167007923126221,
            4.005638599395752,
            0.7559844255447388,
            1.0801178216934204,
            0.13720062375068665,
            0.800613284111023,
            0.6316761374473572,
            0.21301577985286713,
            0.21301577985286713,
            0.7872083187103271,
            0.0,
            1.0,
            0.0,
            0.0,
            0.0,
            0.0,
            0.0,
            0.0,
            1.0,
            1.0,
            1.0,
            1.0,
            1.0,
            1.0,
            1.0,
            1.0,
            1.0,
            1.0,
            1.0,
            1.0,
            1.0,
            2.0,
            1.0,
            1.0,
            1.0,
            1.0,
            1.0,
            1.0,
            1.0
        ],
        [
            0.30000001192092896,
            30.003158569335938,
            8.0,
            8.100000381469727,
            8.199999809265137,
            16.138946533203125,
            7.537304401397705,
            4.97111177444458,
            -16.32069969177246,
            -12.61086654663086,
            -2.48555588722229,
            -2.48555588722229,
            8.120699882507324,
            -12.959967613220215,
            -6.657849311828613,
            -4.481834411621094,
            16.39965057373047,
            13.864212036132812,
            2.536781072616577,
            2.536781072616577,
            -8.100000381469727,
            1.057753086090088,
            1.4136013984680176,
            1.2571947574615479,
            0.6149451732635498,
            0.9571086764335632,
            0.3972468674182892,
            0.3972468674182892,
            0.3486063778400421,
            1.0,
            2.0,
            1.0,
            0.0,
            0.0,
            0.0,
            0.0,
            0.0,
            1.0,
            1.0,
            1.0,
            1.0,
            1.0,
            1.0,
            1.0,
            1.0,
            1.0,
            1.0,
            1.0,
            1.0,
            1.0,
            2.0,
            2.0,
            2.0,
            1.0,
            1.0,
            1.0,
            1.0,
            1.0
        ],
        [
            0.0,
            0.0,
            0.0,
            0.0,
            0.0,
            0.0,
            0.0,
            0.0,
            0.0,
            0.0,
            0.0,
            0.0,
            0.0,
            0.0,
            0.0,
            0.0,
            0.0,
            0.0,
            0.0,
            0.0,
            0.0,
            0.0,
            0.0,
            0.0,
            0.0,
            0.0,
            0.0,
            0.0,
            0.0,
            0.0,
            0.0,
            0.0,
            0.0,
            0.0,
            0.0,
            0.0,
            0.0,
            -1.0,
            -1.0,
            -1.0,
            -1.0,
            -1.0,
            -1.0,
            -1.0,
            -1.0,
            -1.0,
            -1.0,
            -1.0,
            -1.0,
            -1.0,
            -1.0,
            -1.0,
            -1.0,
            -1.0,
            -1.0,
            -1.0,
            -1.0,
            -1.0
        ]
    ],
    "eval_steps": 3
}