{
    "eval_chronic": "/home/trlautenbacher/data_grid2op/rte_case5_example_val/chronics/12",
    "eval_rewards": [
        [
            0.020413685006514727,
            0.0,
            -1.0
        ],
        [
            0.00019390993914786297,
            -0.0002857142857142857,
            -1.0
        ],
        [
            0.00022055632454637852,
            -0.0004761904761904762,
            -0.5
        ],
        [
            0.8878271599152,
            -1.4704761904761585,
            -1.0
        ]
    ],
    "eval_actions": [
        38,
        32,
        44,
        26
    ],
    "eval_states": [
        [
            0.30000001192092896,
            27.17757797241211,
            7.800000190734863,
            8.300000190734863,
            8.100000381469727,
            11.366332054138184,
            2.72005295753479,
            -0.08114790171384811,
            -4.169963359832764,
            -15.022329330444336,
            -6.103853225708008,
            -6.103853225708008,
            -3.930037260055542,
            -9.700301170349121,
            -2.324437141418457,
            0.27054455876350403,
            4.254193305969238,
            15.811246871948242,
            6.1511383056640625,
            6.1511383056640625,
            3.988853931427002,
            0.7621960043907166,
            0.9349967837333679,
            0.7559517025947571,
            0.606358528137207,
            0.7606089115142822,
            0.3816232681274414,
            0.3816232681274414,
            0.5930918455123901,
            0.0,
            0.0,
            0.0,
            0.0,
            0.0,
            0.0,
            0.0,
            0.0,
            1.0,
            1.0,
            1.0,
            1.0,
            1.0,
            1.0,
            1.0,
            1.0,
            1.0,
            1.0,
            1.0,
            1.0,
            1.0,
            1.0,
            1.0,
            1.0,
            1.0,
            1.0,
            1.0,
            1.0,
            1.0
        ],
        [
            0.5,
            28.26768684387207,
            8.199999809265137,
            8.300000190734863,
            8.399999618530273,
            12.601032257080078,
            3.8135931491851807,
            -0.9757183194160461,
            -4.944118499755859,
            -14.813485145568848,
            5.798678466817364e-05,
            -10.831320762634277,
            -3.455881118774414,
            -10.583189010620117,
            -3.2845938205718994,
            1.1451343297958374,
            5.022648334503174,
            15.666654586791992,
            -9.263272657614174e-13,
            10.999892234802246,
            3.5069806575775146,
            0.8401109576225281,
            1.08738374710083,
            0.7113429307937622,
            0.5845745801925659,
            0.7907343506813049,
            1.750323451172979e-14,
            0.7096791863441467,
            0.5561719536781311,
            0.0,
            1.0,
            0.0,
            0.0,
            0.0,
            0.0,
            0.0,
            0.0,
            1.0,
            1.0,
            1.0,
            1.0,
            1.0,
            1.0,
            1.0,
            1.0,
            1.0,
            2.0,
            2.0,
            1.0,
            2.0,
            1.0,
            1.0,
            1.0,
            1.0,
            1.0,
            1.0,
            1.0,
            1.0
        ],
        [
            0.5,
            28.200721740722656,
            8.199999809265137,
            8.5,
            8.5,
            12.326355934143066,
            3.5085513591766357,
            -5.8162393543170765e-05,
            -5.400303363800049,
            -15.272309303283691,
            5.8162393543170765e-05,
            -11.710371017456055,
            -3.099696636199951,
            -10.389266967773438,
            -2.866929531097412,
            0.003883306635543704,
            5.552313327789307,
            15.87436580657959,
            -1.8605633526902476e-12,
            11.763758659362793,
            3.2103707790374756,
            0.822869062423706,
            1.2014970779418945,
            0.18577677011489868,
            0.8306635022163391,
            0.6652143001556396,
            3.52788951480873e-14,
            0.4031567871570587,
            0.7970475554466248,
            0.0,
            2.0,
            0.0,
            0.0,
            0.0,
            0.0,
            0.0,
            0.0,
            1.0,
            1.0,
            1.0,
            1.0,
            1.0,
            1.0,
            1.0,
            1.0,
            1.0,
            2.0,
            2.0,
            1.0,
            2.0,
            2.0,
            2.0,
            1.0,
            1.0,
            1.0,
            1.0,
            1.0,
            1.0
        ],
        [
            0.5,
            25.953018188476562,
            8.399999618530273,
            8.399999618530273,
            8.5,
            8.968091011047363,
            4.705229759216309,
            -5.7790326536633074e-05,
            -4.6811604499816895,
            -16.94758415222168,
            5.779032289865427e-05,
            -12.222787857055664,
            -3.8188395500183105,
            -7.899999618530273,
            -4.6953125,
            0.003858465002849698,
            4.69145393371582,
            16.984928131103516,
            9.248554613122684e-13,
            12.242353439331055,
            3.8227884769439697,
            0.6077209711074829,
            0.13355447351932526,
            0.1851816028356552,
            0.19847199320793152,
            0.16562239825725555,
            1.750323451172979e-14,
            0.23499120771884918,
            0.16197022795677185,
            0.0,
            0.0,
            0.0,
            0.0,
            0.0,
            0.0,
            0.0,
            0.0,
            2.0,
            1.0,
            1.0,
            1.0,
            2.0,
            2.0,
            1.0,
            1.0,
            1.0,
            2.0,
            2.0,
            1.0,
            2.0,
            2.0,
            2.0,
            1.0,
            1.0,
            1.0,
            1.0,
            1.0,
            1.0
        ]
    ],
    "eval_steps": 2016
}