{
    "eval_chronic": "/home/trlautenbacher/data_grid2op/rte_case5_example_val/chronics/19",
    "eval_rewards": [
        [
            0.00017424882295626927,
            -0.00010582010582010581,
            -1.0
        ],
        [
            0.9114930350052275,
            -0.4264550264550378,
            -1.0
        ]
    ],
    "eval_actions": [
        36,
        27
    ],
    "eval_states": [
        [
            2.0,
            26.34185791015625,
            8.600000381469727,
            8.199999809265137,
            7.800000190734863,
            13.39727783203125,
            -0.0971764624118805,
            -0.04541398584842682,
            -3.9984028339385986,
            -12.453624725341797,
            -11.983375549316406,
            -0.035429056733846664,
            -3.8015973567962646,
            -11.137466430664062,
            0.2091614007949829,
            0.24387991428375244,
            4.08442497253418,
            12.944579124450684,
            12.453624725341797,
            0.0971764624118805,
            3.8642191886901855,
            0.889803946018219,
            0.4789448082447052,
            0.7754613757133484,
            0.6131350994110107,
            0.6013515591621399,
            1.1773402690887451,
            0.4090910255908966,
            0.6106588244438171,
            0.0,
            0.0,
            0.0,
            0.0,
            0.0,
            1.0,
            0.0,
            0.0,
            1.0,
            1.0,
            1.0,
            1.0,
            1.0,
            1.0,
            1.0,
            1.0,
            1.0,
            2.0,
            1.0,
            1.0,
            2.0,
            1.0,
            1.0,
            1.0,
            1.0,
            1.0,
            1.0,
            1.0,
            1.0
        ],
        [
            1.899999976158142,
            22.936662673950195,
            8.600000381469727,
            8.199999809265137,
            7.800000190734863,
            -1.847291111946106,
            4.237427711486816,
            4.854789733886719,
            -0.47793248295783997,
            -24.707841873168945,
            -24.630971908569336,
            4.2397613525390625,
            -7.322067737579346,
            1.899999976158142,
            -4.231894493103027,
            -4.846256256103516,
            0.47815045714378357,
            24.783954620361328,
            24.707841873168945,
            -4.237427711486816,
            7.336421012878418,
            0.1507081687450409,
            0.1325269490480423,
            0.19756510853767395,
            0.026007939130067825,
            0.2339564710855484,
            0.46954473853111267,
            0.08054601401090622,
            0.2618735730648041,
            0.0,
            0.0,
            0.0,
            0.0,
            0.0,
            0.0,
            0.0,
            0.0,
            2.0,
            1.0,
            1.0,
            1.0,
            2.0,
            1.0,
            1.0,
            1.0,
            1.0,
            2.0,
            1.0,
            1.0,
            2.0,
            1.0,
            1.0,
            1.0,
            1.0,
            1.0,
            1.0,
            1.0,
            1.0
        ]
    ],
    "eval_steps": 2016
}