{
    "eval_chronic": "/home/trlautenbacher/data_grid2op/rte_case5_example_val/chronics/12",
    "eval_rewards": [
        [
            0.020413685006514727,
            0.0,
            -1.0
        ],
        [
            0.00019192241817455528,
            -0.00021164021164021162,
            -1.0
        ],
        [
            0.9153318478554954,
            -0.7151851851851684,
            -1.0
        ]
    ],
    "eval_actions": [
        1,
        41,
        26
    ],
    "eval_states": [
        [
            0.30000001192092896,
            27.17757797241211,
            7.800000190734863,
            8.300000190734863,
            8.100000381469727,
            11.366332054138184,
            2.72005295753479,
            -0.08114790171384811,
            -4.169963359832764,
            -15.022329330444336,
            -6.103853225708008,
            -6.103853225708008,
            -3.930037260055542,
            -9.700301170349121,
            -2.324437141418457,
            0.27054455876350403,
            4.254193305969238,
            15.811246871948242,
            6.1511383056640625,
            6.1511383056640625,
            3.988853931427002,
            0.7621960043907166,
            0.9349967837333679,
            0.7559517025947571,
            0.606358528137207,
            0.7606089115142822,
            0.3816232681274414,
            0.3816232681274414,
            0.5930918455123901,
            0.0,
            0.0,
            0.0,
            0.0,
            0.0,
            0.0,
            0.0,
            0.0,
            1.0,
            1.0,
            1.0,
            1.0,
            1.0,
            1.0,
            1.0,
            1.0,
            1.0,
            1.0,
            1.0,
            1.0,
            1.0,
            1.0,
            1.0,
            1.0,
            1.0,
            1.0,
            1.0,
            1.0,
            1.0
        ],
        [
            0.5,
            28.26830291748047,
            8.199999809265137,
            8.300000190734863,
            8.399999618530273,
            12.600818634033203,
            3.8128530979156494,
            -0.973246693611145,
            -4.943634986877441,
            -14.808605194091797,
            -10.8353910446167,
            0.0,
            -3.456364631652832,
            -10.583038330078125,
            -3.2869210243225098,
            1.1463583707809448,
            5.023601055145264,
            15.66748332977295,
            10.995694160461426,
            5.807855268358253e-05,
            3.5086376667022705,
            0.8400976657867432,
            1.0841132402420044,
            0.7198007702827454,
            0.5902806520462036,
            0.7933551073074341,
            0.6923317313194275,
            0.02588636800646782,
            0.5620115399360657,
            0.0,
            1.0,
            0.0,
            0.0,
            0.0,
            0.0,
            0.0,
            0.0,
            1.0,
            1.0,
            1.0,
            1.0,
            1.0,
            1.0,
            1.0,
            1.0,
            1.0,
            1.0,
            1.0,
            1.0,
            1.0,
            2.0,
            2.0,
            1.0,
            2.0,
            2.0,
            1.0,
            1.0,
            1.0
        ],
        [
            0.5,
            25.785736083984375,
            8.199999809265137,
            8.5,
            8.5,
            8.710983276367188,
            4.926722526550293,
            -0.3884156346321106,
            -4.523988723754883,
            -17.036840438842773,
            -12.091672897338867,
            9.257982835214618e-13,
            -3.976011276245117,
            -7.699999809265137,
            -4.919715404510498,
            0.3890308439731598,
            4.530684471130371,
            17.074752807617188,
            12.11005973815918,
            5.790766954305582e-05,
            3.980088233947754,
            0.5909033417701721,
            0.127684086561203,
            0.027212020009756088,
            0.1660977303981781,
            0.1669280230998993,
            0.2292671650648117,
            0.025848256424069405,
            0.14298610389232635,
            0.0,
            0.0,
            0.0,
            0.0,
            0.0,
            0.0,
            0.0,
            0.0,
            2.0,
            1.0,
            1.0,
            1.0,
            2.0,
            2.0,
            1.0,
            1.0,
            1.0,
            1.0,
            1.0,
            1.0,
            1.0,
            2.0,
            2.0,
            1.0,
            2.0,
            2.0,
            1.0,
            1.0,
            1.0
        ]
    ],
    "eval_steps": 2016
}