{
    "eval_chronic": "/home/trlautenbacher/data_grid2op/rte_case5_example_val/chronics/12",
    "eval_rewards": [
        [
            0.00018178309354378053,
            -5.2910052910052905e-05,
            -1.0
        ],
        [
            0.00022052491418875222,
            -0.00021164021164021162,
            -1.0
        ],
        [
            0.0002248072609329235,
            -0.00015873015873015873,
            -1.0
        ],
        [
            9.647140643839687e-05,
            -0.0002645502645502645,
            -1.0
        ],
        [
            0.020830895801197413,
            -0.012222222222222209,
            -1.0
        ],
        [
            0.00022742703433208765,
            -0.00015873015873015873,
            -1.0
        ],
        [
            0.0014697217377466906,
            -0.002116402116402116,
            -1.0
        ],
        [
            0.00018068135145431295,
            -0.00031746031746031746,
            -1.0
        ],
        [
            0.00018685681812944532,
            -0.00031746031746031746,
            -1.0
        ],
        [
            0.0,
            0.0,
            -1.0
        ]
    ],
    "eval_actions": [
        37,
        42,
        30,
        25,
        1,
        30,
        2,
        20,
        47,
        33
    ],
    "eval_states": [
        [
            0.30000001192092896,
            27.28756332397461,
            7.800000190734863,
            8.300000190734863,
            8.100000381469727,
            12.736221313476562,
            2.6843996640211467e-15,
            0.9236764907836914,
            -3.534424066543579,
            -14.12021541595459,
            -6.959481239318848,
            -6.959481239318848,
            -4.565576076507568,
            -10.678116798400879,
            0.0006492077955044806,
            -0.5209556221961975,
            3.698423385620117,
            14.551342964172363,
            7.060107707977295,
            7.060107707977295,
            4.695286273956299,
            0.8485782146453857,
            0.07894150167703629,
            1.1337578296661377,
            0.8638564348220825,
            0.5638597011566162,
            0.5513015985488892,
            0.5513015985488892,
            0.8585058450698853,
            0.0,
            0.0,
            1.0,
            0.0,
            0.0,
            0.0,
            0.0,
            0.0,
            1.0,
            1.0,
            1.0,
            1.0,
            1.0,
            1.0,
            1.0,
            1.0,
            1.0,
            2.0,
            1.0,
            1.0,
            1.0,
            1.0,
            1.0,
            1.0,
            1.0,
            1.0,
            1.0,
            1.0,
            1.0
        ],
        [
            0.30000001192092896,
            27.11452293395996,
            8.0,
            8.100000381469727,
            8.199999809265137,
            12.512558937072754,
            0.0,
            1.0359991788864136,
            -3.4623968601226807,
            -14.294551849365234,
            -5.863088607788086,
            -8.100000381469727,
            -4.737602710723877,
            -10.520880699157715,
            0.0006492077955044806,
            -0.7582504749298096,
            3.578481674194336,
            14.601963996887207,
            6.183545112609863,
            8.111006736755371,
            4.827089309692383,
            0.8345630764961243,
            0.07894150167703629,
            0.92994225025177,
            0.7193474769592285,
            0.4770278036594391,
            0.9742782711982727,
            0.17193306982517242,
            0.7206321954727173,
            0.0,
            0.0,
            0.0,
            0.0,
            0.0,
            0.0,
            0.0,
            0.0,
            1.0,
            1.0,
            1.0,
            1.0,
            1.0,
            1.0,
            1.0,
            1.0,
            1.0,
            2.0,
            1.0,
            1.0,
            1.0,
            2.0,
            2.0,
            1.0,
            2.0,
            1.0,
            1.0,
            1.0,
            1.0
        ],
        [
            0.30000001192092896,
            27.087223052978516,
            7.900000095367432,
            8.100000381469727,
            8.300000190734863,
            11.144519805908203,
            2.4780795574188232,
            0.22303050756454468,
            -4.0328569412231445,
            -15.267544746398926,
            -4.5287184715271,
            -8.100000381469727,
            -4.267143249511719,
            -9.538601875305176,
            -2.0526063442230225,
            -0.0998140275478363,
            4.09102201461792,
            15.942703247070312,
            4.678343296051025,
            8.11112117767334,
            4.30568790435791,
            0.7480852007865906,
            0.9710755944252014,
            0.5964656472206116,
            0.49642688035964966,
            0.7040883302688599,
            0.6697830557823181,
            0.17275184392929077,
            0.48792022466659546,
            0.0,
            0.0,
            0.0,
            0.0,
            0.0,
            0.0,
            0.0,
            0.0,
            1.0,
            1.0,
            1.0,
            1.0,
            1.0,
            1.0,
            1.0,
            1.0,
            1.0,
            1.0,
            1.0,
            1.0,
            1.0,
            2.0,
            2.0,
            1.0,
            2.0,
            1.0,
            1.0,
            1.0,
            1.0
        ],
        [
            0.30000001192092896,
            27.5378360748291,
            7.800000190734863,
            8.100000381469727,
            8.199999809265137,
            7.0190324783325195,
            6.395740985870361,
            3.194679021835327,
            -6.793562412261963,
            -19.32326889038086,
            -4.717992305755615,
            -8.100000381469727,
            -1.4064373970031738,
            -6.892635822296143,
            -5.0323615074157715,
            -2.4676384925842285,
            6.892635822296143,
            20.518802642822266,
            4.816402435302734,
            8.111124992370605,
            1.523313045501709,
            0.20119822025299072,
            1.7694889307022095,
            1.5470073223114014,
            0.7544933557510376,
            0.9348440766334534,
            0.5455427765846252,
            0.17278118431568146,
            0.7214254140853882,
            0.0,
            1.0,
            1.0,
            0.0,
            0.0,
            0.0,
            0.0,
            0.0,
            2.0,
            1.0,
            1.0,
            2.0,
            1.0,
            1.0,
            1.0,
            1.0,
            1.0,
            1.0,
            1.0,
            1.0,
            1.0,
            2.0,
            2.0,
            1.0,
            2.0,
            1.0,
            1.0,
            1.0,
            1.0
        ],
        [
            0.30000001192092896,
            26.17195701599121,
            7.599999904632568,
            8.0,
            8.0,
            10.719583511352539,
            2.3424770832061768,
            0.19478628039360046,
            -3.8999412059783936,
            -14.824406623840332,
            -4.330763339996338,
            -8.0,
            -4.1000590324401855,
            -9.226142883300781,
            -1.9467120170593262,
            -0.0806858018040657,
            3.9535412788391113,
            15.452373504638672,
            4.470885276794434,
            8.0110445022583,
            4.135977268218994,
            0.7209541201591492,
            0.9351571798324585,
            0.5713907480239868,
            0.4747149348258972,
            0.6792593598365784,
            0.6485809683799744,
            0.17196545004844666,
            0.47263121604919434,
            0.0,
