{
    "eval_chronic": "/home/trlautenbacher/data_grid2op/rte_case5_example_val/chronics/19",
    "eval_rewards": [
        [
            0.0002791209363405961,
            -0.00021164021164021162,
            -1.0
        ],
        [
            0.00029908211663042276,
            -0.00037037037037037035,
            -1.0
        ],
        [
            0.0,
            0.0,
            -1.0
        ]
    ],
    "eval_actions": [
        22,
        43,
        9
    ],
    "eval_states": [
        [
            2.0,
            25.092609405517578,
            8.600000381469727,
            8.199999809265137,
            7.800000190734863,
            11.850764274597168,
            1.177778959274292,
            -1.1707379817962646,
            -3.1997947692871094,
            -13.071379661560059,
            -5.920549392700195,
            -5.920549392700195,
            -4.600205421447754,
            -10.050148963928223,
            -1.1716400384902954,
            1.1716400384902954,
            3.450148344039917,
            13.241846084594727,
            5.946800231933594,
            5.946800231933594,
            4.8118367195129395,
            0.792892336845398,
            0.0837702825665474,
            0.11518414318561554,
            1.0784096717834473,
            0.35666874051094055,
            0.28703248500823975,
            0.28703248500823975,
            1.0837409496307373,
            0.0,
            0.0,
            0.0,
            1.0,
            0.0,
            0.0,
            0.0,
            1.0,
            2.0,
            1.0,
            1.0,
            2.0,
            2.0,
            2.0,
            1.0,
            1.0,
            1.0,
            1.0,
            1.0,
            1.0,
            1.0,
            1.0,
            1.0,
            1.0,
            1.0,
            1.0,
            1.0,
            1.0,
            1.0
        ],
        [
            1.899999976158142,
            25.084272384643555,
            8.600000381469727,
            8.199999809265137,
            7.800000190734863,
            11.715022087097168,
            1.3554577827453613,
            -1.352415919303894,
            -3.0516607761383057,
            -13.223824501037598,
            -6.847583770751953,
            -4.916922092437744,
            -4.7483391761779785,
            -9.952571868896484,
            -1.3541722297668457,
            1.3541722297668457,
            3.2525711059570312,
            13.369250297546387,
            6.853603363037109,
            5.014763355255127,
            4.916922092437744,
            0.7843075394630432,
            0.03509826958179474,
            0.048260122537612915,
            0.9610744714736938,
            0.32981136441230774,
            0.12997952103614807,
            0.5439805388450623,
            0.9722208976745605,
            0.0,
            0.0,
            0.0,
            0.0,
            0.0,
            0.0,
            0.0,
            0.0,
            2.0,
            1.0,
            1.0,
            2.0,
            2.0,
            2.0,
            1.0,
            1.0,
            1.0,
            1.0,
            1.0,
            1.0,
            1.0,
            2.0,
            2.0,
            1.0,
            1.0,
            2.0,
            1.0,
            1.0,
            1.0
        ],
        [
            0.0,
            0.0,
            0.0,
            0.0,
            0.0,
            0.0,
            0.0,
            0.0,
            0.0,
            0.0,
            0.0,
            0.0,
            0.0,
            0.0,
            0.0,
            0.0,
            0.0,
            0.0,
            0.0,
            0.0,
            0.0,
            0.0,
            0.0,
            0.0,
            0.0,
            0.0,
            0.0,
            0.0,
            0.0,
            0.0,
            0.0,
            0.0,
            0.0,
            0.0,
            0.0,
            0.0,
            0.0,
            -1.0,
            -1.0,
            -1.0,
            -1.0,
            -1.0,
            -1.0,
            -1.0,
            -1.0,
            -1.0,
            -1.0,
            -1.0,
            -1.0,
            -1.0,
            -1.0,
            -1.0,
            -1.0,
            -1.0,
            -1.0,
            -1.0,
            -1.0,
            -1.0
        ]
    ],
    "eval_steps": 3
}