{
    "eval_chronic": "/home/trlautenbacher/data_grid2op/rte_case5_example_val/chronics/19",
    "eval_rewards": [
        [
            0.02099769727595194,
            0.0,
            -1.0
        ],
        [
            0.00018975894480831074,
            -0.00015873015873015873,
            -1.0
        ],
        [
            0.00018106303489092332,
            -0.0002645502645502645,
            -1.0
        ],
        [
            0.0,
            0.0,
            -1.0
        ]
    ],
    "eval_actions": [
        30,
        32,
        28,
        34
    ],
    "eval_states": [
        [
            2.0,
            25.44330406188965,
            8.600000381469727,
            8.199999809265137,
            7.800000190734863,
            10.530046463012695,
            2.423443078994751,
            -0.2199360728263855,
            -4.109758377075195,
            -14.227006912231445,
            -5.860817909240723,
            -5.860817909240723,
            -3.690241575241089,
            -9.085627555847168,
            -2.0812861919403076,
            0.38408100605010986,
            4.18283224105835,
            14.913256645202637,
            5.9017815589904785,
            5.9017815589904785,
            3.741572380065918,
            0.7088104486465454,
            0.8667688965797424,
            0.6990258693695068,
            0.5617147088050842,
            0.7098175287246704,
            0.3560121953487396,
            0.3560121953487396,
            0.5571550130844116,
            0.0,
            0.0,
            0.0,
            0.0,
            0.0,
            0.0,
            0.0,
            0.0,
            1.0,
            1.0,
            1.0,
            1.0,
            1.0,
            1.0,
            1.0,
            1.0,
            1.0,
            1.0,
            1.0,
            1.0,
            1.0,
            1.0,
            1.0,
            1.0,
            1.0,
            1.0,
            1.0,
            1.0,
            1.0
        ],
        [
            0.6000000238418579,
            28.57086181640625,
            8.899999618530273,
            8.399999618530273,
            7.900000095367432,
            12.785881996154785,
            3.913684129714966,
            -0.8964995741844177,
            -4.639678001403809,
            -14.905611991882324,
            5.7989182096207514e-05,
            -10.816773414611816,
            -3.260322332382202,
            -10.71290397644043,
            -3.371875762939453,
            1.0681164264678955,
            4.716663837432861,
            15.784979820251465,
            9.228213896164683e-13,
            10.991928100585938,
            3.3132152557373047,
            0.8516854047775269,
            1.1009464263916016,
            0.7163777351379395,
            0.5781250596046448,
            0.8026877045631409,
            1.8041920361129213e-14,
            0.7231874465942383,
            0.5652147531509399,
            0.0,
            1.0,
            0.0,
            0.0,
            0.0,
            0.0,
            0.0,
            0.0,
            1.0,
            1.0,
            1.0,
            1.0,
            1.0,
            1.0,
            1.0,
            1.0,
            1.0,
            2.0,
            2.0,
            1.0,
            2.0,
            1.0,
            1.0,
            1.0,
            1.0,
            1.0,
            1.0,
            1.0,
            1.0
        ],
        [
            0.6000000238418579,
            27.020828247070312,
            8.800000190734863,
            8.300000190734863,
            7.800000190734863,
            8.824760437011719,
            5.076343059539795,
            -0.333530992269516,
            -4.217503070831299,
            -16.95099639892578,
            5.798794882139191e-05,
            -11.626198768615723,
            -3.5824973583221436,
            -8.800000190734863,
            -4.299449443817139,
            0.5779908895492554,
            4.321458339691162,
            18.196067810058594,
            0.0,
            11.874653816223145,
            3.6596715450286865,
            0.10124827921390533,
            1.3261150121688843,
            0.8681871294975281,
            0.6786165237426758,
            0.9539203643798828,
            0.0,
            0.8590506911277771,
            0.6730651259422302,
            0.0,
            2.0,
            0.0,
            0.0,
            0.0,
            0.0,
            0.0,
            0.0,
            2.0,
            1.0,
            1.0,
            1.0,
            1.0,
            2.0,
            1.0,
            1.0,
            1.0,
            2.0,
            2.0,
            1.0,
            2.0,
            1.0,
            1.0,
            1.0,
            1.0,
            1.0,
            1.0,
            1.0,
            1.0
        ],
        [
            0.0,
            0.0,
            0.0,
            0.0,
            0.0,
            0.0,
            0.0,
            0.0,
            0.0,
            0.0,
            0.0,
            0.0,
            0.0,
            0.0,
            0.0,
            0.0,
            0.0,
            0.0,
            0.0,
            0.0,
            0.0,
            0.0,
            0.0,
            0.0,
            0.0,
            0.0,
            0.0,
            0.0,
            0.0,
            0.0,
            0.0,
            0.0,
            0.0,
            0.0,
            0.0,
            0.0,
            0.0,
            -1.0,
            -1.0,
            -1.0,
            -1.0,
            -1.0,
            -1.0,
            -1.0,
            -1.0,
            -1.0,
            -1.0,
            -1.0,
            -1.0,
            -1.0,
            -1.0,
            -1.0,
            -1.0,
            -1.0,
            -1.0,
            -1.0,
            -1.0,
            -1.0
        ]
    ],
    "eval_steps": 86
}