{
    "eval_chronic": "/home/trlautenbacher/data_grid2op/rte_case5_example_val/chronics/19",
    "eval_rewards": [
        [
            0.021075186424252632,
            -0.00888888888888888,
            -1.0
        ],
        [
            0.0002291709890582174,
            -0.00021164021164021162,
            -1.0
        ],
        [
            0.7570880230928131,
            -0.7085714285714467,
            -1.0
        ],
        [
            0.04994788928781485,
            -0.06052910052910044,
            -1.0
        ],
        [
            0.0,
            0.0,
            -1.0
        ]
    ],
    "eval_actions": [
        48,
        39,
        16,
        34,
        21
    ],
    "eval_states": [
        [
            2.0,
            25.387449264526367,
            8.600000381469727,
            8.199999809265137,
            7.800000190734863,
            10.39999771118164,
            2.2812752723693848,
            1.2768239974975586,
            -5.388486862182617,
            -14.319948196411133,
            -10.670052528381348,
            -1.2768239974975586,
            -2.411513328552246,
            -8.988800048828125,
            -1.9452779293060303,
            -1.141396403312683,
            5.4754743576049805,
            14.987452507019043,
            10.70032024383545,
            1.3383519649505615,
            2.470053195953369,
            0.700463056564331,
            0.8585675954818726,
            0.6287684440612793,
            0.6178348660469055,
            0.70013827085495,
            0.30505040287971497,
            0.43420055508613586,
            0.5927112698554993,
            0.0,
            0.0,
            0.0,
            0.0,
            0.0,
            0.0,
            0.0,
            0.0,
            1.0,
            1.0,
            1.0,
            1.0,
            1.0,
            1.0,
            1.0,
            1.0,
            1.0,
            1.0,
            1.0,
            1.0,
            1.0,
            2.0,
            1.0,
            2.0,
            1.0,
            1.0,
            1.0,
            1.0,
            1.0
        ],
        [
            0.6000000238418579,
            28.343608856201172,
            8.800000190734863,
            8.300000190734863,
            7.800000190734863,
            13.093050003051758,
            4.41207218170166,
            1.656051754951477,
            -7.800463676452637,
            -14.428292274475098,
            -4.978025913238525,
            -4.978025913238525,
            0.00046335672959685326,
            -10.9270601272583,
            -3.7928919792175293,
            -1.2960740327835083,
            7.816026210784912,
            15.250558853149414,
            5.008110046386719,
            5.008110046386719,
            -9.256370626584132e-13,
            0.8708677291870117,
            1.179661750793457,
            1.0682133436203003,
            0.276508092880249,
            0.7763999700546265,
            0.3068675696849823,
            0.3068675696849823,
            3.281856259191099e-14,
            0.0,
            1.0,
            1.0,
            0.0,
            0.0,
            0.0,
            0.0,
            0.0,
            1.0,
            1.0,
            1.0,
            1.0,
            1.0,
            1.0,
            1.0,
            1.0,
            1.0,
            1.0,
            1.0,
            1.0,
            1.0,
            2.0,
            2.0,
            2.0,
            1.0,
            2.0,
            1.0,
            1.0,
            1.0
        ],
        [
            0.6000000238418579,
            24.945829391479492,
            8.800000190734863,
            8.300000190734863,
            8.100000381469727,
            13.521941184997559,
            -0.4170018136501312,
            3.4542956352233887,
            -8.10046100616455,
            -11.349379539489746,
            -5.877148151397705,
            -5.877148151397705,
            0.00046024241601116955,
            -13.475855827331543,
            0.6000000238418579,
            -3.4415555000305176,
            8.117411613464355,
            11.423887252807617,
            5.883190631866455,
            5.883190631866455,
            -6.572316573181288e-17,
            0.1276763677597046,
            0.6232446432113647,
            0.27278468012809753,
            0.28817054629325867,
            0.23754850029945374,
            0.12551115453243256,
            0.12551115453243256,
            2.0511601619944368e-15,
            0.0,
            0.0,
            0.0,
            0.0,
            0.0,
            0.0,
            0.0,
            0.0,
            2.0,
            1.0,
            2.0,
            2.0,
            1.0,
            2.0,
            1.0,
            1.0,
            1.0,
            1.0,
            1.0,
            1.0,
            1.0,
            2.0,
            2.0,
            2.0,
            1.0,
            2.0,
            1.0,
            1.0,
            1.0
        ],
        [
            7.900000095367432,
            14.108393669128418,
            7.599999904632568,
            7.300000190734863,
            7.0,
            14.108335494995117,
            -7.8769450187683105,
            0.569618284702301,
            -7.000460624694824,
            9.277045277811258e-13,
            -3.9348092079162598,
            -3.9348092079162598,
            0.00046045499038882554,
            -14.054635047912598,
            7.900000095367432,
            -0.5581766963005066,
            7.012811660766602,
            5.814510950585827e-05,
            3.9384725093841553,
            3.9384725093841553,
            -9.2287885233161e-13,
            0.13592632114887238,
            0.21804091334342957,
            0.2707841396331787,
            0.24995310604572296,
            0.012950598262250423,
            0.09435533732175827,
            0.09435533732175827,
            3.288259828272341e-14,
            0.0,
            0.0,
            0.0,
            0.0,
            0.0,
            0.0,
            0.0,
            0.0,
            2.0,
            1.0,
            2.0,
            2.0,
            1.0,
            2.0,
            1.0,
            1.0,
            1.0,
            2.0,
            1.0,
            2.0,
            2.0,
            2.0,
            2.0,
            2.0,
            1.0,
            2.0,
            1.0,
            1.0,
            1.0
        ],
        [
            0.0,
            0.0,
            0.0,
            0.0,
            0.0,
            0.0,
            0.0,
            0.0,
            0.0,
            0.0,
            0.0,
            0.0,
            0.0,
            0.0,
            0.0,
            0.0,
            0.0,
            0.0,
            0.0,
            0.0,
            0.0,
            0.0,
            0.0,
            0.0,
            0.0,
            0.0,
            0.0,
            0.0,
            0.0,
            0.0,
            0.0,
            0.0,
            0.0,
            0.0,
            0.0,
            0.0,
            0.0,
            -1.0,
            -1.0,
            -1.0,
            -1.0,
            -1.0,
            -1.0,
            -1.0,
            -1.0,
            -1.0,
            -1.0,
            -1.0,
            -1.0,
            -1.0,
            -1.0,
            -1.0,
            -1.0,
            -1.0,
            -1.0,
            -1.0,
            -1.0,
            -1.0
        ]
    ],
    "eval_steps": 1864
}