{
    "eval_chronic": "/home/trlautenbacher/data_grid2op/rte_case5_example_val/chronics/12",
    "eval_rewards": [
        [
            9.375230288232363e-05,
            -0.00010582010582010581,
            -1.0
        ],
        [
            2.2211949974668948e-05,
            -0.00015873015873015873,
            -1.0
        ],
        [
            0.0,
            0.0,
            -1.0
        ]
    ],
    "eval_actions": [
        25,
        12,
        44
    ],
    "eval_states": [
        [
            0.30000001192092896,
            27.871183395385742,
            7.800000190734863,
            8.300000190734863,
            8.100000381469727,
            7.2251057624816895,
            6.743852615356445,
            3.0163207054138184,
            -7.023348331451416,
            -19.302753448486328,
            -6.24903678894043,
            -6.24903678894043,
            -1.0766522884368896,
            -7.111452579498291,
            -5.3733415603637695,
            -2.1266586780548096,
            7.111452579498291,
            20.64607810974121,
            6.279449939727783,
            6.279449939727783,
            1.1817529201507568,
            0.19027844071388245,
            1.7742278575897217,
            1.718530297279358,
            0.7135441303253174,
            0.9905771613121033,
            0.30808740854263306,
            0.30808740854263306,
            0.6815905570983887,
            0.0,
            1.0,
            1.0,
            0.0,
            0.0,
            0.0,
            0.0,
            0.0,
            2.0,
            1.0,
            1.0,
            2.0,
            1.0,
            1.0,
            1.0,
            1.0,
            1.0,
            1.0,
            1.0,
            1.0,
            1.0,
            1.0,
            1.0,
            1.0,
            1.0,
            1.0,
            1.0,
            1.0,
            1.0
        ],
        [
            0.30000001192092896,
            27.136962890625,
            8.0,
            8.100000381469727,
            8.199999809265137,
            8.599796295166016,
            -0.421485036611557,
            3.2491660118103027,
            -2.1548304557800293,
            -17.821481704711914,
            -8.865798950195312,
            -8.865798950195312,
            -6.045169353485107,
            -8.518399238586426,
            0.5183992385864258,
            -2.2398297786712646,
            2.539829969406128,
            18.537166595458984,
            9.121482849121094,
            9.121482849121094,
            6.3824310302734375,
            0.1600162535905838,
            0.5216610431671143,
            1.8349320888519287,
            1.348718285560608,
            0.7246829867362976,
            0.8714691996574402,
            0.8714691996574402,
            1.355480670928955,
            0.0,
            0.0,
            2.0,
            1.0,
            0.0,
            0.0,
            0.0,
            1.0,
            2.0,
            2.0,
            1.0,
            1.0,
            1.0,
            2.0,
            1.0,
            1.0,
            1.0,
            1.0,
            1.0,
            1.0,
            1.0,
            1.0,
            1.0,
            1.0,
            1.0,
            1.0,
            1.0,
            1.0,
            1.0
        ],
        [
            0.0,
            0.0,
            0.0,
            0.0,
            0.0,
            0.0,
            0.0,
            0.0,
            0.0,
            0.0,
            0.0,
            0.0,
            0.0,
            0.0,
            0.0,
            0.0,
            0.0,
            0.0,
            0.0,
            0.0,
            0.0,
            0.0,
            0.0,
            0.0,
            0.0,
            0.0,
            0.0,
            0.0,
            0.0,
            0.0,
            0.0,
            0.0,
            0.0,
            0.0,
            0.0,
            0.0,
            0.0,
            -1.0,
            -1.0,
            -1.0,
            -1.0,
            -1.0,
            -1.0,
            -1.0,
            -1.0,
            -1.0,
            -1.0,
            -1.0,
            -1.0,
            -1.0,
            -1.0,
            -1.0,
            -1.0,
            -1.0,
            -1.0,
            -1.0,
            -1.0,
            -1.0
        ]
    ],
    "eval_steps": 3
}