{
    "eval_chronic": "/home/trlautenbacher/data_grid2op/rte_case5_example_val/chronics/19",
    "eval_rewards": [
        [
            0.0002585865850118767,
            -0.00021164021164021162,
            -1.0
        ],
        [
            0.9265495175263943,
            -0.6396825396825309,
            -1.0
        ]
    ],
    "eval_actions": [
        39,
        27
    ],
    "eval_states": [
        [
            2.0,
            25.956096649169922,
            8.600000381469727,
            8.199999809265137,
            7.800000190734863,
            11.833157539367676,
            3.871002674102783,
            1.3181846141815186,
            -7.800463676452637,
            -13.438884735107422,
            -4.759092330932617,
            -4.759092330932617,
            0.00046335672959685326,
            -10.03751277923584,
            -3.3587899208068848,
            -1.0197240114212036,
            7.816026210784912,
            14.122939109802246,
            4.78394079208374,
            4.78394079208374,
            9.256805391655298e-13,
            0.791779637336731,
            1.0693714618682861,
            0.9665206670761108,
            0.276508092880249,
            0.70870441198349,
            0.27994269132614136,
            0.27994269132614136,
            3.281856259191099e-14,
            0.0,
            1.0,
            0.0,
            0.0,
            0.0,
            0.0,
            0.0,
            0.0,
            1.0,
            1.0,
            1.0,
            1.0,
            1.0,
            1.0,
            1.0,
            1.0,
            1.0,
            1.0,
            1.0,
            1.0,
            1.0,
            2.0,
            2.0,
            2.0,
            1.0,
            2.0,
            1.0,
            1.0,
            1.0
        ],
        [
            1.899999976158142,
            22.90215301513672,
            8.600000381469727,
            8.199999809265137,
            7.800000190734863,
            -1.847291111946106,
            10.585088729858398,
            5.875486850738525,
            -7.800457954406738,
            -24.67356300354004,
            -7.037743091583252,
            -7.037743091583252,
            0.00045772583689540625,
            1.899999976158142,
            -10.553079605102539,
            -5.863097667694092,
            7.8161773681640625,
            24.74944496154785,
            7.04423713684082,
            7.04423713684082,
            -9.202896691234974e-13,
            0.1507081687450409,
            0.2864091098308563,
            0.2307898998260498,
            0.2782011926174164,
            0.23361539840698242,
            0.13453447818756104,
            0.13453447818756104,
            3.3073963354298894e-14,
            0.0,
            0.0,
            0.0,
            0.0,
            0.0,
            0.0,
            0.0,
            0.0,
            2.0,
            1.0,
            1.0,
            1.0,
            2.0,
            1.0,
            1.0,
            1.0,
            1.0,
            1.0,
            1.0,
            1.0,
            1.0,
            2.0,
            2.0,
            2.0,
            1.0,
            2.0,
            1.0,
            1.0,
            1.0
        ]
    ],
    "eval_steps": 2016
}