{
    "eval_chronic": "/home/trlautenbacher/data_grid2op/rte_case5_example_val/chronics/12",
    "eval_rewards": [
        [
            0.020304859403312288,
            -0.00888888888888888,
            -1.0
        ],
        [
            0.0001349324035288764,
            -0.00010582010582010581,
            -1.0
        ],
        [
            0.00021462642975814258,
            -0.00015873015873015873,
            -1.0
        ],
        [
            8.161287953763327e-05,
            -0.00031746031746031746,
            -1.0
        ],
        [
            0.00035333912421757263,
            -0.00037037037037037035,
            -1.0
        ],
        [
            0.0,
            0.0,
            -1.0
        ]
    ],
    "eval_actions": [
        48,
        51,
        42,
        12,
        8,
        33
    ],
    "eval_states": [
        [
            0.30000001192092896,
            27.11490821838379,
            7.800000190734863,
            8.300000190734863,
            8.100000381469727,
            11.231125831604004,
            2.574795722961426,
            1.4399030208587646,
            -5.470755577087402,
            -15.11562728881836,
            -10.99609375,
            -1.4399030208587646,
            -2.629244804382324,
            -9.601850509643555,
            -2.1859941482543945,
            -1.2824227809906006,
            5.570267200469971,
            15.883782386779785,
            11.030598640441895,
            1.5102324485778809,
            2.696094036102295,
            0.7535988688468933,
            0.9265605807304382,
            0.68340665102005,
            0.6638064980506897,
            0.7506129741668701,
            0.3253147304058075,
            0.4633224904537201,
            0.6300647258758545,
            0.0,
            0.0,
            0.0,
            0.0,
            0.0,
            0.0,
            0.0,
            0.0,
            1.0,
            1.0,
            1.0,
            1.0,
            1.0,
            1.0,
            1.0,
            1.0,
            1.0,
            1.0,
            1.0,
            1.0,
            1.0,
            2.0,
            1.0,
            2.0,
            1.0,
            1.0,
            1.0,
            1.0,
            1.0
        ],
        [
            0.5,
            29.53810691833496,
            8.199999809265137,
            8.300000190734863,
            8.399999618530273,
            15.133807182312012,
            6.4808125495910645,
            -8.300000190734863,
            -1.6824079751968384,
            -13.429317474365234,
            -3.4474666118621826,
            -3.4474666118621826,
            -6.717591762542725,
            -12.306880950927734,
            -5.615417957305908,
            8.329986572265625,
            1.8923121690750122,
            14.40429973602295,
            3.474252462387085,
            3.474252462387085,
            6.894933223724365,
            0.9967330098152161,
            1.4018625020980835,
            0.30423811078071594,
            0.983193039894104,
            0.8448919653892517,
            0.2905617654323578,
            0.2905617654323578,
            0.9952419996261597,
            0.0,
            1.0,
            0.0,
            0.0,
            0.0,
            0.0,
            0.0,
            0.0,
            1.0,
            1.0,
            1.0,
            1.0,
            1.0,
            1.0,
            1.0,
            1.0,
            1.0,
            1.0,
            1.0,
            1.0,
            1.0,
            2.0,
            1.0,
            1.0,
            1.0,
            2.0,
            1.0,
            1.0,
            1.0
        ],
        [
            0.5,
            27.95749282836914,
            8.199999809265137,
            8.5,
            8.5,
            11.468828201293945,
            2.5042035579681396,
            0.20930902659893036,
            -4.144862174987793,
            -15.778752326965332,
            -4.604991436004639,
            -8.5,
            -4.355137825012207,
            -9.774698257446289,
            -2.053952217102051,
            -0.07839023321866989,
            4.207040786743164,
            16.488664627075195,
            4.762354373931885,
            8.512194633483887,
            4.395682334899902,
            0.7687045335769653,
            1.0000793933868408,
            0.6169368028640747,
            0.5148236751556396,
            0.7218191027641296,
            0.6865577697753906,
            0.1812223345041275,
            0.49926120042800903,
            0.0,
            2.0,
            0.0,
            0.0,
            0.0,
            0.0,
            0.0,
            0.0,
            1.0,
            1.0,
            1.0,
            1.0,
            1.0,
            1.0,
            1.0,
            1.0,
            1.0,
            1.0,
            1.0,
            1.0,
            1.0,
            2.0,
            2.0,
            1.0,
            2.0,
            1.0,
            1.0,
            1.0,
            1.0
        ],
        [
            0.5,
            27.5841121673584,
            8.399999618530273,
            8.399999618530273,
            8.5,
            8.857269287109375,
            -0.3215520977973938,
            2.9559762477874756,
            -2.419041156768799,
            -18.195810317993164,
            -9.283007621765137,
            -8.399999618530273,
            -6.080958843231201,
            -8.79428482055664,
            0.3942854106426239,
            -2.210047483444214,
            2.710047483444214,
            18.726844787597656,
            10.105106353759766,
            8.41225528717041,
            6.32703161239624,
            0.14009489119052887,
            0.4571835994720459,
            1.5678349733352661,
            1.1663051843643188,
            0.6250320076942444,
            1.5527534484863281,
            0.1814381629228592,
            1.1645622253417969,
            0.0,
            0.0,
            1.0,
            1.0,
            0.0,
            1.0,
            0.0,
            1.0,
            2.0,
            2.0,
            1.0,
            1.0,
            1.0,
            2.0,
            1.0,
            1.0,
            1.0,
            1.0,
            1.0,
            1.0,
            1.0,
            2.0,
            2.0,
            1.0,
            2.0,
            1.0,
            1.0,
            1.0,
            1.0
        ],
        [
            0.5,
            25.597501754760742,
            8.300000190734863,
            8.5,
            8.600000381469727,
            10.225041389465332,
            2.277474880218506,
            -0.09927430748939514,
            -4.140328407287598,
            -15.277872085571289,
            -4.391232013702393,
            -8.5,
            -4.459671974182129,
            -10.18254280090332,
            -2.273662567138672,
            0.5,
            4.156204700469971,
            15.37246036529541,
            4.488055229187012,
            8.512341499328613,
            4.490506649017334,
            0.11610174924135208,
            0.12904512882232666,
            1.1307752132415771,
            0.32610398530960083,
            0.2665805220603943,
            0.5412430167198181,
            0.18225273489952087,
            0.3515598177909851,
            0.0,
            0.0,
            2.0,
            0.0,
            0.0,
            0.0,
            0.0,
            0.0,
            2.0,
            2.0,
            1.0,
            2.0,
            1.0,
            2.0,
            1.0,
            1.0,
            1.0,
            1.0,
            1.0,
            1.0,
            1.0,
            2.0,
            2.0,
            1.0,
            2.0,
            1.0,
            1.0,
            1.0,
            1.0
        ],
        [
            0.0,
            0.0,
            0.0,
            0.0,
            0.0,
            0.0,
