{
    "eval_chronic": "/home/trlautenbacher/data_grid2op/rte_case5_example_val/chronics/19",
    "eval_rewards": [
        [
            0.0003329759321428017,
            -0.00010582010582010581,
            -1.0
        ],
        [
            0.0,
            0.0,
            -1.0
        ]
    ],
    "eval_actions": [
        50,
        11
    ],
    "eval_states": [
        [
            2.0,
            25.816991806030273,
            8.600000381469727,
            8.199999809265137,
            7.800000190734863,
            12.450510025024414,
            4.7775959968566895,
            -2.287543296813965,
            -5.514922618865967,
            -12.982970237731934,
            -4.099999904632568,
            -4.099999904632568,
            -2.2850775718688965,
            -10.477094650268555,
            -3.9352569580078125,
            2.289815664291382,
            5.52253532409668,
            13.366482734680176,
            4.102687358856201,
            4.102687358856201,
            2.287543296813965,
            0.8306688666343689,
            1.3824344873428345,
            0.13543346524238586,
            0.19734403491020203,
            0.5321788787841797,
            0.08268137276172638,
            0.08268137276172638,
            0.08587713539600372,
            0.0,
            1.0,
            0.0,
            0.0,
            0.0,
            0.0,
            0.0,
            0.0,
            1.0,
            1.0,
            1.0,
            1.0,
            1.0,
            1.0,
            1.0,
            1.0,
            1.0,
            1.0,
            1.0,
            1.0,
            1.0,
            2.0,
            1.0,
            1.0,
            2.0,
            1.0,
            1.0,
            1.0,
            1.0
        ],
        [
            0.0,
            0.0,
            0.0,
            0.0,
            0.0,
            0.0,
            0.0,
            0.0,
            0.0,
            0.0,
            0.0,
            0.0,
            0.0,
            0.0,
            0.0,
            0.0,
            0.0,
            0.0,
            0.0,
            0.0,
            0.0,
            0.0,
            0.0,
            0.0,
            0.0,
            0.0,
            0.0,
            0.0,
            0.0,
            0.0,
            0.0,
            0.0,
            0.0,
            0.0,
            0.0,
            0.0,
            0.0,
            -1.0,
            -1.0,
            -1.0,
            -1.0,
            -1.0,
            -1.0,
            -1.0,
            -1.0,
            -1.0,
            -1.0,
            -1.0,
            -1.0,
            -1.0,
            -1.0,
            -1.0,
            -1.0,
            -1.0,
            -1.0,
            -1.0,
            -1.0,
            -1.0
        ]
    ],
    "eval_steps": 2
}