{
    "eval_chronic": "/home/trlautenbacher/data_grid2op/rte_case5_example_val/chronics/12",
    "eval_rewards": [
        [
            0.00019422744211347937,
            -0.00015873015873015873,
            -1.0
        ],
        [
            0.00037726676299589706,
            -0.00021164021164021162,
            -1.0
        ],
        [
            0.0,
            0.0,
            -1.0
        ]
    ],
    "eval_actions": [
        20,
        10,
        5
    ],
    "eval_states": [
        [
            0.30000001192092896,
            25.980878829956055,
            7.800000190734863,
            8.300000190734863,
            8.100000381469727,
            9.274837493896484,
            4.199976444244385,
            -1.3111532926559448,
            -3.4187796115875244,
            -16.083478927612305,
            -5.933969974517822,
            -5.933969974517822,
            -4.681220531463623,
            -9.204680442810059,
            -3.358767509460449,
            1.4046802520751953,
            3.6587674617767334,
            16.70604133605957,
            5.941751003265381,
            5.941751003265381,
            4.879092693328857,
            0.14839403331279755,
            1.3814526796340942,
            0.647668719291687,
            1.054890751838684,
            0.6763303875923157,
            0.15868434309959412,
            0.15868434309959412,
            1.0494391918182373,
            0.0,
            1.0,
            0.0,
            1.0,
            0.0,
            0.0,
            0.0,
            1.0,
            2.0,
            1.0,
            2.0,
            1.0,
            1.0,
            2.0,
            1.0,
            1.0,
            1.0,
            1.0,
            1.0,
            1.0,
            1.0,
            1.0,
            1.0,
            1.0,
            1.0,
            1.0,
            1.0,
            1.0,
            1.0
        ],
        [
            0.30000001192092896,
            25.770662307739258,
            8.0,
            8.100000381469727,
            8.199999809265137,
            8.936492919921875,
            0.24921587109565735,
            2.4073774814605713,
            -2.402279853820801,
            -16.579330444335938,
            -8.156798362731934,
            -8.156798362731934,
            -5.797719955444336,
            -7.875494956970215,
            0.17549492418766022,
            -2.4049558639526367,
            2.4049558639526367,
            16.834169387817383,
            8.165057182312012,
            8.165057182312012,
            5.806218147277832,
            0.6056568622589111,
            0.9701138138771057,
            0.09075938910245895,
            0.09075938910245895,
            0.4347057640552521,
            0.15447483956813812,
            0.15447483956813812,
            0.20708081126213074,
            0.0,
            0.0,
            0.0,
            0.0,
            0.0,
            0.0,
            0.0,
            0.0,
            2.0,
            2.0,
            1.0,
            1.0,
            2.0,
            2.0,
            1.0,
            1.0,
            1.0,
            1.0,
            1.0,
            1.0,
            1.0,
            1.0,
            1.0,
            1.0,
            1.0,
            1.0,
            1.0,
            1.0,
            1.0
        ],
        [
            0.0,
            0.0,
            0.0,
            0.0,
            0.0,
            0.0,
            0.0,
            0.0,
            0.0,
            0.0,
            0.0,
            0.0,
            0.0,
            0.0,
            0.0,
            0.0,
            0.0,
            0.0,
            0.0,
            0.0,
            0.0,
            0.0,
            0.0,
            0.0,
            0.0,
            0.0,
            0.0,
            0.0,
            0.0,
            0.0,
            0.0,
            0.0,
            0.0,
            0.0,
            0.0,
            0.0,
            0.0,
            -1.0,
            -1.0,
            -1.0,
            -1.0,
            -1.0,
            -1.0,
            -1.0,
            -1.0,
            -1.0,
            -1.0,
            -1.0,
            -1.0,
            -1.0,
            -1.0,
            -1.0,
            -1.0,
            -1.0,
            -1.0,
            -1.0,
            -1.0,
            -1.0
        ]
    ],
    "eval_steps": 3
}