{"DoNothing/train/reward_0": 0.0, "DoNothing/train/reward_1": 0.3629955053329468, "DoNothing/train/reward_2": -0.1, "DoNothing/train/grid2opsteps": 3306, "_timestamp": 1721242224.7583501, "_runtime": 39.56346321105957, "_step": 5000, "_wandb": {"runtime": 38}, "DoNothing/eval/reward_0": 0.0032242063492063495, "DoNothing/eval/reward_1": 3.41770008531, "DoNothing/eval/reward_2": -0.6612500000000056}