{
    "eval_chronic": "/home/trlautenbacher/data_grid2op/rte_case5_example_val/chronics/19",
    "eval_rewards": [
        [
            0.00021008535549027683,
            -9.523809523809523e-05,
            -1.0
        ],
        [
            0.02588473975510311,
            -0.023619047619047626,
            -1.0
        ],
        [
            0.0002444268365866175,
            -0.0005714285714285714,
            -1.0
        ],
        [
            0.14715139182498227,
            -0.22800000000000126,
            0.0
        ],
        [
            0.0,
            0.0,
            0.0
        ]
    ],
    "eval_actions": [
        37,
        24,
        50,
        40,
        21
    ],
    "eval_states": [
        [
            2.0,
            25.50863265991211,
            8.600000381469727,
            8.199999809265137,
            7.800000190734863,
            11.72707748413086,
            0.0,
            0.6701554656028748,
            -3.544297933578491,
            -13.410122871398926,
            -6.618826389312744,
            -6.618826389312744,
            -4.255702495574951,
            -9.961252212524414,
            0.0006492077955044806,
            -0.32449933886528015,
            3.6851015090942383,
            13.78155517578125,
            6.705061435699463,
            6.705061435699463,
            4.367496967315674,
            0.785070538520813,
            0.07894150167703629,
            1.0453158617019653,
            0.7969982028007507,
            0.523811936378479,
            0.5112708806991577,
            0.5112708806991577,
            0.8004233241081238,
            0.0,
            0.0,
            1.0,
            0.0,
            0.0,
            0.0,
            0.0,
            0.0,
            1.0,
            1.0,
            1.0,
            1.0,
            1.0,
            1.0,
            1.0,
            1.0,
            1.0,
            2.0,
            1.0,
            1.0,
            1.0,
            1.0,
            1.0,
            1.0,
            1.0,
            1.0,
            1.0,
            1.0,
            1.0
        ],
        [
            1.899999976158142,
            23.06062889099121,
            8.600000381469727,
            8.199999809265137,
            7.800000190734863,
            11.295268058776855,
            4.66022240328684e-13,
            -1.6828588247299194,
            -2.6561923027038574,
            -11.706103324890137,
            -5.840456962585449,
            -5.840456962585449,
            -5.143807888031006,
            -11.263362884521484,
            0.0006492077955044806,
            1.8993507623672485,
            2.6633622646331787,
            11.765360832214355,
            5.853051662445068,
            5.853051662445068,
            5.163773059844971,
            0.10655110329389572,
            0.07894150167703629,
            0.8131722211837769,
            0.2339695245027542,
            0.2122083306312561,
            0.20128189027309418,
            0.20128189027309418,
            0.279901921749115,
            0.0,
            0.0,
            0.0,
            0.0,
            0.0,
            0.0,
            0.0,
            0.0,
            2.0,
            1.0,
            1.0,
            2.0,
            1.0,
            2.0,
            1.0,
            1.0,
            1.0,
            2.0,
            1.0,
            1.0,
            1.0,
            1.0,
            1.0,
            1.0,
            1.0,
            1.0,
            1.0,
            1.0,
            1.0
        ],
        [
            0.699999988079071,
            22.054834365844727,
            7.5,
            7.099999904632568,
            6.599999904632568,
            14.944435119628906,
            1.863456437767308e-12,
            -0.24683192372322083,
            -6.7350263595581055,
            -7.103890419006348,
            -3.549999952316284,
            -3.549999952316284,
            0.13502663373947144,
            -14.590718269348145,
            0.0006492077955044806,
            0.6993507742881775,
            7.090718746185303,
            7.11039924621582,
            3.551945209503174,
            3.551945209503174,
            0.24683192372322083,
            0.34524527192115784,
            0.07894150167703629,
            1.2059344053268433,
            1.3905613422393799,
            0.06749153137207031,
            0.07011273503303528,
            0.07011273503303528,
            1.3429911136627197,
            0.0,
            0.0,
            1.0,
            1.0,
            0.0,
            0.0,
            0.0,
            1.0,
            2.0,
            1.0,
            1.0,
            2.0,
            1.0,
            2.0,
            1.0,
            1.0,
            1.0,
            2.0,
            1.0,
            1.0,
            1.0,
            2.0,
            1.0,
            1.0,
            2.0,
            1.0,
            1.0,
            1.0,
            1.0
        ],
        [
            0.699999988079071,
            20.823266983032227,
            7.5,
            7.0,
            6.800000190734863,
            21.504438400268555,
            0.0,
            -0.6823774576187134,
            -13.815930366516113,
            0.6815347671508789,
            0.3411887288093567,
            0.3411887288093567,
            7.015930652618408,
            -21.37257194519043,
            0.0006492077955044806,
            0.6993507742881775,
            13.87257194519043,
            -0.6811721920967102,
            -0.34076738357543945,
            -0.34076738357543945,
            -7.0,
            0.22311066091060638,
            0.07894150167703629,
            0.3151645362377167,
            0.5189913511276245,
            0.010546811856329441,
            0.0222612451761961,
            0.0222612451761961,
            0.30982497334480286,
            0.0,
            0.0,
            0.0,
            0.0,
            0.0,
            0.0,
            0.0,
            0.0,
            2.0,
            1.0,
            1.0,
            2.0,
            1.0,
            2.0,
            1.0,
            1.0,
            1.0,
            2.0,
            1.0,
            1.0,
            1.0,
            2.0,
            2.0,
            2.0,
            1.0,
            1.0,
            1.0,
            1.0,
            1.0
        ],
        [
            0.0,
            0.0,
            0.0,
            0.0,
            0.0,
            0.0,
            0.0,
            0.0,
            0.0,
            0.0,
            0.0,
            0.0,
            0.0,
            0.0,
            0.0,
            0.0,
            0.0,
            0.0,
            0.0,
            0.0,
            0.0,
            0.0,
            0.0,
            0.0,
            0.0,
            0.0,
            0.0,
            0.0,
            0.0,
            0.0,
            0.0,
            0.0,
            0.0,
            0.0,
            0.0,
            0.0,
            0.0,
            -1.0,
            -1.0,
            -1.0,
            -1.0,
            -1.0,
            -1.0,
            -1.0,
            -1.0,
            -1.0,
            -1.0,
            -1.0,
            -1.0,
            -1.0,
            -1.0,
            -1.0,
            -1.0,
            -1.0,
            -1.0,
            -1.0,
            -1.0,
            -1.0
        ]
    ],
    "eval_steps": 407
}