{
    "eval_chronic": "/home/trlautenbacher/data_grid2op/rte_case5_example_val/chronics/12",
    "eval_rewards": [
        [
            0.0001441449186463144,
            -0.00019047619047619045,
            -1.0
        ],
        [
            0.00023182373653411045,
            -0.0003809523809523809,
            0.0
        ],
        [
            0.0,
            0.0,
            0.0
        ]
    ],
    "eval_actions": [
        51,
        39,
        13
    ],
    "eval_states": [
        [
            0.30000001192092896,
            28.820589065551758,
            7.800000190734863,
            8.300000190734863,
            8.100000381469727,
            14.780084609985352,
            6.353091716766357,
            -8.300000190734863,
            -1.5689610242843628,
            -13.105103492736816,
            -3.350290536880493,
            -3.350290536880493,
            -6.531039237976074,
            -12.072959899902344,
            -5.525485992431641,
            8.3291597366333,
            1.7692855596542358,
            14.040505409240723,
            3.3760061264038086,
            3.3760061264038086,
            6.700581073760986,
            0.9751092791557312,
            1.370049238204956,
            0.30174532532691956,
            0.9593677520751953,
            0.8276965022087097,
            0.28495681285858154,
            0.28495681285858154,
            0.9741767644882202,
            0.0,
            1.0,
            0.0,
            0.0,
            0.0,
            0.0,
            0.0,
            0.0,
            1.0,
            1.0,
            1.0,
            1.0,
            1.0,
            1.0,
            1.0,
            1.0,
            1.0,
            1.0,
            1.0,
            1.0,
            1.0,
            2.0,
            1.0,
            1.0,
            1.0,
            2.0,
            1.0,
            1.0,
            1.0
        ],
        [
            0.30000001192092896,
            27.956287384033203,
            8.0,
            8.100000381469727,
            8.199999809265137,
            12.935924530029297,
            4.38494348526001,
            1.6690109968185425,
            -8.20046329498291,
            -14.213373184204102,
            -4.884505748748779,
            -4.884505748748779,
            0.000463258707895875,
            -10.817728996276855,
            -3.7811577320098877,
            -1.3188775777816772,
            8.217764854431152,
            15.020362854003906,
            4.914214611053467,
            4.914214611053467,
            4.600810292638979e-13,
            0.8610633611679077,
            1.1644151210784912,
            1.0525662899017334,
            0.29083070158958435,
            0.7692142128944397,
            0.3050430119037628,
            0.3050430119037628,
            1.6914300973833347e-14,
            0.0,
            2.0,
            1.0,
            0.0,
            0.0,
            0.0,
            0.0,
            0.0,
            1.0,
            1.0,
            1.0,
            1.0,
            1.0,
            1.0,
            1.0,
            1.0,
            1.0,
            1.0,
            1.0,
            1.0,
            1.0,
            2.0,
            2.0,
            2.0,
            1.0,
            2.0,
            1.0,
            1.0,
            1.0
        ],
        [
            0.0,
            0.0,
            0.0,
            0.0,
            0.0,
            0.0,
            0.0,
            0.0,
            0.0,
            0.0,
            0.0,
            0.0,
            0.0,
            0.0,
            0.0,
            0.0,
            0.0,
            0.0,
            0.0,
            0.0,
            0.0,
            0.0,
            0.0,
            0.0,
            0.0,
            0.0,
            0.0,
            0.0,
            0.0,
            0.0,
            0.0,
            0.0,
            0.0,
            0.0,
            0.0,
            0.0,
            0.0,
            -1.0,
            -1.0,
            -1.0,
            -1.0,
            -1.0,
            -1.0,
            -1.0,
            -1.0,
            -1.0,
            -1.0,
            -1.0,
            -1.0,
            -1.0,
            -1.0,
            -1.0,
            -1.0,
            -1.0,
            -1.0,
            -1.0,
            -1.0,
            -1.0
        ]
    ],
    "eval_steps": 3
}