{"train/reward_0": 0.0, "train/reward_1": 0.0004084610894287724, "train/reward_2": -1.0, "train/grid2opsteps": 2, "_timestamp": 1722428745.5713234, "_runtime": 41.14496636390686, "_step": 128, "_wandb": {"runtime": 40}}