{
    "eval_chronic": "/home/trlautenbacher/data_grid2op/rte_case5_example_val/chronics/12",
    "eval_rewards": [
        [
            0.0001767823878414288,
            -0.00019047619047619045,
            -1.0
        ],
        [
            0.8914292644931091,
            -0.7676190476190308,
            0.0
        ]
    ],
    "eval_actions": [
        28,
        16
    ],
    "eval_states": [
        [
            0.30000001192092896,
            26.344362258911133,
            7.800000190734863,
            8.300000190734863,
            8.100000381469727,
            7.819312572479248,
            3.859999418258667,
            0.5825842022895813,
            -3.7348313331604004,
            -17.341856002807617,
            -6.669350624084473,
            -6.669350624084473,
            -4.365169048309326,
            -7.800000190734863,
            -3.2585573196411133,
            -0.29659321904182434,
            3.8551504611968994,
            18.525049209594727,
            6.740928649902344,
            6.740928649902344,
            4.456116676330566,
            0.09022349119186401,
            1.1620429754257202,
            0.9446268081665039,
            0.7332990765571594,
            0.9300640821456909,
            0.4668242335319519,
            0.4668242335319519,
            0.7263435125350952,
            0.0,
            1.0,
            0.0,
            0.0,
            0.0,
            0.0,
            0.0,
            0.0,
            2.0,
            1.0,
            1.0,
            1.0,
            1.0,
            2.0,
            1.0,
            1.0,
            1.0,
            1.0,
            1.0,
            1.0,
            1.0,
            1.0,
            1.0,
            1.0,
            1.0,
            1.0,
            1.0,
            1.0,
            1.0
        ],
        [
            0.30000001192092896,
            24.491304397583008,
            8.0,
            8.100000381469727,
            8.199999809265137,
            11.007725715637207,
            0.004743644036352634,
            0.6695675849914551,
            -3.630718469619751,
            -13.3707914352417,
            -6.674582004547119,
            -6.674582004547119,
            -4.569281101226807,
            -10.971760749816895,
            0.30000001192092896,
            -0.662844717502594,
            3.634605884552002,
            13.483579635620117,
            6.683023929595947,
            6.683023929595947,
            4.579595565795898,
            0.1091916561126709,
            0.8157222867012024,
            0.2232220619916916,
            0.1656620055437088,
            0.2910018861293793,
            0.1488151103258133,
            0.1488151103258133,
            0.19757750630378723,
            0.0,
            0.0,
            0.0,
            0.0,
            0.0,
            0.0,
            0.0,
            0.0,
            2.0,
            1.0,
            2.0,
            2.0,
            1.0,
            2.0,
            1.0,
            1.0,
            1.0,
            1.0,
            1.0,
            1.0,
            1.0,
            1.0,
            1.0,
            1.0,
            1.0,
            1.0,
            1.0,
            1.0,
            1.0
        ]
    ],
    "eval_steps": 2016
}