{
    "eval_chronic": "/home/trlautenbacher/data_grid2op/rte_case5_example_val/chronics/12",
    "eval_rewards": [
        [
            0.02030485950529397,
            -0.016000000000000004,
            -1.0
        ],
        [
            0.00017210102077494434,
            -0.0002857142857142857,
            -1.0
        ],
        [
            0.00016678621149632968,
            -0.0004761904761904762,
            -0.5
        ],
        [
            0.0,
            0.0,
            0.0
        ]
    ],
    "eval_actions": [
        44,
        37,
        41,
        33
    ],
    "eval_states": [
        [
            0.30000001192092896,
            27.11490821838379,
            7.800000190734863,
            8.300000190734863,
            8.100000381469727,
            11.231125831604004,
            2.574795722961426,
            1.4399030208587646,
            -5.470755577087402,
            -15.11562728881836,
            -1.4399030208587646,
            -10.99609375,
            -2.629244804382324,
            -9.601850509643555,
            -2.1859941482543945,
            -1.2824227809906006,
            5.570267200469971,
            15.883782386779785,
            1.5102324485778809,
            11.030598640441895,
            2.696094036102295,
            0.7535988688468933,
            0.9265605807304382,
            0.68340665102005,
            0.6638064980506897,
            0.7506129741668701,
            0.4633224904537201,
            0.3253147304058075,
            0.6300647258758545,
            0.0,
            0.0,
            0.0,
            0.0,
            0.0,
            0.0,
            0.0,
            0.0,
            1.0,
            1.0,
            1.0,
            1.0,
            1.0,
            1.0,
            1.0,
            1.0,
            1.0,
            1.0,
            1.0,
            1.0,
            1.0,
            2.0,
            2.0,
            1.0,
            1.0,
            1.0,
            1.0,
            1.0,
            1.0
        ],
        [
            0.5,
            27.869457244873047,
            8.199999809265137,
            8.300000190734863,
            8.399999618530273,
            12.886001586914062,
            -4.637406452769055e-13,
            2.4363927841186523,
            -4.959255695343018,
            -14.550046920776367,
            -2.4363927841186523,
            -11.893508911132812,
            -3.440744161605835,
            -10.782896995544434,
            0.0006492077955044806,
            -2.0740106105804443,
            5.156258583068848,
            14.983455657958984,
            2.5863378047943115,
            11.963708877563477,
            3.5935089588165283,
            0.8579447269439697,
            0.07894150167703629,
            1.0720951557159424,
            0.9517368078231812,
            0.5653221607208252,
            0.6705642342567444,
            0.4612257778644562,
            0.9280845522880554,
            0.0,
            0.0,
            1.0,
            0.0,
            0.0,
            0.0,
            0.0,
            0.0,
            1.0,
            1.0,
            1.0,
            1.0,
            1.0,
            1.0,
            1.0,
            1.0,
            1.0,
            2.0,
            1.0,
            1.0,
            1.0,
            2.0,
            2.0,
            1.0,
            1.0,
            1.0,
            1.0,
            1.0,
            1.0
        ],
        [
            0.5,
            29.06169319152832,
            8.199999809265137,
            8.5,
            8.5,
            15.05431079864502,
            -4.668221646915438e-13,
            0.2487795352935791,
            -4.214757919311523,
            -13.5677490234375,
            -13.166484832763672,
            0.0,
            -4.285242080688477,
            -12.254496574401855,
            0.0006492077955044806,
            0.16737395524978638,
            4.386473655700684,
            14.0073823928833,
            13.5676908493042,
            5.805493492516689e-05,
            4.417705535888672,
            0.9918801784515381,
            0.07894150167703629,
            1.1536376476287842,
            0.8852459788322449,
            0.5693513751029968,
            1.0883419513702393,
            0.025881102308630943,
            0.8671865463256836,
            0.0,
            0.0,
            2.0,
            0.0,
            0.0,
            1.0,
            0.0,
            0.0,
            1.0,
            1.0,
            1.0,
            1.0,
            1.0,
            1.0,
            1.0,
            1.0,
            1.0,
            2.0,
            1.0,
            1.0,
            1.0,
            2.0,
            2.0,
            1.0,
            2.0,
            2.0,
            1.0,
            1.0,
            1.0
        ],
        [
            0.0,
            0.0,
            0.0,
            0.0,
            0.0,
            0.0,
            0.0,
            0.0,
            0.0,
            0.0,
            0.0,
            0.0,
            0.0,
            0.0,
            0.0,
            0.0,
            0.0,
            0.0,
            0.0,
            0.0,
            0.0,
            0.0,
            0.0,
            0.0,
            0.0,
            0.0,
            0.0,
            0.0,
            0.0,
            0.0,
            0.0,
            0.0,
            0.0,
            0.0,
            0.0,
            0.0,
            0.0,
            -1.0,
            -1.0,
            -1.0,
            -1.0,
            -1.0,
            -1.0,
            -1.0,
            -1.0,
            -1.0,
            -1.0,
            -1.0,
            -1.0,
            -1.0,
            -1.0,
            -1.0,
            -1.0,
            -1.0,
            -1.0,
            -1.0,
            -1.0,
            -1.0
        ]
    ],
    "eval_steps": 87
}