{
    "eval_chronic": "/home/trlautenbacher/data_grid2op/rte_case5_example_val/chronics/19",
    "eval_rewards": [
        [
            0.02099769727595194,
            0.0,
            -1.0
        ],
        [
            6.161026069158753e-05,
            -0.00019047619047619045,
            -1.0
        ],
        [
            0.9192340418655881,
            -0.5519999999999998,
            0.0
        ]
    ],
    "eval_actions": [
        30,
        25,
        26
    ],
    "eval_states": [
        [
            2.0,
            25.44330406188965,
            8.600000381469727,
            8.199999809265137,
            7.800000190734863,
            10.530046463012695,
            2.423443078994751,
            -0.2199360728263855,
            -4.109758377075195,
            -14.227006912231445,
            -5.860817909240723,
            -5.860817909240723,
            -3.690241575241089,
            -9.085627555847168,
            -2.0812861919403076,
            0.38408100605010986,
            4.18283224105835,
            14.913256645202637,
            5.9017815589904785,
            5.9017815589904785,
            3.741572380065918,
            0.7088104486465454,
            0.8667688965797424,
            0.6990258693695068,
            0.5617147088050842,
            0.7098175287246704,
            0.3560121953487396,
            0.3560121953487396,
            0.5571550130844116,
            0.0,
            0.0,
            0.0,
            0.0,
            0.0,
            0.0,
            0.0,
            0.0,
            1.0,
            1.0,
            1.0,
            1.0,
            1.0,
            1.0,
            1.0,
            1.0,
            1.0,
            1.0,
            1.0,
            1.0,
            1.0,
            1.0,
            1.0,
            1.0,
            1.0,
            1.0,
            1.0,
            1.0,
            1.0
        ],
        [
            0.6000000238418579,
            29.121042251586914,
            8.899999618530273,
            8.399999618530273,
            7.900000095367432,
            7.369904518127441,
            7.399984836578369,
            3.474914073944092,
            -7.139434814453125,
            -20.221717834472656,
            -6.3761725425720215,
            -6.3761725425720215,
            -0.760565459728241,
            -7.240922451019287,
            -5.8376078605651855,
            -2.4623918533325195,
            7.240922451019287,
            21.751136779785156,
            6.4108662605285645,
            6.4108662605285645,
            0.8774309158325195,
            0.20342597365379333,
            1.8970216512680054,
            1.837946891784668,
            0.7628474235534668,
            1.0565439462661743,
            0.32833796739578247,
            0.32833796739578247,
            0.7213224172592163,
            0.0,
            1.0,
            1.0,
            0.0,
            1.0,
            0.0,
            0.0,
            0.0,
            2.0,
            1.0,
            1.0,
            2.0,
            1.0,
            1.0,
            1.0,
            1.0,
            1.0,
            1.0,
            1.0,
            1.0,
            1.0,
            1.0,
            1.0,
            1.0,
            1.0,
            1.0,
            1.0,
            1.0,
            1.0
        ],
        [
            0.6000000238418579,
            25.51504135131836,
            8.800000190734863,
            8.300000190734863,
            7.800000190734863,
            9.357142448425293,
            3.3103225231170654,
            0.35083022713661194,
            -3.6524837017059326,
            -16.123207092285156,
            -6.4013495445251465,
            -6.4013495445251465,
            -4.147516250610352,
            -8.199999809265137,
            -3.3067479133605957,
            -0.35028883814811707,
            3.657036781311035,
            16.15789794921875,
            6.406442165374756,
            6.406442165374756,
            4.15186882019043,
            0.6330723166465759,
            0.08537989854812622,
            0.02891552820801735,
            0.133308544754982,
            0.16001874208450317,
            0.1213865801692009,
            0.1213865801692009,
            0.1501140296459198,
            0.0,
            0.0,
            0.0,
            0.0,
            0.0,
            0.0,
            0.0,
            0.0,
            2.0,
            1.0,
            1.0,
            1.0,
            2.0,
            2.0,
            1.0,
            1.0,
            1.0,
            1.0,
            1.0,
            1.0,
            1.0,
            1.0,
            1.0,
            1.0,
            1.0,
            1.0,
            1.0,
            1.0,
            1.0
        ]
    ],
    "eval_steps": 2016
}