{
    "eval_chronic": "/home/trlautenbacher/data_grid2op/rte_case5_example_val/chronics/12",
    "eval_rewards": [
        [
            0.00011156636086869603,
            -0.0002857142857142857,
            -1.0
        ],
        [
            0.0001990449887174648,
            -0.0003809523809523809,
            0.0
        ],
        [
            0.0002943648520123654,
            -0.0007619047619047618,
            -1.0
        ],
        [
            0.0,
            0.0,
            0.0
        ]
    ],
    "eval_actions": [
        40,
        41,
        8,
        34
    ],
    "eval_states": [
        [
            0.30000001192092896,
            29.85245132446289,
            7.800000190734863,
            8.300000190734863,
            8.100000381469727,
            16.057865142822266,
            7.502284526824951,
            4.948437213897705,
            -16.42194938659668,
            -12.552275657653809,
            -2.4742186069488525,
            -2.4742186069488525,
            8.321949005126953,
            -12.907914161682129,
            -6.6310906410217285,
            -4.4638166427612305,
            16.50282096862793,
            13.794588088989258,
            2.5249955654144287,
            2.5249955654144287,
            -8.300000190734863,
            1.0528538227081299,
            1.4067620038986206,
            1.2508740425109863,
            0.6219797134399414,
            0.9529151320457458,
            0.39556121826171875,
            0.39556121826171875,
            0.35853591561317444,
            1.0,
            1.0,
            1.0,
            0.0,
            0.0,
            0.0,
            0.0,
            0.0,
            1.0,
            1.0,
            1.0,
            1.0,
            1.0,
            1.0,
            1.0,
            1.0,
            1.0,
            1.0,
            1.0,
            1.0,
            1.0,
            2.0,
            2.0,
            2.0,
            1.0,
            1.0,
            1.0,
            1.0,
            1.0
        ],
        [
            0.30000001192092896,
            27.7408504486084,
            8.0,
            8.100000381469727,
            8.199999809265137,
            12.376151084899902,
            3.7620182037353516,
            -0.9294651746749878,
            -4.810279846191406,
            -14.529614448547363,
            -10.610488891601562,
            1.8590409159996435e-12,
            -3.3897199630737305,
            -10.424527168273926,
            -3.255666732788086,
            1.0943101644515991,
            4.885883331298828,
            15.36469841003418,
            10.767538070678711,
            5.808062996948138e-05,
            3.439953327178955,
            0.8259986639022827,
            1.063003659248352,
            0.7007447481155396,
            0.5726726055145264,
            0.7823782563209534,
            0.685410737991333,
            0.025886831805109978,
            0.5518718957901001,
            0.0,
            2.0,
            0.0,
            0.0,
            0.0,
            0.0,
            0.0,
            0.0,
            1.0,
            1.0,
            1.0,
            1.0,
            1.0,
            1.0,
            1.0,
            1.0,
            1.0,
            1.0,
            1.0,
            1.0,
            1.0,
            2.0,
            2.0,
            1.0,
            2.0,
            2.0,
            1.0,
            1.0,
            1.0
        ],
        [
            0.30000001192092896,
            25.296039581298828,
            7.900000095367432,
            8.100000381469727,
            8.300000190734863,
            10.56554126739502,
            2.8791894912719727,
            0.5195273160934448,
            -5.442863464355469,
            -14.558713912963867,
            -11.517240524291992,
            0.0,
            -2.8571367263793945,
            -10.500185012817383,
            -2.8719162940979004,
            0.30000001192092896,
            5.472101211547852,
            14.730497360229492,
            11.679466247558594,
            5.799855352961458e-05,
            2.8977127075195312,
            0.14389632642269135,
            0.16620372235774994,
            1.646582841873169,
            0.42758169770240784,
            0.35792046785354614,
            0.6963180303573608,
            0.025868533179163933,
            0.40653061866760254,
            0.0,
            0.0,
            1.0,
            0.0,
            0.0,
            0.0,
            0.0,
            0.0,
            2.0,
            2.0,
            1.0,
            2.0,
            1.0,
            2.0,
            1.0,
            1.0,
            1.0,
            1.0,
            1.0,
            1.0,
            1.0,
            2.0,
            2.0,
            1.0,
            2.0,
            2.0,
            1.0,
            1.0,
            1.0
        ],
        [
            0.0,
            0.0,
            0.0,
            0.0,
            0.0,
            0.0,
            0.0,
            0.0,
            0.0,
            0.0,
            0.0,
            0.0,
            0.0,
            0.0,
            0.0,
            0.0,
            0.0,
            0.0,
            0.0,
            0.0,
            0.0,
            0.0,
            0.0,
            0.0,
            0.0,
            0.0,
            0.0,
            0.0,
            0.0,
            0.0,
            0.0,
            0.0,
            0.0,
            0.0,
            0.0,
            0.0,
            0.0,
            -1.0,
            -1.0,
            -1.0,
            -1.0,
            -1.0,
            -1.0,
            -1.0,
            -1.0,
            -1.0,
            -1.0,
            -1.0,
            -1.0,
            -1.0,
            -1.0,
            -1.0,
            -1.0,
            -1.0,
            -1.0,
            -1.0,
            -1.0,
            -1.0
        ]
    ],
    "eval_steps": 4
}