{
    "eval_chronic": "/home/trlautenbacher/data_grid2op/rte_case5_example_val/chronics/19",
    "eval_rewards": [
        [
            0.00013714469212623714,
            -0.0002857142857142857,
            -1.0
        ],
        [
            7.374672656754034e-05,
            -0.0004761904761904762,
            -1.0
        ],
        [
            0.20731466432260165,
            -0.3353333333333326,
            0.0
        ],
        [
            0.0,
            0.0,
            0.0
        ]
    ],
    "eval_actions": [
        40,
        28,
        8,
        21
    ],
    "eval_states": [
        [
            2.0,
            27.852882385253906,
            8.600000381469727,
            8.199999809265137,
            7.800000190734863,
            14.98206901550293,
            7.035360813140869,
            4.645751953125,
            -16.02174949645996,
            -11.771077156066895,
            -2.3228759765625,
            -2.3228759765625,
            8.221749305725098,
            -12.206798553466797,
            -6.270693778991699,
            -4.221147537231445,
            16.0986385345459,
            12.870814323425293,
            2.367858409881592,
            2.367858409881592,
            -8.199999809265137,
            0.9874666333198547,
            1.3154834508895874,
            1.166517972946167,
            0.6061027646064758,
            0.8969480395317078,
            0.3730641305446625,
            0.3730641305446625,
            0.3576045632362366,
            0.0,
            1.0,
            1.0,
            0.0,
            0.0,
            0.0,
            0.0,
            0.0,
            1.0,
            1.0,
            1.0,
            1.0,
            1.0,
            1.0,
            1.0,
            1.0,
            1.0,
            1.0,
            1.0,
            1.0,
            1.0,
            2.0,
            2.0,
            2.0,
            1.0,
            1.0,
            1.0,
            1.0,
            1.0
        ],
        [
            1.899999976158142,
            27.62189483642578,
            8.600000381469727,
            8.199999809265137,
            7.800000190734863,
            8.623894691467285,
            10.057741165161133,
            6.59308385848999,
            -16.021530151367188,
            -16.82773208618164,
            -3.296541929244995,
            -3.296541929244995,
            8.221529006958008,
            -8.600000381469727,
            -8.485273361206055,
            -5.712432861328125,
            16.097705841064453,
            18.99799919128418,
            3.3849949836730957,
            3.3849949836730957,
            -8.199999809265137,
            0.0996948704123497,
            1.9033985137939453,
            1.7098556756973267,
            0.6036851406097412,
            1.2574232816696167,
            0.5179650187492371,
            0.5179650187492371,
            0.3555569350719452,
            0.0,
            2.0,
            2.0,
            0.0,
            1.0,
            0.0,
            0.0,
            0.0,
            2.0,
            1.0,
            1.0,
            1.0,
            1.0,
            2.0,
            1.0,
            1.0,
            1.0,
            1.0,
            1.0,
            1.0,
            1.0,
            2.0,
            2.0,
            2.0,
            1.0,
            1.0,
            1.0,
            1.0,
            1.0
        ],
        [
            1.899999976158142,
            22.701316833496094,
            8.5,
            8.0,
            7.900000095367432,
            14.836134910583496,
            9.75121784210205,
            -1.8974097967147827,
            -15.92068099975586,
            -7.855740547180176,
            0.9487048983573914,
            0.9487048983573914,
            8.020681381225586,
            -14.778409004211426,
            -9.717977523803711,
            1.899999976158142,
            15.996386528015137,
            7.8651814460754395,
            -0.947738528251648,
            -0.947738528251648,
            -8.0,
            0.1479346752166748,
            0.3025018274784088,
            0.06721817702054977,
            0.6018859148025513,
            0.08554070442914963,
            0.0651187002658844,
            0.0651187002658844,
            0.34898775815963745,
            0.0,
            0.0,
            0.0,
            0.0,
            0.0,
            0.0,
            0.0,
            0.0,
            2.0,
            2.0,
            1.0,
            2.0,
            1.0,
            2.0,
            1.0,
            1.0,
            1.0,
            1.0,
            1.0,
            1.0,
            1.0,
            2.0,
            2.0,
            2.0,
            1.0,
            1.0,
            1.0,
            1.0,
            1.0
        ],
        [
            0.0,
            0.0,
            0.0,
            0.0,
            0.0,
            0.0,
            0.0,
            0.0,
            0.0,
            0.0,
            0.0,
            0.0,
            0.0,
            0.0,
            0.0,
            0.0,
            0.0,
            0.0,
            0.0,
            0.0,
            0.0,
            0.0,
            0.0,
            0.0,
            0.0,
            0.0,
            0.0,
            0.0,
            0.0,
            0.0,
            0.0,
            0.0,
            0.0,
            0.0,
            0.0,
            0.0,
            0.0,
            -1.0,
            -1.0,
            -1.0,
            -1.0,
            -1.0,
            -1.0,
            -1.0,
            -1.0,
            -1.0,
            -1.0,
            -1.0,
            -1.0,
            -1.0,
            -1.0,
            -1.0,
            -1.0,
            -1.0,
            -1.0,
            -1.0,
            -1.0,
            -1.0
        ]
    ],
    "eval_steps": 506
}