{
    "eval_chronic": "/home/trlautenbacher/data_grid2op/rte_case5_example_val/chronics/12",
    "eval_rewards": [
        [
            0.00037941198164131334,
            -0.0003809523809523809,
            -1.0
        ],
        [
            0.0003699619341927999,
            -0.0005714285714285714,
            -1.0
        ],
        [
            0.0,
            0.0,
            0.0
        ]
    ],
    "eval_actions": [
        10,
        44,
        29
    ],
    "eval_states": [
        [
            0.30000001192092896,
            25.622663497924805,
            7.800000190734863,
            8.300000190734863,
            8.100000381469727,
            8.803028106689453,
            0.14274191856384277,
            2.3779897689819336,
            -2.372964859008789,
            -16.572837829589844,
            -8.206674575805664,
            -8.206674575805664,
            -5.7270355224609375,
            -7.7717604637146,
            0.27176016569137573,
            -2.375638723373413,
            2.375638723373413,
            16.81963539123535,
            8.215047836303711,
            8.215047836303711,
            5.735358715057373,
            0.5969299674034119,
            0.9579070210456848,
            0.09014551341533661,
            0.09014551341533661,
            0.4278746545314789,
            0.15530043840408325,
            0.15530043840408325,
            0.2043309211730957,
            0.0,
            0.0,
            0.0,
            0.0,
            0.0,
            0.0,
            0.0,
            0.0,
            2.0,
            2.0,
            1.0,
            1.0,
            2.0,
            2.0,
            1.0,
            1.0,
            1.0,
            1.0,
            1.0,
            1.0,
            1.0,
            1.0,
            1.0,
            1.0,
            1.0,
            1.0,
            1.0,
            1.0,
            1.0
        ],
        [
            0.30000001192092896,
            25.780866622924805,
            8.0,
            8.100000381469727,
            8.199999809265137,
            8.938800811767578,
            0.24764548242092133,
            3.7140445709228516,
            -3.703366994857788,
            -16.58710289001465,
            -3.7140445709228516,
            -12.601670265197754,
            -4.496633052825928,
            -7.877285480499268,
            0.17728543281555176,
            -3.7092082500457764,
            3.7092082500457764,
            16.842065811157227,
            3.71671199798584,
            12.622745513916016,
            4.5016703605651855,
            0.6058076620101929,
            0.9703754186630249,
            0.14569368958473206,
            0.14569368958473206,
            0.4348108470439911,
            0.09602639824151993,
            0.24359750747680664,
            0.16848644614219666,
            0.0,
            0.0,
            0.0,
            0.0,
            0.0,
            0.0,
            0.0,
            0.0,
            2.0,
            2.0,
            1.0,
            1.0,
            2.0,
            2.0,
            1.0,
            1.0,
            1.0,
            1.0,
            1.0,
            1.0,
            1.0,
            2.0,
            2.0,
            1.0,
            1.0,
            1.0,
            1.0,
            1.0,
            1.0
        ],
        [
            0.0,
            0.0,
            0.0,
            0.0,
            0.0,
            0.0,
            0.0,
            0.0,
            0.0,
            0.0,
            0.0,
            0.0,
            0.0,
            0.0,
            0.0,
            0.0,
            0.0,
            0.0,
            0.0,
            0.0,
            0.0,
            0.0,
            0.0,
            0.0,
            0.0,
            0.0,
            0.0,
            0.0,
            0.0,
            0.0,
            0.0,
            0.0,
            0.0,
            0.0,
            0.0,
            0.0,
            0.0,
            -1.0,
            -1.0,
            -1.0,
            -1.0,
            -1.0,
            -1.0,
            -1.0,
            -1.0,
            -1.0,
            -1.0,
            -1.0,
            -1.0,
            -1.0,
            -1.0,
            -1.0,
            -1.0,
            -1.0,
            -1.0,
            -1.0,
            -1.0,
            -1.0
        ]
    ],
    "eval_steps": 3
}