{
    "eval_chronic": "/home/trlautenbacher/data_grid2op/rte_case5_example_val/chronics/12",
    "eval_rewards": [
        [
            0.03551330613551531,
            -0.04342857142857134,
            -1.0
        ],
        [
            0.00177144259636887,
            -0.002666666666666666,
            0.0
        ],
        [
            0.0002546640976246664,
            -0.0006666666666666666,
            -1.0
        ],
        [
            0.00021309459692767086,
            -0.0005714285714285714,
            0.0
        ],
        [
            0.0,
            0.0,
            0.0
        ]
    ],
    "eval_actions": [
        7,
        0,
        46,
        50,
        17
    ],
    "eval_states": [
        [
            0.30000001192092896,
            25.629371643066406,
            7.800000190734863,
            8.300000190734863,
            8.100000381469727,
            8.25452709197998,
            -0.5869096517562866,
            7.82595682144165,
            -6.661339282989502,
            -17.06360626220703,
            -8.812023162841797,
            -8.812023162841797,
            -1.438660979270935,
            -7.341468334197998,
            0.8844369649887085,
            -7.800000190734863,
            6.757031440734863,
            17.374845504760742,
            8.825258255004883,
            8.825258255004883,
            1.4980899095535278,
            0.5609190464019775,
            0.8055494427680969,
            0.33943092823028564,
            0.6511603593826294,
            0.4798343777656555,
            0.20242933928966522,
            0.20242933928966522,
            0.5971745252609253,
            0.0,
            0.0,
            0.0,
            0.0,
            0.0,
            0.0,
            0.0,
            0.0,
            2.0,
            2.0,
            1.0,
            2.0,
            2.0,
            1.0,
            1.0,
            1.0,
            1.0,
            1.0,
            1.0,
            1.0,
            1.0,
            1.0,
            1.0,
            1.0,
            1.0,
            1.0,
            1.0,
            1.0,
            1.0
        ],
        [
            0.5,
            29.480350494384766,
            9.0,
            9.300000190734863,
            9.399999618530273,
            9.54839038848877,
            -0.6348647475242615,
            9.036006927490234,
            -7.679126739501953,
            -19.535184860229492,
            -10.06833553314209,
            -10.06833553314209,
            -1.7208728790283203,
            -8.346321105957031,
            1.0355224609375,
            -9.0,
            7.810798168182373,
            19.931961059570312,
            10.0850248336792,
            10.0850248336792,
            1.8006649017333984,
            0.6454921364784241,
            0.9411236047744751,
            0.3951610028743744,
            0.7715577483177185,
            0.5409734845161438,
            0.22609379887580872,
            0.22609379887580872,
            0.6842688322067261,
            0.0,
            0.0,
            0.0,
            0.0,
            0.0,
            0.0,
            0.0,
            0.0,
            2.0,
            2.0,
            1.0,
            2.0,
            2.0,
            1.0,
            1.0,
            1.0,
            1.0,
            1.0,
            1.0,
            1.0,
            1.0,
            1.0,
            1.0,
            1.0,
            1.0,
            1.0,
            1.0,
            1.0,
            1.0
        ],
        [
            0.6000000238418579,
            29.57961654663086,
            9.199999809265137,
            9.399999618530273,
            9.300000190734863,
            9.584568977355957,
            -0.6301090717315674,
            9.23666000366211,
            -7.814264297485352,
            -19.614137649536133,
            -9.399999618530273,
            -10.785062789916992,
            -1.4857361316680908,
            -8.373915672302246,
            1.047315001487732,
            -9.199999809265137,
            7.926600456237793,
            19.99504852294922,
            9.415313720703125,
            10.828932762145996,
            1.5484025478363037,
            0.6478384137153625,
            0.9611687660217285,
            0.39689889550209045,
            0.7098546624183655,
            0.5301498770713806,
            0.20359040796756744,
            0.36637991666793823,
            0.6119096279144287,
            0.0,
            0.0,
            0.0,
            0.0,
            0.0,
            0.0,
            0.0,
            0.0,
            2.0,
            2.0,
            1.0,
            2.0,
            2.0,
            1.0,
            1.0,
            1.0,
            1.0,
            1.0,
            1.0,
            1.0,
            1.0,
            2.0,
            1.0,
            2.0,
            2.0,
            1.0,
            1.0,
            1.0,
            1.0
        ],
        [
            0.6000000238418579,
            32.133262634277344,
            8.899999618530273,
            9.399999618530273,
            9.300000190734863,
            15.84290599822998,
            6.293766498565674,
            8.93508529663086,
            -18.25539207458496,
            -15.700864791870117,
            -4.699999809265137,
            -4.699999809265137,
            8.955392837524414,
            -12.769383430480957,
            -4.975327968597412,
            -8.899999618530273,
            18.344711303710938,
            16.29035758972168,
            4.703549385070801,
            4.703549385070801,
            -8.93508529663086,
            1.0398458242416382,
            1.739427924156189,
            0.3897612988948822,
            0.6617735028266907,
            0.658290684223175,
            0.09566469490528107,
            0.09566469490528107,
            0.3304632902145386,
            1.0,
            1.0,
            0.0,
            0.0,
            0.0,
            0.0,
            0.0,
            0.0,
            2.0,
            2.0,
            1.0,
            2.0,
            2.0,
            1.0,
            1.0,
            1.0,
            1.0,
            1.0,
            1.0,
            1.0,
            1.0,
            2.0,
            1.0,
            1.0,
            2.0,
            1.0,
            1.0,
            1.0,
            1.0
        ],
        [
            0.0,
            0.0,
            0.0,
            0.0,
            0.0,
            0.0,
            0.0,
            0.0,
            0.0,
            0.0,
            0.0,
            0.0,
            0.0,
            0.0,
            0.0,
            0.0,
            0.0,
            0.0,
            0.0,
            0.0,
            0.0,
            0.0,
            0.0,
            0.0,
            0.0,
            0.0,
            0.0,
            0.0,
            0.0,
            0.0,
            0.0,
            0.0,
            0.0,
            0.0,
            0.0,
            0.0,
            0.0,
            -1.0,
            -1.0,
            -1.0,
            -1.0,
            -1.0,
            -1.0,
            -1.0,
            -1.0,
            -1.0,
            -1.0,
            -1.0,
            -1.0,
            -1.0,
            -1.0,
            -1.0,
            -1.0,
            -1.0,
            -1.0,
            -1.0,
            -1.0,
            -1.0
        ]
    ],
    "eval_steps": 124
}