{
    "eval_chronic": "/home/trlautenbacher/data_grid2op/rte_case5_example_val/chronics/19",
    "eval_rewards": [
        [
            0.02085383243299445,
            -0.023714285714285677,
            -1.0
        ],
        [
            0.0002625252534924097,
            -0.0006666666666666666,
            -1.0
        ],
        [
            0.0008853350765630377,
            -0.0022857142857142855,
            0.0
        ],
        [
            0.0,
            0.0,
            0.0
        ]
    ],
    "eval_actions": [
        43,
        22,
        2,
        5
    ],
    "eval_states": [
        [
            2.0,
            25.466136932373047,
            8.600000381469727,
            8.199999809265137,
            7.800000190734863,
            10.576891899108887,
            2.473440408706665,
            -0.7484026551246643,
            -3.6642322540283203,
            -14.198399543762207,
            -7.451597213745117,
            -4.190253734588623,
            -4.135767936706543,
            -9.120423316955566,
            -2.1279826164245605,
            0.9092222452163696,
            3.739182949066162,
            14.889244079589844,
            7.499702453613281,
            4.22525691986084,
            4.190253734588623,
            0.7118143439292908,
            0.8711322546005249,
            0.6912664771080017,
            0.569129228591919,
            0.7121699452400208,
            0.38450706005096436,
            0.33029690384864807,
            0.5723222494125366,
            0.0,
            0.0,
            0.0,
            0.0,
            0.0,
            0.0,
            0.0,
            0.0,
            1.0,
            1.0,
            1.0,
            1.0,
            1.0,
            1.0,
            1.0,
            1.0,
            1.0,
            1.0,
            1.0,
            1.0,
            1.0,
            2.0,
            2.0,
            1.0,
            1.0,
            2.0,
            1.0,
            1.0,
            1.0
        ],
        [
            0.6000000238418579,
            27.7029972076416,
            8.899999618530273,
            8.399999618530273,
            7.900000095367432,
            13.527950286865234,
            1.3885196447372437,
            -1.3854211568832397,
            -2.6662042140960693,
            -13.99435043334961,
            -7.014578342437744,
            -5.457529067993164,
            -5.233795642852783,
            -11.227326393127441,
            -1.387209177017212,
            1.387209177017212,
            2.9273264408111572,
            14.17504596710205,
            7.020885467529297,
            5.584945201873779,
            5.457529067993164,
            0.8979185223579407,
            0.03594592586159706,
            0.049425650388002396,
            1.102292776107788,
            0.3669997751712799,
            0.13313235342502594,
            0.6189865469932556,
            1.1128199100494385,
            0.0,
            0.0,
            0.0,
            1.0,
            0.0,
            0.0,
            0.0,
            1.0,
            2.0,
            1.0,
            1.0,
            2.0,
            2.0,
            2.0,
            1.0,
            1.0,
            1.0,
            1.0,
            1.0,
            1.0,
            1.0,
            2.0,
            2.0,
            1.0,
            1.0,
            2.0,
            1.0,
            1.0,
            1.0
        ],
        [
            0.6000000238418579,
            26.83232307434082,
            8.800000190734863,
            8.300000190734863,
            7.800000190734863,
            10.194195747375488,
            1.3750356435775757,
            -1.4238721132278442,
            0.00046150744310580194,
            -16.129507064819336,
            -6.876128196716309,
            -7.816098213195801,
            -7.800461769104004,
            -8.834880828857422,
            -0.9752127528190613,
            1.6100937128067017,
            -9.259450844956163e-13,
            16.638126373291016,
            6.930753707885742,
            7.8237175941467285,
            7.816098213195801,
            0.6872279644012451,
            0.940099835395813,
            0.7491880655288696,
            3.3828601947666695e-14,
            0.6118794083595276,
            0.40918394923210144,
            0.14985217154026031,
            0.2770655155181885,
            0.0,
            0.0,
            0.0,
            0.0,
            0.0,
            0.0,
            0.0,
            0.0,
            2.0,
            2.0,
            2.0,
            1.0,
            2.0,
            2.0,
            1.0,
            1.0,
            1.0,
            1.0,
            1.0,
            1.0,
            1.0,
            2.0,
            2.0,
            1.0,
            1.0,
            2.0,
            1.0,
            1.0,
            1.0
        ],
        [
            0.0,
            0.0,
            0.0,
            0.0,
            0.0,
            0.0,
            0.0,
            0.0,
            0.0,
            0.0,
            0.0,
            0.0,
            0.0,
            0.0,
            0.0,
            0.0,
            0.0,
            0.0,
            0.0,
            0.0,
            0.0,
            0.0,
            0.0,
            0.0,
            0.0,
            0.0,
            0.0,
            0.0,
            0.0,
            0.0,
            0.0,
            0.0,
            0.0,
            0.0,
            0.0,
            0.0,
            0.0,
            -1.0,
            -1.0,
            -1.0,
            -1.0,
            -1.0,
            -1.0,
            -1.0,
            -1.0,
            -1.0,
            -1.0,
            -1.0,
            -1.0,
            -1.0,
            -1.0,
            -1.0,
            -1.0,
            -1.0,
            -1.0,
            -1.0,
            -1.0,
            -1.0
        ]
    ],
    "eval_steps": 88
}