{
    "eval_chronic": "/home/trlautenbacher/data_grid2op/rte_case5_example_val/chronics/12",
    "eval_rewards": [
        [
            0.02026960338449818,
            -0.023999999999999962,
            -1.0
        ],
        [
            0.8562441897365227,
            -1.2879999999999912,
            -1.0
        ]
    ],
    "eval_actions": [
        43,
        16
    ],
    "eval_states": [
        [
            0.30000001192092896,
            27.20195198059082,
            7.800000190734863,
            8.300000190734863,
            8.100000381469727,
            11.414020538330078,
            2.770277500152588,
            -0.6093976497650146,
            -3.7252299785614014,
            -14.994261741638184,
            -7.6906023025512695,
            -4.43752384185791,
            -4.374770164489746,
            -9.734940528869629,
            -2.370974063873291,
            0.7936962842941284,
            3.812218189239502,
            15.787932395935059,
            7.7467851638793945,
            4.477198600769043,
            4.43752384185791,
            0.7652251124382019,
            0.9395295977592468,
            0.7448183298110962,
            0.6166549324989319,
            0.7628790140151978,
            0.4146508276462555,
            0.35084107518196106,
            0.6108279228210449,
            0.0,
            0.0,
            0.0,
            0.0,
            0.0,
            0.0,
            0.0,
            0.0,
            1.0,
            1.0,
            1.0,
            1.0,
            1.0,
            1.0,
            1.0,
            1.0,
            1.0,
            1.0,
            1.0,
            1.0,
            1.0,
            2.0,
            2.0,
            1.0,
            1.0,
            2.0,
            1.0,
            1.0,
            1.0
        ],
        [
            0.5,
            24.873523712158203,
            8.199999809265137,
            8.300000190734863,
            8.399999618530273,
            11.292630195617676,
            -0.2095550149679184,
            0.19048109650611877,
            -3.238717794418335,
            -13.474564552307129,
            -8.49048137664795,
            -5.174286365509033,
            -5.161281585693359,
            -11.256159782409668,
            0.5,
            -0.18605737388134003,
            3.242217540740967,
            13.580892562866211,
            8.505386352539062,
            5.178732872009277,
            5.174286365509033,
            0.11052831262350082,
            0.7954216003417969,
            0.1943698227405548,
            0.163104847073555,
            0.28266122937202454,
            0.19942672550678253,
            0.10731882601976395,
            0.22553285956382751,
            0.0,
            0.0,
            0.0,
            0.0,
            0.0,
            0.0,
            0.0,
            0.0,
            2.0,
            1.0,
            2.0,
            2.0,
            1.0,
            2.0,
            1.0,
            1.0,
            1.0,
            1.0,
            1.0,
            1.0,
            1.0,
            2.0,
            2.0,
            1.0,
            1.0,
            2.0,
            1.0,
            1.0,
            1.0
        ]
    ],
    "eval_steps": 2016
}