{
    "eval_chronic": "/home/trlautenbacher/data_grid2op/rte_case5_example_val/chronics/19",
    "eval_rewards": [
        [
            0.0002791209363405961,
            -0.0003809523809523809,
            -1.0
        ],
        [
            0.00028048936052484536,
            -0.0006666666666666666,
            -1.0
        ],
        [
            0.0,
            0.0,
            0.0
        ]
    ],
    "eval_actions": [
        22,
        46,
        21
    ],
    "eval_states": [
        [
            2.0,
            25.092609405517578,
            8.600000381469727,
            8.199999809265137,
            7.800000190734863,
            11.850764274597168,
            1.177778959274292,
            -1.1707379817962646,
            -3.1997947692871094,
            -13.071379661560059,
            -5.920549392700195,
            -5.920549392700195,
            -4.600205421447754,
            -10.050148963928223,
            -1.1716400384902954,
            1.1716400384902954,
            3.450148344039917,
            13.241846084594727,
            5.946800231933594,
            5.946800231933594,
            4.8118367195129395,
            0.792892336845398,
            0.0837702825665474,
            0.11518414318561554,
            1.0784096717834473,
            0.35666874051094055,
            0.28703248500823975,
            0.28703248500823975,
            1.0837409496307373,
            0.0,
            0.0,
            0.0,
            1.0,
            0.0,
            0.0,
            0.0,
            1.0,
            2.0,
            1.0,
            1.0,
            2.0,
            2.0,
            2.0,
            1.0,
            1.0,
            1.0,
            1.0,
            1.0,
            1.0,
            1.0,
            1.0,
            1.0,
            1.0,
            1.0,
            1.0,
            1.0,
            1.0,
            1.0
        ],
        [
            1.899999976158142,
            25.054731369018555,
            8.600000381469727,
            8.199999809265137,
            7.800000190734863,
            11.577797889709473,
            0.8480674028396606,
            -0.8292690515518188,
            -2.953169345855713,
            -13.331316947937012,
            -8.199999809265137,
            -4.186052322387695,
            -4.84683084487915,
            -9.853570938110352,
            -0.834054172039032,
            0.834054172039032,
            3.1535706520080566,
            13.476934432983398,
            8.211455345153809,
            4.271793842315674,
            5.015321731567383,
            0.775615930557251,
            0.14430542290210724,
            0.1984199583530426,
            0.9597761034965515,
            0.3300158977508545,
            0.17538271844387054,
            0.5100826621055603,
            0.9719372987747192,
            0.0,
            0.0,
            0.0,
            0.0,
            0.0,
            0.0,
            0.0,
            0.0,
            2.0,
            1.0,
            1.0,
            2.0,
            2.0,
            2.0,
            1.0,
            1.0,
            1.0,
            1.0,
            1.0,
            1.0,
            1.0,
            2.0,
            1.0,
            2.0,
            2.0,
            1.0,
            1.0,
            1.0,
            1.0
        ],
        [
            0.0,
            0.0,
            0.0,
            0.0,
            0.0,
            0.0,
            0.0,
            0.0,
            0.0,
            0.0,
            0.0,
            0.0,
            0.0,
            0.0,
            0.0,
            0.0,
            0.0,
            0.0,
            0.0,
            0.0,
            0.0,
            0.0,
            0.0,
            0.0,
            0.0,
            0.0,
            0.0,
            0.0,
            0.0,
            0.0,
            0.0,
            0.0,
            0.0,
            0.0,
            0.0,
            0.0,
            0.0,
            -1.0,
            -1.0,
            -1.0,
            -1.0,
            -1.0,
            -1.0,
            -1.0,
            -1.0,
            -1.0,
            -1.0,
            -1.0,
            -1.0,
            -1.0,
            -1.0,
            -1.0,
            -1.0,
            -1.0,
            -1.0,
            -1.0,
            -1.0,
            -1.0
        ]
    ],
    "eval_steps": 3
}