{
    "eval_chronic": "/home/trlautenbacher/data_grid2op/rte_case5_example_val/chronics/19",
    "eval_rewards": [
        [
            0.00013714469212623714,
            -0.0002857142857142857,
            -1.0
        ],
        [
            0.020849747386808365,
            -0.015809523809523815,
            0.0
        ],
        [
            0.0,
            0.0,
            0.0
        ]
    ],
    "eval_actions": [
        40,
        48,
        4
    ],
    "eval_states": [
        [
            2.0,
            27.852882385253906,
            8.600000381469727,
            8.199999809265137,
            7.800000190734863,
            14.98206901550293,
            7.035360813140869,
            4.645751953125,
            -16.02174949645996,
            -11.771077156066895,
            -2.3228759765625,
            -2.3228759765625,
            8.221749305725098,
            -12.206798553466797,
            -6.270693778991699,
            -4.221147537231445,
            16.0986385345459,
            12.870814323425293,
            2.367858409881592,
            2.367858409881592,
            -8.199999809265137,
            0.9874666333198547,
            1.3154834508895874,
            1.166517972946167,
            0.6061027646064758,
            0.8969480395317078,
            0.3730641305446625,
            0.3730641305446625,
            0.3576045632362366,
            0.0,
            1.0,
            1.0,
            0.0,
            0.0,
            0.0,
            0.0,
            0.0,
            1.0,
            1.0,
            1.0,
            1.0,
            1.0,
            1.0,
            1.0,
            1.0,
            1.0,
            1.0,
            1.0,
            1.0,
            1.0,
            2.0,
            2.0,
            2.0,
            1.0,
            1.0,
            1.0,
            1.0,
            1.0
        ],
        [
            1.899999976158142,
            25.521137237548828,
            8.600000381469727,
            8.199999809265137,
            7.800000190734863,
            10.468099594116211,
            2.3089511394500732,
            1.2924127578735352,
            -5.377328872680664,
            -14.376388549804688,
            -10.6820068359375,
            -1.2924127578735352,
            -2.42267107963562,
            -9.039546966552734,
            -1.9693083763122559,
            -1.1554644107818604,
            5.464319229125977,
            15.053037643432617,
            10.712886810302734,
            1.3545501232147217,
            2.4820070266723633,
            0.7048358917236328,
            0.8634266257286072,
            0.6326740384101868,
            0.6178361177444458,
            0.7048749923706055,
            0.30809611082077026,
            0.43628108501434326,
            0.5964051485061646,
            0.0,
            0.0,
            0.0,
            0.0,
            0.0,
            0.0,
            0.0,
            0.0,
            1.0,
            1.0,
            1.0,
            1.0,
            1.0,
            1.0,
            1.0,
            1.0,
            1.0,
            1.0,
            1.0,
            1.0,
            1.0,
            2.0,
            1.0,
            2.0,
            1.0,
            1.0,
            1.0,
            1.0,
            1.0
        ],
        [
            0.0,
            0.0,
            0.0,
            0.0,
            0.0,
            0.0,
            0.0,
            0.0,
            0.0,
            0.0,
            0.0,
            0.0,
            0.0,
            0.0,
            0.0,
            0.0,
            0.0,
            0.0,
            0.0,
            0.0,
            0.0,
            0.0,
            0.0,
            0.0,
            0.0,
            0.0,
            0.0,
            0.0,
            0.0,
            0.0,
            0.0,
            0.0,
            0.0,
            0.0,
            0.0,
            0.0,
            0.0,
            -1.0,
            -1.0,
            -1.0,
            -1.0,
            -1.0,
            -1.0,
            -1.0,
            -1.0,
            -1.0,
            -1.0,
            -1.0,
            -1.0,
            -1.0,
            -1.0,
            -1.0,
            -1.0,
            -1.0,
            -1.0,
            -1.0,
            -1.0,
            -1.0
        ]
    ],
    "eval_steps": 85
}