{
    "eval_chronic": "/home/trlautenbacher/data_grid2op/rte_case5_example_val/chronics/19",
    "eval_rewards": [
        [
            0.021075186424252632,
            -0.016000000000000004,
            -1.0
        ],
        [
            0.00021923076666187683,
            -0.0002857142857142857,
            0.0
        ],
        [
            6.52821111017647e-05,
            -0.0004761904761904762,
            -1.0
        ],
        [
            0.0,
            0.0,
            0.0
        ]
    ],
    "eval_actions": [
        48,
        42,
        25,
        43
    ],
    "eval_states": [
        [
            2.0,
            25.387449264526367,
            8.600000381469727,
            8.199999809265137,
            7.800000190734863,
            10.39999771118164,
            2.2812752723693848,
            1.2768239974975586,
            -5.388486862182617,
            -14.319948196411133,
            -10.670052528381348,
            -1.2768239974975586,
            -2.411513328552246,
            -8.988800048828125,
            -1.9452779293060303,
            -1.141396403312683,
            5.4754743576049805,
            14.987452507019043,
            10.70032024383545,
            1.3383519649505615,
            2.470053195953369,
            0.700463056564331,
            0.8585675954818726,
            0.6287684440612793,
            0.6178348660469055,
            0.70013827085495,
            0.30505040287971497,
            0.43420055508613586,
            0.5927112698554993,
            0.0,
            0.0,
            0.0,
            0.0,
            0.0,
            0.0,
            0.0,
            0.0,
            1.0,
            1.0,
            1.0,
            1.0,
            1.0,
            1.0,
            1.0,
            1.0,
            1.0,
            1.0,
            1.0,
            1.0,
            1.0,
            2.0,
            1.0,
            2.0,
            1.0,
            1.0,
            1.0,
            1.0,
            1.0
        ],
        [
            0.6000000238418579,
            27.488779067993164,
            8.800000190734863,
            8.300000190734863,
            7.800000190734863,
            11.342700958251953,
            2.5524351596832275,
            0.3118911385536194,
            -3.7219014167785645,
            -15.449716567993164,
            -4.430279731750488,
            -8.300000190734863,
            -4.078098773956299,
            -9.68311882019043,
            -2.1121137142181396,
            -0.1846892535686493,
            3.779921770095825,
            16.146080017089844,
            4.585504055023193,
            8.311777114868164,
            4.118388652801514,
            0.7606942653656006,
            0.9885576963424683,
            0.6071381568908691,
            0.4954703450202942,
            0.7149614691734314,
            0.6819717884063721,
            0.17786727845668793,
            0.49815797805786133,
            0.0,
            0.0,
            0.0,
            0.0,
            0.0,
            0.0,
            0.0,
            0.0,
            1.0,
            1.0,
            1.0,
            1.0,
            1.0,
            1.0,
            1.0,
            1.0,
            1.0,
            1.0,
            1.0,
            1.0,
            1.0,
            2.0,
            2.0,
            1.0,
            2.0,
            1.0,
            1.0,
            1.0,
            1.0
        ],
        [
            0.6000000238418579,
            28.845949172973633,
            8.800000190734863,
            8.300000190734863,
            8.100000381469727,
            7.2069315910339355,
            6.995100498199463,
            3.5894861221313477,
            -6.952957630157471,
            -20.28616714477539,
            -4.867936611175537,
            -8.300000190734863,
            -1.1470425128936768,
            -7.065384387969971,
            -5.440736293792725,
            -2.759263753890991,
            7.065384387969971,
            21.63901710510254,
            4.979157447814941,
            8.311909675598145,
            1.2784504890441895,
            0.21358691155910492,
            1.8920344114303589,
            1.657851219177246,
            0.8009508848190308,
            0.9940486550331116,
            0.5791696310043335,
            0.17880113422870636,
            0.7678354978561401,
            0.0,
            1.0,
            1.0,
            0.0,
            0.0,
            0.0,
            0.0,
            0.0,
            2.0,
            1.0,
            1.0,
            2.0,
            1.0,
            1.0,
            1.0,
            1.0,
            1.0,
            1.0,
            1.0,
            1.0,
            1.0,
            2.0,
            2.0,
            1.0,
            2.0,
            1.0,
            1.0,
            1.0,
            1.0
        ],
        [
            0.0,
            0.0,
            0.0,
            0.0,
            0.0,
            0.0,
            0.0,
            0.0,
            0.0,
            0.0,
            0.0,
            0.0,
            0.0,
            0.0,
            0.0,
            0.0,
            0.0,
            0.0,
            0.0,
            0.0,
            0.0,
            0.0,
            0.0,
            0.0,
            0.0,
            0.0,
            0.0,
            0.0,
            0.0,
            0.0,
            0.0,
            0.0,
            0.0,
            0.0,
            0.0,
            0.0,
            0.0,
            -1.0,
            -1.0,
            -1.0,
            -1.0,
            -1.0,
            -1.0,
            -1.0,
            -1.0,
            -1.0,
            -1.0,
            -1.0,
            -1.0,
            -1.0,
            -1.0,
            -1.0,
            -1.0,
            -1.0,
            -1.0,
            -1.0,
            -1.0,
            -1.0
        ]
    ],
    "eval_steps": 87
}