{"DoNothing/train/reward_0": 0.0003765693952669744, "DoNothing/train/reward_1": 0.0, "DoNothing/train/reward_2": 0.0, "DoNothing/train/grid2opsteps": 104, "_timestamp": 1722434125.4750366, "_runtime": 18.979599714279175, "_step": 1024, "_wandb": {"runtime": 17}, "DoNothing/eval/reward_0": 0.0018732123926306155, "DoNothing/eval/reward_1": 0.003885582010582011, "DoNothing/eval/reward_2": -0.08333333333333333}