{"train/reward_0": 0.0, "train/reward_1": 0.00907794051663552, "train/reward_2": 0.0, "train/grid2opsteps": 102, "_timestamp": 1722410677.7543995, "_runtime": 4.312727451324463, "_step": 16, "_wandb": {"runtime": 20}}