{"DoNothing/train/reward_0": 0.0, "DoNothing/train/reward_1": 0.3195338249206543, "DoNothing/train/reward_2": 0.0, "DoNothing/train/grid2opsteps": 4257, "_timestamp": 1721292042.0835462, "_runtime": 102.72644019126892, "_step": 5000, "_wandb": {"runtime": 101}, "DoNothing/eval/reward_0": 0.002742763772175537, "DoNothing/eval/reward_1": 2.3202971109823016, "DoNothing/eval/reward_2": -0.058823529411764705}