{"DoNothing/train/reward_0": 0.0, "DoNothing/train/reward_1": 0.37141740322113037, "DoNothing/train/reward_2": -0.1, "DoNothing/train/grid2opsteps": 7797, "_timestamp": 1721286248.4987438, "_runtime": 94.8404688835144, "_step": 5000, "_wandb": {"runtime": 93}, "DoNothing/eval/reward_0": 0.002742763772175537, "DoNothing/eval/reward_1": 2.3202971109823016, "DoNothing/eval/reward_2": -0.6058823529411754}