{
    "eval_chronic": "C:\\Users\\thoma\\data_grid2op\\rte_case5_example_val\\chronics\\19",
    "eval_rewards": [
        [
            0.0,
            0.022245124785339174,
            0.0
        ],
        [
            1.0,
            0.8300438146063187,
            0.0
        ]
    ],
    "eval_actions": [
        46,
        19
    ],
    "eval_states": [
        [
            0.6000000238418579,
            26.601116180419922,
            8.600000381469727,
            8.0,
            7.599999904632568,
            10.98029613494873,
            2.484992027282715,
            0.30589476227760315,
            -3.6233935356140137,
            -14.962239265441895,
            -8.0,
            -4.320231914520264,
            -3.9766063690185547,
            -9.418266296386719,
            -2.0722901821136475,
            -0.18705888092517853,
            3.6776154041290283,
            15.620819091796875,
            8.0108003616333,
            4.466447353363037,
            4.014337062835693,
            0.7376153469085693,
            0.9557968378067017,
            0.5845394134521484,
            0.4774421751499176,
            0.6954704523086548,
            0.17019544541835785,
            0.6622637510299683,
            0.48354196548461914,
            0.0,
            0.0,
            0.0,
            0.0,
            0.0,
            0.0,
            0.0,
            0.0,
            1.0,
            1.0,
            1.0,
            1.0,
            1.0,
            1.0,
            1.0,
            1.0,
            1.0,
            1.0,
            1.0,
            1.0,
            1.0,
            2.0,
            1.0,
            2.0,
            2.0,
            1.0,
            1.0,
            1.0,
            1.0
        ],
        [
            1.0,
            24.613784790039062,
            8.699999809265137,
            8.399999618530273,
            8.0,
            4.461356163024902,
            8.651317596435547,
            -5.094546794891357,
            0.07114575803279877,
            -20.08716583251953,
            -8.399999618530273,
            -2.999695301055908,
            -8.071146011352539,
            -4.180994510650635,
            -8.630375862121582,
            5.180994510650635,
            -0.06962426006793976,
            20.152427673339844,
            8.412151336669922,
            3.0236971378326416,
            8.094242095947266,
            0.3050973117351532,
            0.23136349022388458,
            0.49280253052711487,
            0.136155366897583,
            0.22012898325920105,
            0.18074479699134827,
            0.2757489085197449,
            0.3184404969215393,
            0.0,
            0.0,
            0.0,
            0.0,
            0.0,
            0.0,
            0.0,
            0.0,
            2.0,
            1.0,
            2.0,
            1.0,
            2.0,
            1.0,
            1.0,
            1.0,
            1.0,
            1.0,
            1.0,
            1.0,
            1.0,
            2.0,
            1.0,
            2.0,
            2.0,
            1.0,
            1.0,
            1.0,
            1.0
        ]
    ],
    "eval_steps": 2016
}