{
    "eval_chronic": "C:\\Users\\thoma\\data_grid2op\\rte_case5_example_val\\chronics\\12",
    "eval_rewards": [
        [
            0.02039873432216859,
            0.0,
            0.0
        ],
        [
            0.00019133000659192178,
            0.0,
            -1.0
        ],
        [
            0.00018754349477885125,
            0.0,
            -1.0
        ],
        [
            0.609993702978301,
            2.0,
            0.0
        ]
    ],
    "eval_actions": [
        30,
        1,
        45,
        15
    ],
    "eval_states": [
        [
            0.5,
            28.24102783203125,
            8.300000190734863,
            8.399999618530273,
            8.5,
            11.84891128540039,
            2.861738920211792,
            -0.040393561124801636,
            -4.3463640213012695,
            -15.54110336303711,
            -6.288527488708496,
            -6.288527488708496,
            -4.1536359786987305,
            -10.048818588256836,
            -2.4337079524993896,
            0.24516801536083221,
            4.437358856201172,
            16.39211654663086,
            6.339682102203369,
            6.339682102203369,
            4.217449188232422,
            0.7927752733230591,
            0.9741305708885193,
            0.7887710928916931,
            0.6321009993553162,
            0.7897309064865112,
            0.3964475393295288,
            0.3964475393295288,
            0.615761399269104,
            0.0,
            0.0,
            0.0,
            0.0,
            0.0,
            0.0,
            0.0,
            0.0,
            1.0,
            1.0,
            1.0,
            1.0,
            1.0,
            1.0,
            1.0,
            1.0,
            1.0,
            1.0,
            1.0,
            1.0,
            1.0,
            1.0,
            1.0,
            1.0,
            1.0,
            1.0,
            1.0,
            1.0,
            1.0
        ],
        [
            0.5,
            27.847400665283203,
            8.199999809265137,
            8.300000190734863,
            8.399999618530273,
            11.679145812988281,
            2.82077956199646,
            -0.0430765226483345,
            -4.296804904937744,
            -15.341920852661133,
            -6.211246967315674,
            -6.211246967315674,
            -4.103194713592529,
            -9.92672348022461,
            -2.403042793273926,
            0.24368257820606232,
            4.386084079742432,
            16.168256759643555,
            6.260571002960205,
            6.260571002960205,
            4.16556978225708,
            0.782036542892456,
            0.9618684649467468,
            0.7799999713897705,
            0.6256610751152039,
            0.7782887816429138,
            0.38950496912002563,
            0.38950496912002563,
            0.6093221306800842,
            0.0,
            0.0,
            0.0,
            0.0,
            0.0,
            0.0,
            0.0,
            0.0,
            1.0,
            1.0,
            1.0,
            1.0,
            1.0,
            1.0,
            1.0,
            1.0,
            1.0,
            1.0,
            1.0,
            1.0,
            1.0,
            1.0,
            1.0,
            1.0,
            1.0,
            1.0,
            1.0,
            1.0,
            1.0
        ],
        [
            0.5,
            28.660249710083008,
            8.199999809265137,
            8.5,
            8.5,
            12.761329650878906,
            3.8421378135681152,
            -1.0164755582809448,
            -5.025087356567383,
            -15.018776893615723,
            -2.4523964927352466e-15,
            -11.011436462402344,
            -3.474912643432617,
            -10.695711135864258,
            -3.304178476333618,
            1.1929194927215576,
            5.106970310211182,
            15.898921012878418,
            5.8077243011211976e-05,
            11.176581382751465,
            3.527912139892578,
            0.850149393081665,
            1.096885085105896,
            0.727357804775238,
            0.5978833436965942,
            0.8030375838279724,
            0.02588607557117939,
            0.702522873878479,
            0.5655788779258728,
            0.0,
            1.0,
            0.0,
            0.0,
            0.0,
            0.0,
            0.0,
            0.0,
            1.0,
            1.0,
            1.0,
            1.0,
            1.0,
            1.0,
            1.0,
            1.0,
            1.0,
            1.0,
            1.0,
            1.0,
            1.0,
            2.0,
            1.0,
            2.0,
            2.0,
            2.0,
            1.0,
            1.0,
            1.0
        ],
        [
            0.699999988079071,
            25.585262298583984,
            8.0,
            8.199999809265137,
            8.300000190734863,
            9.153397560119629,
            8.022640228271484,
            -2.5055415630340576,
            -5.976224422454834,
            -16.249616622924805,
            9.263272657614174e-13,
            -8.069720268249512,
            -2.3237757682800293,
            -8.04328441619873,
            -8.0,
            2.6832566261291504,
            6.060028076171875,
            16.43186378479004,
            5.797506310045719e-05,
            8.22691822052002,
            2.3752620220184326,
            0.6198104023933411,
            0.253701776266098,
            0.7306456565856934,
            0.6062065958976746,
            0.368387907743454,
            0.025863295421004295,
            0.6859679818153381,
            0.5588028430938721,
            0.0,
            0.0,
            0.0,
            0.0,
            0.0,
            0.0,
            0.0,
            0.0,
            2.0,
            1.0,
            2.0,
            2.0,
            2.0,
            1.0,
            1.0,
            1.0,
            1.0,
            1.0,
            1.0,
            1.0,
            1.0,
            2.0,
            1.0,
            2.0,
            2.0,
            2.0,
            1.0,
            1.0,
            1.0
        ]
    ],
    "eval_steps": 2016
}