{
    "eval_chronic": "C:\\Users\\thoma\\data_grid2op\\rte_case5_example_val\\chronics\\19",
    "eval_rewards": [
        [
            0.0,
            0.043896427139481456,
            0.0
        ],
        [
            0.0,
            0.00019316751251305974,
            -1.0
        ],
        [
            0.0,
            0.260989207543758,
            0.0
        ],
        [
            1.0,
            0.3540852165838856,
            0.0
        ]
    ],
    "eval_actions": [
        24,
        6,
        15,
        32
    ],
    "eval_states": [
        [
            0.5,
            28.853870391845703,
            9.800000190734863,
            9.5,
            8.800000190734863,
            13.24135684967041,
            1.479616641998291,
            -1.2842063903808594,
            -3.3591794967651367,
            -15.212790489196777,
            -6.855899333953857,
            -6.855899333953857,
            -5.440820693969727,
            -13.188852310180664,
            -1.0659030675888062,
            1.5659030675888062,
            3.38885235786438,
            15.61251449584961,
            6.866587162017822,
            6.866587162017822,
            5.496005058288574,
            0.13267280161380768,
            0.9569724202156067,
            0.9370988607406616,
            0.4341733455657959,
            0.5431200265884399,
            0.18454937636852264,
            0.18454937636852264,
            0.4842250943183899,
            0.0,
            0.0,
            0.0,
            0.0,
            0.0,
            0.0,
            0.0,
            0.0,
            2.0,
            1.0,
            1.0,
            2.0,
            1.0,
            2.0,
            1.0,
            1.0,
            1.0,
            1.0,
            1.0,
            1.0,
            1.0,
            1.0,
            1.0,
            1.0,
            1.0,
            1.0,
            1.0,
            1.0,
            1.0
        ],
        [
            0.6000000238418579,
            31.676063537597656,
            9.899999618530273,
            9.199999809265137,
            9.0,
            13.51966667175293,
            3.4691965579986572,
            0.001306854304857552,
            -4.490590572357178,
            -17.36888885498047,
            -6.926612854003906,
            -6.926612854003906,
            -4.509409427642822,
            -11.221638679504395,
            -2.756190061569214,
            9.26898098205231e-13,
            4.677829265594482,
            18.156396865844727,
            6.949846267700195,
            6.949846267700195,
            4.651918888092041,
            0.8974044919013977,
            1.2686938047409058,
            3.288259828272341e-14,
            0.9265382885932922,
            0.7598932385444641,
            0.2701094448566437,
            0.2701094448566437,
            0.897663414478302,
            0.0,
            1.0,
            0.0,
            0.0,
            0.0,
            0.0,
            0.0,
            0.0,
            2.0,
            2.0,
            1.0,
            2.0,
            2.0,
            2.0,
            1.0,
            1.0,
            1.0,
            1.0,
            1.0,
            1.0,
            1.0,
            1.0,
            1.0,
            1.0,
            1.0,
            1.0,
            1.0,
            1.0,
            1.0
        ],
        [
            0.30000001192092896,
            31.119651794433594,
            10.199999809265137,
            9.600000381469727,
            9.300000190734863,
            10.1911039352417,
            10.237348556518555,
            -2.3249056339263916,
            -6.386190414428711,
            -20.64502716064453,
            -5.137597560882568,
            -5.137597560882568,
            -2.9138095378875732,
            -8.832562446594238,
            -10.199999809265137,
            2.615230083465576,
            6.517332553863525,
            20.92854881286621,
            5.2038397789001465,
            5.2038397789001465,
            3.0001001358032227,
            0.6870289444923401,
            0.3198554217815399,
            0.9525731205940247,
            0.7689808011054993,
            0.4579998254776001,
            0.44972655177116394,
            0.44972655177116394,
            0.7093314528465271,
            0.0,
            0.0,
            0.0,
            0.0,
            0.0,
            0.0,
            0.0,
            0.0,
            2.0,
            1.0,
            2.0,
            2.0,
            2.0,
            1.0,
            1.0,
            1.0,
            1.0,
            1.0,
            1.0,
            1.0,
            1.0,
            1.0,
            1.0,
            1.0,
            1.0,
            1.0,
            1.0,
            1.0,
            1.0
        ],
        [
            1.0,
            25.82312774658203,
            8.699999809265137,
            8.399999618530273,
            8.0,
            8.960281372070312,
            8.727137565612793,
            -2.6919610500335693,
            -5.955327987670898,
            -16.690372467041016,
            5.7918405218515545e-05,
            -7.802251815795898,
            -2.0446720123291016,
            -7.89394474029541,
            -8.699999809265137,
            2.8603193759918213,
            6.033625602722168,
            16.86284637451172,
            9.279215850560574e-13,
            7.963233947753906,
            2.0941555500030518,
            0.6072108745574951,
            0.2759993374347687,
            0.7094429731369019,
            0.5846191048622131,
            0.3584612309932709,
            1.8041920361129213e-14,
            0.6940517425537109,
            0.5488831996917725,
            0.0,
            0.0,
            0.0,
            0.0,
            0.0,
            0.0,
            0.0,
            0.0,
            2.0,
            1.0,
            2.0,
            2.0,
            2.0,
            1.0,
            1.0,
            1.0,
            1.0,
            2.0,
            2.0,
            1.0,
            2.0,
            1.0,
            1.0,
            1.0,
            1.0,
            1.0,
            1.0,
            1.0,
            1.0
        ]
    ],
    "eval_steps": 2016
}