{
    "eval_chronic": "C:\\Users\\thoma\\data_grid2op\\rte_case5_example_val\\chronics\\12",
    "eval_rewards": [
        [
            1.0,
            0.8374719897082042,
            0.0
        ]
    ],
    "eval_actions": [
        11
    ],
    "eval_states": [
        [
            0.699999988079071,
            24.412443161010742,
            8.0,
            8.199999809265137,
            8.300000190734863,
            4.571211338043213,
            -4.835199356079102,
            7.140213966369629,
            0.8798461556434631,
            -19.748960494995117,
            -12.271885871887207,
            -12.271885871887207,
            -9.17984676361084,
            -4.277312755584717,
            4.977313041687012,
            -7.1203484535217285,
            -0.8796514272689819,
            19.841232299804688,
            12.29207992553711,
            12.29207992553711,
            9.203557968139648,
            0.3126821219921112,
            0.5455601215362549,
            0.29563674330711365,
            0.05969095975160599,
            0.26245149970054626,
            0.23819153010845184,
            0.23819153010845184,
            0.33370181918144226,
            0.0,
            0.0,
            0.0,
            0.0,
            0.0,
            0.0,
            0.0,
            0.0,
            2.0,
            2.0,
            1.0,
            1.0,
            2.0,
            1.0,
            1.0,
            1.0,
            1.0,
            1.0,
            1.0,
            1.0,
            1.0,
            1.0,
            1.0,
            1.0,
            1.0,
            1.0,
            1.0,
            1.0,
            1.0
        ]
    ],
    "eval_steps": 2016
}