{
    "eval_chronic": "C:\\Users\\thoma\\data_grid2op\\rte_case5_example_val\\chronics\\19",
    "eval_rewards": [
        [
            0.0,
            0.022245124785339174,
            0.0
        ],
        [
            0.0,
            0.0002503994277051333,
            -1.0
        ],
        [
            0.020337301587301588,
            0.0,
            -1.0
        ]
    ],
    "eval_actions": [
        46,
        22,
        40
    ],
    "eval_states": [
        [
            0.6000000238418579,
            26.601116180419922,
            8.600000381469727,
            8.0,
            7.599999904632568,
            10.98029613494873,
            2.484992027282715,
            0.30589476227760315,
            -3.6233935356140137,
            -14.962239265441895,
            -8.0,
            -4.320231914520264,
            -3.9766063690185547,
            -9.418266296386719,
            -2.0722901821136475,
            -0.18705888092517853,
            3.6776154041290283,
            15.620819091796875,
            8.0108003616333,
            4.466447353363037,
            4.014337062835693,
            0.7376153469085693,
            0.9557968378067017,
            0.5845394134521484,
            0.4774421751499176,
            0.6954704523086548,
            0.17019544541835785,
            0.6622637510299683,
            0.48354196548461914,
            0.0,
            0.0,
            0.0,
            0.0,
            0.0,
            0.0,
            0.0,
            0.0,
            1.0,
            1.0,
            1.0,
            1.0,
            1.0,
            1.0,
            1.0,
            1.0,
            1.0,
            1.0,
            1.0,
            1.0,
            1.0,
            2.0,
            1.0,
            2.0,
            2.0,
            1.0,
            1.0,
            1.0,
            1.0
        ],
        [
            0.6000000238418579,
            26.705102920532227,
            8.699999809265137,
            7.900000095367432,
            7.800000190734863,
            12.991593360900879,
            0.9325080513954163,
            -0.9100578427314758,
            -2.5093259811401367,
            -13.540971755981445,
            -7.900000095367432,
            -4.593388557434082,
            -5.290674209594727,
            -10.856515884399414,
            -0.9163179993629456,
            0.9163179993629456,
            2.756516456604004,
            13.713510513305664,
            7.910855770111084,
            4.69760799407959,
            5.503446578979492,
            0.8645389080047607,
            0.15804320573806763,
            0.2173094004392624,
            1.0711640119552612,
            0.3587668240070343,
            0.170375794172287,
            0.5610588788986206,
            1.0863548517227173,
            0.0,
            0.0,
            0.0,
            1.0,
            0.0,
            0.0,
            0.0,
            1.0,
            2.0,
            1.0,
            1.0,
            2.0,
            2.0,
            2.0,
            1.0,
            1.0,
            1.0,
            1.0,
            1.0,
            1.0,
            1.0,
            2.0,
            1.0,
            2.0,
            2.0,
            1.0,
            1.0,
            1.0,
            1.0
        ],
        [
            0.0,
            0.0,
            0.0,
            0.0,
            0.0,
            0.0,
            0.0,
            0.0,
            0.0,
            0.0,
            0.0,
            0.0,
            0.0,
            0.0,
            0.0,
            0.0,
            0.0,
            0.0,
            0.0,
            0.0,
            0.0,
            0.0,
            0.0,
            0.0,
            0.0,
            0.0,
            0.0,
            0.0,
            0.0,
            0.0,
            0.0,
            0.0,
            0.0,
            0.0,
            0.0,
            0.0,
            0.0,
            -1.0,
            -1.0,
            -1.0,
            -1.0,
            -1.0,
            -1.0,
            -1.0,
            -1.0,
            -1.0,
            -1.0,
            -1.0,
            -1.0,
            -1.0,
            -1.0,
            -1.0,
            -1.0,
            -1.0,
            -1.0,
            -1.0,
            -1.0,
            -1.0
        ]
    ],
    "eval_steps": 82
}