{
    "eval_chronic": "C:\\Users\\thoma\\data_grid2op\\rte_case5_example_val\\chronics\\19",
    "eval_rewards": [
        [
            0.0,
            0.0002268793247194526,
            -0.8333333333333334
        ],
        [
            0.0,
            0.0002622690415168368,
            -0.8333333333333334
        ],
        [
            1.0,
            0.9374142896707531,
            0.0
        ]
    ],
    "eval_actions": [
        45,
        52,
        26
    ],
    "eval_states": [
        [
            2.0,
            25.801000595092773,
            8.600000381469727,
            8.199999809265137,
            7.800000190734863,
            11.375762939453125,
            3.3504576683044434,
            -1.096423625946045,
            -4.7206830978393555,
            -13.709735870361328,
            -3.713022077300732e-12,
            -10.226067543029785,
            -3.0793168544769287,
            -9.707155227661133,
            -2.918076515197754,
            1.2387354373931885,
            4.786495685577393,
            14.425237655639648,
            5.8082023315364495e-05,
            10.359219551086426,
            3.1224918365478516,
            0.7627951502799988,
            0.9793006777763367,
            0.6462855935096741,
            0.5314240455627441,
            0.7246679067611694,
            0.0258871391415596,
            0.6320348978042603,
            0.5151363015174866,
            0.0,
            0.0,
            0.0,
            0.0,
            0.0,
            0.0,
            0.0,
            0.0,
            1.0,
            1.0,
            1.0,
            1.0,
            1.0,
            1.0,
            1.0,
            1.0,
            1.0,
            1.0,
            1.0,
            1.0,
            1.0,
            2.0,
            1.0,
            2.0,
            2.0,
            2.0,
            1.0,
            1.0,
            1.0
        ],
        [
            1.899999976158142,
            25.299226760864258,
            8.600000381469727,
            8.199999809265137,
            7.800000190734863,
            10.462469100952148,
            2.411452531814575,
            -4.637936085530314e-13,
            -4.16908073425293,
            -14.362224578857422,
            -5.962822914123535,
            -5.962822914123535,
            -3.6309192180633545,
            -9.035354614257812,
            -1.9579218626022339,
            0.001311096828430891,
            4.291965484619141,
            14.83675765991211,
            5.975386142730713,
            5.975386142730713,
            3.725646495819092,
            0.7044744491577148,
            1.0038530826568604,
            0.13720062375068665,
            0.741752564907074,
            0.5912660956382751,
            0.20093116164207458,
            0.20093116164207458,
            0.7407057285308838,
            0.0,
            1.0,
            0.0,
            0.0,
            0.0,
            0.0,
            0.0,
            0.0,
            1.0,
            1.0,
            1.0,
            1.0,
            1.0,
            1.0,
            1.0,
            1.0,
            1.0,
            1.0,
            1.0,
            1.0,
            1.0,
            2.0,
            1.0,
            1.0,
            1.0,
            1.0,
            1.0,
            1.0,
            1.0
        ],
        [
            1.0,
            25.17639923095703,
            8.699999809265137,
            8.399999618530273,
            8.0,
            8.710983276367188,
            3.604527473449707,
            -9.25271036004982e-13,
            -3.590456485748291,
            -16.429597854614258,
            -6.407255172729492,
            -6.407255172729492,
            -4.409543514251709,
            -7.699999809265137,
            -3.5980167388916016,
            0.001303655793890357,
            3.596713066101074,
            16.465415954589844,
            6.412535190582275,
            6.412535190582275,
            4.414511203765869,
            0.5909033417701721,
            0.1028837040066719,
            0.13681073486804962,
            0.1484367847442627,
            0.16249756515026093,
            0.12165490537881851,
            0.12165490537881851,
            0.17328158020973206,
            0.0,
            0.0,
            0.0,
            0.0,
            0.0,
            0.0,
            0.0,
            0.0,
            2.0,
            1.0,
            1.0,
            1.0,
            2.0,
            2.0,
            1.0,
            1.0,
            1.0,
            1.0,
            1.0,
            1.0,
            1.0,
            2.0,
            1.0,
            1.0,
            1.0,
            1.0,
            1.0,
            1.0,
            1.0
        ]
    ],
    "eval_steps": 2016
}