{
    "eval_chronic": "C:\\Users\\thoma\\data_grid2op\\rte_case5_example_val\\chronics\\19",
    "eval_rewards": [
        [
            1.0,
            0.8352057888438295,
            0.0
        ]
    ],
    "eval_actions": [
        11
    ],
    "eval_states": [
        [
            1.0,
            24.703664779663086,
            8.699999809265137,
            8.399999618530273,
            8.0,
            4.4920549392700195,
            -5.069104194641113,
            7.464244842529297,
            1.258026123046875,
            -20.11946678161621,
            -12.573113441467285,
            -12.573113441467285,
            -9.258026123046875,
            -4.207940578460693,
            5.207940578460693,
            -7.442408561706543,
            -1.2575913667678833,
            20.211610794067383,
            12.59428596496582,
            12.59428596496582,
            9.281982421875,
            0.30721795558929443,
            0.5389132499694824,
            0.3087608814239502,
            0.07677431404590607,
            0.26217368245124817,
            0.24399451911449432,
            0.24399451911449432,
            0.33593881130218506,
            0.0,
            0.0,
            0.0,
            0.0,
            0.0,
            0.0,
            0.0,
            0.0,
            2.0,
            2.0,
            1.0,
            1.0,
            2.0,
            1.0,
            1.0,
            1.0,
            1.0,
            1.0,
            1.0,
            1.0,
            1.0,
            1.0,
            1.0,
            1.0,
            1.0,
            1.0,
            1.0,
            1.0,
            1.0
        ]
    ],
    "eval_steps": 2016
}