{
    "eval_chronic": "C:\\Users\\thoma\\data_grid2op\\rte_case5_example_val\\chronics\\19",
    "eval_rewards": [
        [
            0.0,
            0.0001699821134031241,
            -1.0
        ],
        [
            0.0,
            0.00031832036578338847,
            -1.0
        ],
        [
            1.0,
            0.7697364934947539,
            0.0
        ]
    ],
    "eval_actions": [
        51,
        2,
        23
    ],
    "eval_states": [
        [
            2.0,
            26.926654815673828,
            8.600000381469727,
            8.199999809265137,
            7.800000190734863,
            13.773613929748535,
            5.920811653137207,
            -8.199999809265137,
            -1.589377999305725,
            -12.32602596282959,
            -3.17974853515625,
            -3.17974853515625,
            -6.210622310638428,
            -11.395428657531738,
            -5.197066783905029,
            8.228846549987793,
            1.7636480331420898,
            13.153040885925293,
            3.2026069164276123,
            3.2026069164276123,
            6.3594970703125,
            0.9131433963775635,
            1.2786575555801392,
            0.2990705370903015,
            0.8915601968765259,
            0.7786497473716736,
            0.26937970519065857,
            0.26937970519065857,
            0.9157959222793579,
            0.0,
            1.0,
            0.0,
            0.0,
            0.0,
            0.0,
            0.0,
            0.0,
            1.0,
            1.0,
            1.0,
            1.0,
            1.0,
            1.0,
            1.0,
            1.0,
            1.0,
            1.0,
            1.0,
            1.0,
            1.0,
            2.0,
            1.0,
            1.0,
            1.0,
            2.0,
            1.0,
            1.0,
            1.0
        ],
        [
            1.899999976158142,
            26.105083465576172,
            8.600000381469727,
            8.199999809265137,
            7.800000190734863,
            12.774870872497559,
            5.051656246185303,
            -8.199999809265137,
            0.00046230043517425656,
            -12.871561050415039,
            -3.9079997539520264,
            -3.9079997539520264,
            -7.80046272277832,
            -10.705194473266602,
            -4.223384380340576,
            8.228578567504883,
            -9.219359649008797e-16,
            13.330212593078613,
            3.909952163696289,
            3.909952163696289,
            7.815999507904053,
            0.8509965538978577,
            1.370530128479004,
            0.29826998710632324,
            4.1023203239888735e-15,
            0.5814253091812134,
            0.07841209322214127,
            0.07841209322214127,
            0.2768290340900421,
            0.0,
            2.0,
            0.0,
            0.0,
            0.0,
            0.0,
            0.0,
            0.0,
            2.0,
            2.0,
            2.0,
            1.0,
            2.0,
            2.0,
            1.0,
            1.0,
            1.0,
            1.0,
            1.0,
            1.0,
            1.0,
            2.0,
            1.0,
            1.0,
            1.0,
            2.0,
            1.0,
            1.0,
            1.0
        ],
        [
            1.0,
            24.909395217895508,
            8.699999809265137,
            8.399999618530273,
            8.0,
            5.775875568389893,
            17.225791931152344,
            -8.399999618530273,
            -6.231668949127197,
            -19.064542770385742,
            -0.9101992845535278,
            -0.9101992845535278,
            -1.7683312892913818,
            -5.314207553863525,
            -17.130809783935547,
            8.430810928344727,
            6.314207553863525,
            19.133520126342773,
            0.9193753004074097,
            0.9193753004074097,
            1.8203985691070557,
            0.39514636993408203,
            0.49320560693740845,
            0.30952081084251404,
            0.6015772819519043,
            0.22689127922058105,
            0.17554497718811035,
            0.17554497718811035,
            0.5619235634803772,
            0.0,
            0.0,
            0.0,
            0.0,
            0.0,
            0.0,
            0.0,
            0.0,
            2.0,
            1.0,
            1.0,
            2.0,
            2.0,
            1.0,
            1.0,
            1.0,
            1.0,
            1.0,
            1.0,
            1.0,
            1.0,
            2.0,
            1.0,
            1.0,
            1.0,
            2.0,
            1.0,
            1.0,
            1.0
        ]
    ],
    "eval_steps": 2016
}