{
    "eval_chronic": "C:\\Users\\thoma\\data_grid2op\\rte_case5_example_val\\chronics\\12",
    "eval_rewards": [
        [
            0.0,
            0.035466024164973124,
            0.0
        ],
        [
            0.0,
            0.0002578374955739407,
            -1.0
        ],
        [
            0.0,
            0.00025493128962785107,
            -1.0
        ],
        [
            0.0,
            0.0002501751457081307,
            -1.0
        ],
        [
            0.0,
            0.0,
            -1.0
        ],
        [
            1.0,
            0.8497831020166907,
            0.0
        ]
    ],
    "eval_actions": [
        7,
        2,
        38,
        41,
        15,
        33
    ],
    "eval_states": [
        [
            0.5,
            29.952407836914062,
            9.300000190734863,
            9.300000190734863,
            9.5,
            9.706208229064941,
            -0.6424307823181152,
            9.337957382202148,
            -7.775123119354248,
            -19.836912155151367,
            -10.222415924072266,
            -10.222415924072266,
            -1.7248769998550415,
            -8.466497421264648,
            1.0555620193481445,
            -9.300000190734863,
            7.910935401916504,
            20.246198654174805,
            10.23967170715332,
            10.23967170715332,
            1.80687415599823,
            0.6557201147079468,
            0.956270694732666,
            0.4039260745048523,
            0.784286618232727,
            0.5493416786193848,
            0.22980616986751556,
            0.22980616986751556,
            0.6930005550384521,
            0.0,
            0.0,
            0.0,
            0.0,
            0.0,
            0.0,
            0.0,
            0.0,
            2.0,
            2.0,
            1.0,
            2.0,
            2.0,
            1.0,
            1.0,
            1.0,
            1.0,
            1.0,
            1.0,
            1.0,
            1.0,
            1.0,
            1.0,
            1.0,
            1.0,
            1.0,
            1.0,
            1.0,
            1.0
        ],
        [
            0.5,
            30.407773971557617,
            9.0,
            9.300000190734863,
            9.399999618530273,
            11.473074913024902,
            1.4158161878585815,
            -1.9115785360336304,
            0.00046107606613077223,
            -18.283334732055664,
            -8.406233787536621,
            -8.406233787536621,
            -9.400460243225098,
            -9.777775764465332,
            -0.9268406629562378,
            2.2046165466308594,
            1.2286524184531742e-15,
            18.93470001220703,
            8.433758735656738,
            8.433758735656738,
            9.424046516418457,
            0.7689740657806396,
            1.0438158512115479,
            0.9572428464889526,
            4.1023203239888735e-15,
            0.6916122436523438,
            0.29253432154655457,
            0.29253432154655457,
            0.33656322956085205,
            0.0,
            1.0,
            0.0,
            0.0,
            0.0,
            0.0,
            0.0,
            0.0,
            2.0,
            2.0,
            2.0,
            1.0,
            2.0,
            2.0,
            1.0,
            1.0,
            1.0,
            1.0,
            1.0,
            1.0,
            1.0,
            1.0,
            1.0,
            1.0,
            1.0,
            1.0,
            1.0,
            1.0,
            1.0
        ],
        [
            0.5,
            30.66648292541504,
            9.100000381469727,
            9.300000190734863,
            9.5,
            11.586108207702637,
            1.4448156356811523,
            -1.9081052541732788,
            0.0004610454197973013,
            -18.41716766357422,
            -8.458146095275879,
            -8.458146095275879,
            -9.500460624694824,
            -9.859577178955078,
            -0.9468191266059875,
            2.2063961029052734,
            -4.617640905063558e-13,
            19.080373764038086,
            8.486175537109375,
            8.486175537109375,
            9.524395942687988,
            0.7761427164077759,
            1.0537630319595337,
            0.9663909673690796,
            1.6409281295955494e-14,
            0.6978144645690918,
            0.29512014985084534,
            0.29512014985084534,
            0.33969151973724365,
            0.0,
            2.0,
            0.0,
            0.0,
            0.0,
            0.0,
            0.0,
            0.0,
            2.0,
            2.0,
            2.0,
            1.0,
            2.0,
            2.0,
            1.0,
            1.0,
            1.0,
            1.0,
            1.0,
            1.0,
            1.0,
            1.0,
            1.0,
            1.0,
            1.0,
            1.0,
            1.0,
            1.0,
            1.0
        ],
        [
            0.5,
            30.755252838134766,
            9.100000381469727,
            9.199999809265137,
            9.399999618530273,
            14.025814056396484,
            0.0,
            -2.3325092792510986,
            0.00046031264355406165,
            -16.497440338134766,
            -16.291584014892578,
            -9.263710675291859e-13,
            -9.400460243225098,
            -11.566882133483887,
            0.0,
            2.96688175201416,
            -4.61400178047161e-13,
            16.72943878173828,
            16.49738311767578,
            5.7980923884315416e-05,
            9.424093246459961,
            0.9287323951721191,
            0.0,
            1.4406132698059082,
            1.6409281295955494e-14,
            0.4150049090385437,
            0.7823164463043213,
            0.025864601135253906,
            0.33688145875930786,
            0.0,
            0.0,
            1.0,
            0.0,
            0.0,
            0.0,
            0.0,
            0.0,
            2.0,
            -1.0,
            2.0,
            1.0,
            2.0,
            2.0,
            1.0,
            1.0,
            1.0,
            -1.0,
            1.0,
            1.0,
            1.0,
            2.0,
            2.0,
            1.0,
            2.0,
            2.0,
            1.0,
            1.0,
            1.0
        ],
        [
            0.5,
            30.87569236755371,
            9.100000381469727,
            9.300000190734863,
            9.399999618530273,
            14.069380760192871,
            0.0,
            -2.35848331451416,
            0.0004602987610269338,
            -16.572851181030273,
            -16.365610122680664,
            -1.853957959374597e-12,
            -9.400460243225098,
            -11.596385955810547,
            0.0,
            2.996385097503662,
            4.613930765229313e-13,
            16.806310653686523,
            16.572792053222656,
            5.79800434934441e-05,
            9.424094200134277,
            0.9314211010932922,
            0.0,
            1.444808006286621,
            1.6409281295955494e-14,
            0.4162895679473877,
            0.7848977446556091,
            0.025864405557513237,
            0.33688727021217346,
            0.0,
            0.0,
            2.0,
            0.0,
            0.0,
            0.0,
            0.0,
            0.0,
            2.0,
            -1.0,
            2.0,
            1.0,
            2.0,
            2.0,
            1.0,
            1.0,
            1.0,
            -1.0,
            1.0,
            1.0,
            1.0,
            2.0,
            2.0,
            1.0,
            2.0,
            2.0,
            1.0,
            1.0,
            1.0
        ],
        [
            0.699999988079071,
            24.793737411499023,
            8.0,
            8.199999809265137,
            8.300000190734863,
            8.202095985412598,
