{
    "eval_chronic": "C:\\Users\\thoma\\data_grid2op\\rte_case5_example_val\\chronics\\12",
    "eval_rewards": [
        [
            0.9470490509920918,
            -192.00000000000887,
            0.0
        ]
    ],
    "eval_actions": [
        27
    ],
    "eval_states": [
        [
            0.699999988079071,
            23.932283401489258,
            8.0,
            8.199999809265137,
            8.300000190734863,
            -0.6927192807197571,
            7.388181209564209,
            2.804581642150879,
            -2.1725332736968994,
            -24.54977035522461,
            -8.571203231811523,
            -8.571203231811523,
            -6.127467155456543,
            0.699999988079071,
            -7.372363567352295,
            -2.8017079830169678,
            2.174071788787842,
            24.625001907348633,
            8.580794334411621,
            8.580794334411621,
            6.1378254890441895,
            0.06410057842731476,
            0.20652036368846893,
            0.13291440904140472,
            0.07751426845788956,
            0.23254089057445526,
            0.16402311623096466,
            0.16402311623096466,
            0.21917188167572021,
            0.0,
            0.0,
            0.0,
            0.0,
            0.0,
            0.0,
            0.0,
            0.0,
            2.0,
            1.0,
            1.0,
            1.0,
            2.0,
            1.0,
            1.0,
            1.0,
            1.0,
            1.0,
            1.0,
            1.0,
            1.0,
            1.0,
            1.0,
            1.0,
            1.0,
            1.0,
            1.0,
            1.0,
            1.0
        ]
    ],
    "eval_steps": 2016
}