{
    "eval_chronic": "C:\\Users\\thoma\\data_grid2op\\rte_case5_example_val\\chronics\\12",
    "eval_rewards": [
        [
            0.0,
            0.020254637130948803,
            0.0
        ],
        [
            0.0,
            0.00034348317268330516,
            -1.0
        ],
        [
            0.0,
            0.00017291833595720505,
            -1.0
        ],
        [
            0.0,
            0.0001940180300167631,
            -1.0
        ],
        [
            0.0,
            0.0,
            -1.0
        ],
        [
            0.0220734126984127,
            0.0,
            -1.0
        ]
    ],
    "eval_actions": [
        43,
        18,
        14,
        48,
        8,
        52
    ],
    "eval_states": [
        [
            0.5,
            28.265766143798828,
            8.300000190734863,
            8.399999618530273,
            8.5,
            11.896129608154297,
            2.911104202270508,
            -0.5581699013710022,
            -3.910825729370117,
            -15.513880729675293,
            -7.841829776763916,
            -4.657329082489014,
            -4.589174270629883,
            -10.082681655883789,
            -2.4792368412017822,
            0.7569129467010498,
            4.0050048828125,
            16.3696346282959,
            7.9027485847473145,
            4.7000274658203125,
            4.657329082489014,
            0.7957585453987122,
            0.9786644577980042,
            0.7760840654373169,
            0.6435787081718445,
            0.7919116020202637,
            0.4313097596168518,
            0.3634832799434662,
            0.6345702409744263,
            0.0,
            0.0,
            0.0,
            0.0,
            0.0,
            0.0,
            0.0,
            0.0,
            1.0,
            1.0,
            1.0,
            1.0,
            1.0,
            1.0,
            1.0,
            1.0,
            1.0,
            1.0,
            1.0,
            1.0,
            1.0,
            2.0,
            2.0,
            1.0,
            1.0,
            2.0,
            1.0,
            1.0,
            1.0
        ],
        [
            0.5,
            26.50322914123535,
            8.199999809265137,
            8.300000190734863,
            8.399999618530273,
            10.568992614746094,
            3.490347385406494,
            -1.0607554912567139,
            -3.4827842712402344,
            -15.762650489807129,
            -7.2392449378967285,
            -4.923609256744385,
            -4.917215347290039,
            -9.114558219909668,
            -3.4867188930511475,
            1.4145587682724,
            3.4867188930511475,
            15.934236526489258,
            7.34561014175415,
            4.926692962646484,
            4.923609256744385,
            0.7113078832626343,
            0.09106967598199844,
            1.0584349632263184,
            0.12522080540657043,
            0.3576250672340393,
            0.5664351582527161,
            0.09723462909460068,
            0.17458470165729523,
            0.0,
            0.0,
            1.0,
            0.0,
            0.0,
            0.0,
            0.0,
            0.0,
            2.0,
            1.0,
            2.0,
            1.0,
            2.0,
            2.0,
            1.0,
            1.0,
            1.0,
            1.0,
            1.0,
            1.0,
            1.0,
            2.0,
            2.0,
            1.0,
            1.0,
            2.0,
            1.0,
            1.0,
            1.0
        ],
        [
            0.5,
            28.380008697509766,
            8.199999809265137,
            8.5,
            8.5,
            13.326662063598633,
            0.0006481115706264973,
            0.4145435094833374,
            -3.2163584232330322,
            -14.557493209838867,
            -8.914543151855469,
            -5.4293718338012695,
            -5.283641338348389,
            -11.088778495788574,
            4.634599995445576e-13,
            -0.00986858457326889,
            3.398646831512451,
            15.053346633911133,
            9.042062759399414,
            5.514782905578613,
            5.4293718338012695,
            0.8854141235351562,
            1.1934023376718866e-14,
            1.1366627216339111,
            0.9132310152053833,
            0.6042656302452087,
            0.6189159154891968,
            0.5090135335922241,
            0.9069469571113586,
            0.0,
            0.0,
            2.0,
            0.0,
            0.0,
            0.0,
            0.0,
            0.0,
            2.0,
            1.0,
            2.0,
            2.0,
            2.0,
            2.0,
            1.0,
            1.0,
            1.0,
            1.0,
            1.0,
            1.0,
            1.0,
            2.0,
            2.0,
            1.0,
            1.0,
            2.0,
            1.0,
            1.0,
            1.0
        ],
        [
            0.5,
            28.609102249145508,
            8.399999618530273,
            8.399999618530273,
            8.5,
            15.132121086120605,
            0.000647815759293735,
            0.0,
            -4.0471014976501465,
            -13.291747093200684,
            -13.153804779052734,
            9.277980944286113e-13,
            -4.4528985023498535,
            -12.305770874023438,
            -1.3906856352260966e-12,
            0.0,
            4.405771255493164,
            13.476980209350586,
            13.291041374206543,
            5.802043597213924e-05,
            4.753805160522461,
            0.9966301321983337,
            3.592616723319293e-14,
            0.0,
            1.3003296852111816,
            0.37155881524086,
            0.6410570740699768,
            0.025873413309454918,
            1.2832224369049072,
            0.0,
            0.0,
            0.0,
            1.0,
            0.0,
            0.0,
            0.0,
            1.0,
            2.0,
            1.0,
            -1.0,
            2.0,
            2.0,
            2.0,
            1.0,
            1.0,
            1.0,
            1.0,
            1.0,
            1.0,
            1.0,
            -1.0,
            1.0,
            2.0,
            1.0,
            1.0,
            1.0,
            1.0,
            1.0
        ],
        [
            0.5,
            28.710220336914062,
            8.300000190734863,
            8.5,
            8.600000381469727,
            15.132641792297363,
            0.000647800334263593,
            0.0,
            -4.146595478057861,
            -13.39171314239502,
            -13.253186225891113,
            -1.1104418767629034e-15,
            -4.453404903411865,
            -12.306113243103027,
            2.9722597877390212e-16,
            0.0,
            4.506113052368164,
            13.5775785446167,
            13.391007423400879,
            5.801905717817135e-05,
            4.753186225891113,
            0.996661901473999,
            1.4917529220898583e-15,
            0.0,
            1.3019375801086426,
            0.37217721343040466,
            0.6423835754394531,
            0.025873104110360146,
            1.2809079885482788,
            0.0,
            0.0,
            0.0,
            2.0,
            0.0,
            0.0,
            0.0,
            2.0,
            2.0,
            1.0,
            -1.0,
            2.0,
            2.0,
            2.0,
            1.0,
            1.0,
            1.0,
            1.0,
            1.0,
            1.0,
            1.0,
            -1.0,
            1.0,
            2.0,
            1.0,
            1.0,
            1.0,
            1.0,
            1.0
        ],
        [
            0.0,
            0.0,
            0.0,
            0.0,
            0.0,
            0.0,
            0.0,
            0.0,
            0.0,
            0.0,
            0.0,
            0.0,
            0.0,
