{
    "eval_chronic": "C:\\Users\\thoma\\data_grid2op\\rte_case5_example_val\\chronics\\19",
    "eval_rewards": [
        [
            0.0,
            0.020963873895786966,
            0.0
        ],
        [
            0.0,
            0.00037097167180941517,
            -1.0
        ],
        [
            0.0,
            0.00037160808848722964,
            -1.0
        ],
        [
            1.0,
            0.8833986772579608,
            0.0
        ]
    ],
    "eval_actions": [
        30,
        10,
        45,
        30
    ],
    "eval_states": [
        [
            0.6000000238418579,
            27.62779998779297,
            8.800000190734863,
            8.199999809265137,
            7.800000190734863,
            11.647566795349121,
            2.878697395324707,
            0.04644615575671196,
            -3.933140277862549,
            -15.153766632080078,
            -6.087813854217529,
            -6.087813854217529,
            -3.8668599128723145,
            -9.903950691223145,
            -2.4652864933013916,
            0.15070417523384094,
            4.018533229827881,
            15.980233192443848,
            6.1375346183776855,
            6.1375346183776855,
            3.9291815757751465,
            0.7800367474555969,
            0.9566758871078491,
            0.7726567983627319,
            0.6106828451156616,
            0.7783530950546265,
            0.39105018973350525,
            0.39105018973350525,
            0.609256386756897,
            0.0,
            0.0,
            0.0,
            0.0,
            0.0,
            0.0,
            0.0,
            0.0,
            1.0,
            1.0,
            1.0,
            1.0,
            1.0,
            1.0,
            1.0,
            1.0,
            1.0,
            1.0,
            1.0,
            1.0,
            1.0,
            1.0,
            1.0,
            1.0,
            1.0,
            1.0,
            1.0,
            1.0,
            1.0
        ],
        [
            0.6000000238418579,
            26.547882080078125,
            8.899999618530273,
            8.399999618530273,
            7.900000095367432,
            9.416829109191895,
            0.5241521000862122,
            2.3192126750946045,
            -2.3143837451934814,
            -16.853347778320312,
            -8.156338691711426,
            -8.156338691711426,
            -5.585616111755371,
            -8.245746612548828,
            -0.05425282567739487,
            -2.316892147064209,
            2.316892147064209,
            17.131053924560547,
            8.164597511291504,
            8.164597511291504,
            5.593465805053711,
            0.6369514465332031,
            1.0224649906158447,
            0.08711399137973785,
            0.08711399137973785,
            0.45354971289634705,
            0.1544668972492218,
            0.1544668972492218,
            0.20020000636577606,
            0.0,
            1.0,
            0.0,
            0.0,
            0.0,
            0.0,
            0.0,
            0.0,
            2.0,
            2.0,
            1.0,
            1.0,
            2.0,
            2.0,
            1.0,
            1.0,
            1.0,
            1.0,
            1.0,
            1.0,
            1.0,
            1.0,
            1.0,
            1.0,
            1.0,
            1.0,
            1.0,
            1.0,
            1.0
        ],
        [
            0.6000000238418579,
            26.215551376342773,
            8.800000190734863,
            8.300000190734863,
            7.800000190734863,
            9.290724754333496,
            0.5096773505210876,
            2.2898306846618652,
            -2.285079002380371,
            -16.65463638305664,
            9.250714343850275e-13,
            -16.112422943115234,
            -5.514921188354492,
            -8.149008750915527,
            -0.05099168047308922,
            -2.287557363510132,
            2.287557363510132,
            16.92482566833496,
            5.7985114835901186e-05,
            16.144899368286133,
            5.522592544555664,
            0.6287526488304138,
            1.009717583656311,
            0.08623530715703964,
            0.08623530715703964,
            0.44745153188705444,
            0.02586553618311882,
            0.30528077483177185,
            0.19786211848258972,
            0.0,
            2.0,
            0.0,
            0.0,
            0.0,
            0.0,
            0.0,
            0.0,
            2.0,
            2.0,
            1.0,
            1.0,
            2.0,
            2.0,
            1.0,
            1.0,
            1.0,
            1.0,
            1.0,
            1.0,
            1.0,
            2.0,
            1.0,
            2.0,
            2.0,
            2.0,
            1.0,
            1.0,
            1.0
        ],
        [
            1.0,
            25.191537857055664,
            8.699999809265137,
            8.399999618530273,
            8.0,
            8.710983276367188,
            0.0,
            2.3486077785491943,
            -2.3436896800994873,
            -16.44683074951172,
            -5.868790859526568e-17,
            -16.412996292114258,
            -5.656310081481934,
            -7.699999809265137,
            0.0,
            -2.346238613128662,
            2.346238613128662,
            16.480554580688477,
            5.7911212934413925e-05,
            16.4467716217041,
            5.664388179779053,
            0.5909033417701721,
            0.0,
            0.08827756345272064,
            0.08827756345272064,
            0.15658321976661682,
            0.025849048048257828,
            0.3112711012363434,
            0.20295730233192444,
            0.0,
            0.0,
            0.0,
            0.0,
            0.0,
            0.0,
            0.0,
            0.0,
            2.0,
            -1.0,
            1.0,
            1.0,
            2.0,
            2.0,
            1.0,
            1.0,
            1.0,
            -1.0,
            1.0,
            1.0,
            1.0,
            2.0,
            1.0,
            2.0,
            2.0,
            2.0,
            1.0,
            1.0,
            1.0
        ]
    ],
    "eval_steps": 2016
}