{
    "eval_chronic": "C:\\Users\\thoma\\data_grid2op\\rte_case5_example_val\\chronics\\12",
    "eval_rewards": [
        [
            1.0,
            0.6432643432247558,
            0.0
        ]
    ],
    "eval_actions": [
        3
    ],
    "eval_states": [
        [
            0.699999988079071,
            25.263317108154297,
            8.0,
            8.199999809265137,
            8.300000190734863,
            7.161384105682373,
            -1.8440346717834473,
            -4.953701972961426,
            8.020849227905273,
            -17.83588409423828,
            -9.8240385055542,
            -9.8240385055542,
            -16.320850372314453,
            -6.46444845199585,
            2.0608601570129395,
            5.103588581085205,
            -8.0,
            18.1019344329834,
            9.839959144592285,
            9.839959144592285,
            16.40178108215332,
            0.4884357154369354,
            0.6820009350776672,
            0.6672409772872925,
            0.3506942093372345,
            0.4439827501773834,
            0.22100913524627686,
            0.22100913524627686,
            0.6218745708465576,
            0.0,
            0.0,
            0.0,
            0.0,
            0.0,
            0.0,
            0.0,
            0.0,
            2.0,
            2.0,
            2.0,
            1.0,
            2.0,
            1.0,
            1.0,
            1.0,
            1.0,
            1.0,
            1.0,
            1.0,
            1.0,
            1.0,
            1.0,
            1.0,
            1.0,
            1.0,
            1.0,
            1.0,
            1.0
        ]
    ],
    "eval_steps": 2016
}