{
    "eval_chronic": "C:\\Users\\thoma\\data_grid2op\\rte_case5_example_val\\chronics\\12",
    "eval_rewards": [
        [
            0.0,
            0.0003161354422703234,
            -1.0
        ],
        [
            0.0,
            0.0002909542276770575,
            -1.0
        ],
        [
            0.0,
            4.655858048775835e-05,
            -1.0
        ],
        [
            0.0,
            0.0,
            -1.0
        ],
        [
            0.001240079365079365,
            0.0,
            -1.0
        ]
    ],
    "eval_actions": [
        50,
        24,
        32,
        34,
        44
    ],
    "eval_states": [
        [
            0.30000001192092896,
            27.655668258666992,
            7.800000190734863,
            8.300000190734863,
            8.100000381469727,
            13.543827056884766,
            5.357969760894775,
            -2.3756279945373535,
            -5.727036476135254,
            -13.663393020629883,
            -4.150000095367432,
            -4.150000095367432,
            -2.3729639053344727,
            -11.2382230758667,
            -4.375067234039307,
            2.377977132797241,
            5.7353129386901855,
            14.11184024810791,
            4.152711391448975,
            4.152711391448975,
            2.3756279945373535,
            0.8989037275314331,
            1.4964956045150757,
            0.13487061858177185,
            0.20391280949115753,
            0.5749689936637878,
            0.08324697613716125,
            0.08324697613716125,
            0.08987759798765182,
            0.0,
            1.0,
            0.0,
            0.0,
            0.0,
            0.0,
            0.0,
            0.0,
            1.0,
            1.0,
            1.0,
            1.0,
            1.0,
            1.0,
            1.0,
            1.0,
            1.0,
            1.0,
            1.0,
            1.0,
            1.0,
            2.0,
            1.0,
            1.0,
            2.0,
            1.0,
            1.0,
            1.0,
            1.0
        ],
        [
            0.30000001192092896,
            25.315765380859375,
            8.0,
            8.100000381469727,
            8.199999809265137,
            13.113707542419434,
            3.8054511547088623,
            -3.3684544563293457,
            -4.937605857849121,
            -11.910566329956055,
            -4.050000190734863,
            -4.050000190734863,
            -3.2623939514160156,
            -13.019129753112793,
            -3.174936056137085,
            3.474936008453369,
            5.019129753112793,
            12.202058792114258,
            4.052557468414307,
            4.052557468414307,
            3.3684544563293457,
            0.17525407671928406,
            1.1907281875610352,
            0.5511919856071472,
            0.6895973682403564,
            0.4647495448589325,
            0.08083537966012955,
            0.08083537966012955,
            0.6855518221855164,
            0.0,
            2.0,
            0.0,
            0.0,
            0.0,
            0.0,
            0.0,
            0.0,
            2.0,
            1.0,
            1.0,
            2.0,
            1.0,
            2.0,
            1.0,
            1.0,
            1.0,
            1.0,
            1.0,
            1.0,
            1.0,
            2.0,
            1.0,
            1.0,
            2.0,
            1.0,
            1.0,
            1.0,
            1.0
        ],
        [
            0.30000001192092896,
            27.19440460205078,
            7.900000095367432,
            8.100000381469727,
            8.300000190734863,
            19.075931549072266,
            0.0,
            0.6742632985115051,
            -9.75291919708252,
            -8.109750747680664,
            5.790169961983338e-05,
            -8.100058555603027,
            1.452919363975525,
            -18.371488571166992,
            0.0,
            0.30000001192092896,
            10.471487998962402,
            8.118473052978516,
            1.8514595238883214e-12,
            8.109750747680664,
            -0.6742632985115051,
            0.4918816089630127,
            0.0,
            1.8015081882476807,
            1.956294298171997,
            0.07787689566612244,
            3.5074773760326167e-14,
            0.16245275735855103,
            1.938537359237671,
            0.0,
            0.0,
            1.0,
            1.0,
            0.0,
            0.0,
            0.0,
            1.0,
            2.0,
            -1.0,
            1.0,
            2.0,
            1.0,
            2.0,
            1.0,
            1.0,
            1.0,
            -1.0,
            2.0,
            1.0,
            2.0,
            2.0,
            1.0,
            1.0,
            2.0,
            1.0,
            1.0,
            1.0,
            1.0
        ],
        [
            0.30000001192092896,
            26.874805450439453,
            7.800000190734863,
            8.100000381469727,
            8.199999809265137,
            18.756332397460938,
            0.0,
            0.6339487433433533,
            -9.58226490020752,
            -8.109750747680664,
            5.790169961983338e-05,
            -8.100058555603027,
            1.382265329360962,
            -18.076576232910156,
            0.0,
            0.30000001192092896,
            10.276576042175293,
            8.118473052978516,
            1.8514595238883214e-12,
            8.109750747680664,
            -0.6339487433433533,
            0.48297441005706787,
            0.0,
            1.7624075412750244,
            1.9238042831420898,
            0.07787689566612244,
            3.5074773760326167e-14,
            0.16245275735855103,
            1.899439811706543,
            0.0,
            0.0,
            2.0,
            2.0,
            0.0,
            0.0,
            0.0,
            2.0,
            2.0,
            -1.0,
            1.0,
            2.0,
            1.0,
            2.0,
            1.0,
            1.0,
            1.0,
            -1.0,
            2.0,
            1.0,
            2.0,
            2.0,
            1.0,
            1.0,
            2.0,
            1.0,
            1.0,
            1.0,
            1.0
        ],
        [
            0.0,
            0.0,
            0.0,
            0.0,
            0.0,
            0.0,
            0.0,
            0.0,
            0.0,
            0.0,
            0.0,
            0.0,
            0.0,
            0.0,
            0.0,
            0.0,
            0.0,
            0.0,
            0.0,
            0.0,
            0.0,
            0.0,
            0.0,
            0.0,
            0.0,
            0.0,
            0.0,
            0.0,
            0.0,
            0.0,
            0.0,
            0.0,
            0.0,
            0.0,
            0.0,
            0.0,
            0.0,
            -1.0,
            -1.0,
            -1.0,
            -1.0,
            -1.0,
            -1.0,
            -1.0,
            -1.0,
            -1.0,
            -1.0,
            -1.0,
            -1.0,
            -1.0,
            -1.0,
            -1.0,
            -1.0,
            -1.0,
            -1.0,
            -1.0,
            -1.0,
            -1.0
        ]
    ],
    "eval_steps": 5
}