{
    "eval_chronic": "C:\\Users\\thoma\\data_grid2op\\rte_case5_example_val\\chronics\\07",
    "eval_rewards": [
        [
            0.0,
            0.12426811522851783,
            0.0
        ],
        [
            0.0,
            0.00031413651634573474,
            -0.8333333333333334
        ],
        [
            0.0,
            0.019265691853818767,
            0.0
        ],
        [
            0.0,
            0.000280272581465773,
            -1.0
        ],
        [
            1.0,
            0.7322677284574864,
            0.0
        ]
    ],
    "eval_actions": [
        37,
        52,
        20,
        1,
        18
    ],
    "eval_states": [
        [
            5.699999809265137,
            23.387210845947266,
            9.600000381469727,
            9.300000190734863,
            8.0,
            10.04403018951416,
            -9.275740982597758e-13,
            -0.20912691950798035,
            -4.23629093170166,
            -13.065556526184082,
            -6.469029426574707,
            -6.469029426574707,
            -3.76370906829834,
            -8.722034454345703,
            0.0006492077955044806,
            0.4731576442718506,
            4.348227500915527,
            13.343180656433105,
            6.532778263092041,
            6.532778263092041,
            3.8471858501434326,
            0.6775510907173157,
            0.07894150167703629,
            0.9049559831619263,
            0.7058969736099243,
            0.453656405210495,
            0.44122394919395447,
            0.44122394919395447,
            0.6980827450752258,
            0.0,
            0.0,
            0.0,
            0.0,
            0.0,
            0.0,
            0.0,
            0.0,
            1.0,
            1.0,
            1.0,
            1.0,
            1.0,
            1.0,
            1.0,
            1.0,
            1.0,
            2.0,
            1.0,
            1.0,
            1.0,
            1.0,
            1.0,
            1.0,
            1.0,
            1.0,
            1.0,
            1.0,
            1.0
        ],
        [
            5.699999809265137,
            23.198192596435547,
            9.800000190734863,
            9.300000190734863,
            8.0,
            9.919539451599121,
            4.637888922735811e-13,
            4.638017942794337e-13,
            -4.318963527679443,
            -13.18712043762207,
            -6.5735697746276855,
            -6.5735697746276855,
            -3.6810364723205566,
            -8.62813663482666,
            0.0006492077955044806,
            0.001311096828430891,
            4.5261759757995605,
            13.27865219116211,
            6.593560218811035,
            6.593560218811035,
            3.847139358520508,
            0.6695161461830139,
            0.07894150167703629,
            0.13720062375068665,
            0.9770753979682922,
            0.2625883221626282,
            0.2512792944908142,
            0.2512792944908142,
            0.9656818509101868,
            0.0,
            0.0,
            0.0,
            0.0,
            0.0,
            0.0,
            0.0,
            0.0,
            1.0,
            1.0,
            1.0,
            1.0,
            1.0,
            1.0,
            1.0,
            1.0,
            1.0,
            2.0,
            1.0,
            1.0,
            1.0,
            2.0,
            1.0,
            1.0,
            1.0,
            1.0,
            1.0,
            1.0,
            1.0
        ],
        [
            5.5,
            24.259475708007812,
            10.5,
            10.0,
            8.800000190734863,
            10.52963924407959,
            -1.3933517967884557e-12,
            4.626779645175438e-13,
            -5.317518711090088,
            -13.652432441711426,
            -6.809397220611572,
            -6.809397220611572,
            -3.4824814796447754,
            -10.501303672790527,
            0.0006492077955044806,
            0.001304125296883285,
            5.4993510246276855,
            13.729836463928223,
            6.826216220855713,
            6.826216220855713,
            3.6187949180603027,
            0.10424187779426575,
            0.07894150167703629,
            0.13683536648750305,
            0.9126855134963989,
            0.24170026183128357,
            0.23086774349212646,
            0.23086774349212646,
            0.8792805671691895,
            0.0,
            0.0,
            0.0,
            0.0,
            0.0,
            0.0,
            0.0,
            0.0,
            2.0,
            1.0,
            2.0,
            1.0,
            1.0,
            2.0,
            1.0,
            1.0,
            1.0,
            2.0,
            1.0,
            1.0,
            1.0,
            2.0,
            1.0,
            1.0,
            1.0,
            1.0,
            1.0,
            1.0,
            1.0
        ],
        [
            5.400000095367432,
            26.047348022460938,
            10.399999618530273,
            10.0,
            8.699999809265137,
            11.451395034790039,
            0.0,
            -2.4660921684594014e-15,
            -4.4897141456604,
            -14.479759216308594,
            -7.214132308959961,
            -7.214132308959961,
            -4.210285663604736,
            -9.76205825805664,
            0.0006492077955044806,
            0.001311096828430891,
            4.760098934173584,
            14.595952987670898,
            7.239879608154297,
            7.239879608154297,
            4.428264617919922,
            0.7675980925559998,
            0.07894150167703629,
            0.13720062375068665,
            1.1228430271148682,
            0.29517698287963867,
            0.2837827205657959,
            0.2837827205657959,
            1.0992510318756104,
            0.0,
            0.0,
            0.0,
            1.0,
            0.0,
            0.0,
            0.0,
            1.0,
            1.0,
            1.0,
            1.0,
            1.0,
            1.0,
            1.0,
            1.0,
            1.0,
            1.0,
            2.0,
            1.0,
            1.0,
            1.0,
            2.0,
            1.0,
            1.0,
            1.0,
            1.0,
            1.0,
            1.0,
            1.0
        ],
        [
            1.0,
            25.110881805419922,
            8.800000190734863,
            8.600000381469727,
            7.599999904632568,
            8.840999603271484,
            1.494215749793339e-16,
            9.757945548520444e-16,
            0.005465534050017595,
            -16.237171173095703,
            -8.110352516174316,
            -8.110352516174316,
            -7.605465412139893,
            -7.801311492919922,
            0.0006431168294511735,
            0.001311096828430891,
            -0.0006431168294511735,
            16.26988410949707,
            8.118585586547852,
            8.118585586547852,
            7.620705604553223,
            0.5994142293930054,
            0.07857030630111694,
            0.13720062375068665,
            0.1080341711640358,
            0.15395842492580414,
            0.15348778665065765,
            0.15348778665065765,
            0.29301416873931885,
            0.0,
            0.0,
            0.0,
            0.0,
            0.0,
            0.0,
            0.0,
            0.0,
            2.0,
            1.0,
            2.0,
            1.0,
            2.0,
            2.0,
            1.0,
            1.0,
            1.0,
            2.0,
            1.0,
            1.0,
            1.0,
            2.0,
            1.0,
            1.0,
            1.0,
            1.0,
            1.0,
            1.0,
            1.0
        ]
    ],
    "eval_steps": 2016
}