{
    "eval_chronic": "C:\\Users\\thoma\\data_grid2op\\rte_case5_example_val\\chronics\\07",
    "eval_rewards": [
        [
            0.0,
            0.24774031975929825,
            0.0
        ],
        [
            0.0,
            0.00025930558985403436,
            -0.8333333333333334
        ],
        [
            1.0,
            0.4596927816509545,
            0.0
        ]
    ],
    "eval_actions": [
        7,
        44,
        3
    ],
    "eval_states": [
        [
            1.2000000476837158,
            29.30265998840332,
            10.100000381469727,
            9.899999618530273,
            8.399999618530273,
            9.090909957885742,
            -1.1454010009765625,
            10.145186424255371,
            -7.560567378997803,
            -19.84961700439453,
            -10.480637550354004,
            -10.480637550354004,
            -0.839432418346405,
            -7.9950480461120605,
            1.5147509574890137,
            -10.100000381469727,
            7.680296897888184,
            20.211750030517578,
            10.497509002685547,
            10.497509002685547,
            0.9160884618759155,
            0.6157366633415222,
            0.9020529389381409,
            0.43764883279800415,
            0.7338324189186096,
            0.5170345902442932,
            0.2265576869249344,
            0.2265576869249344,
            0.6718038320541382,
            0.0,
            0.0,
            0.0,
            0.0,
            0.0,
            0.0,
            0.0,
            0.0,
            2.0,
            2.0,
            1.0,
            2.0,
            2.0,
            1.0,
            1.0,
            1.0,
            1.0,
            1.0,
            1.0,
            1.0,
            1.0,
            1.0,
            1.0,
            1.0,
            1.0,
            1.0,
            1.0,
            1.0,
            1.0
        ],
        [
            1.2000000476837158,
            29.667516708374023,
            10.0,
            10.0,
            8.699999809265137,
            9.288358688354492,
            -1.051924705505371,
            10.044845581054688,
            -7.791107177734375,
            -20.01495361328125,
            -10.044845581054688,
            -10.9766263961792,
            -0.9088927507400513,
            -8.14719009399414,
            1.4450653791427612,
            -10.0,
            7.902124881744385,
            20.379159927368164,
            10.058199882507324,
            11.008678436279297,
            0.9766259789466858,
            0.628598690032959,
            0.9318962097167969,
            0.43680381774902344,
            0.7054351568222046,
            0.5184897184371948,
            0.19345980882644653,
            0.3136192560195923,
            0.6343809962272644,
            0.0,
            0.0,
            0.0,
            0.0,
            0.0,
            0.0,
            0.0,
            0.0,
            2.0,
            2.0,
            1.0,
            2.0,
            2.0,
            1.0,
            1.0,
            1.0,
            1.0,
            1.0,
            1.0,
            1.0,
            1.0,
            2.0,
            2.0,
            1.0,
            1.0,
            1.0,
            1.0,
            1.0,
            1.0
        ],
        [
            1.0,
            25.055376052856445,
            8.800000190734863,
            8.600000381469727,
            7.599999904632568,
            5.624898433685303,
            -3.75063419342041,
            -2.218712091445923,
            8.825796127319336,
            -19.26481819152832,
            2.218712091445923,
            -25.108097076416016,
            -16.425796508789062,
            -5.186169147491455,
            3.9065582752227783,
            2.2796108722686768,
            -8.800000190734863,
            19.430479049682617,
            -2.187875509262085,
            25.203327178955078,
            16.50809669494629,
            0.3848816156387329,
            0.5728226900100708,
            0.40015944838523865,
            0.38747936487197876,
            0.3511391580104828,
            0.3110480308532715,
            0.5188590884208679,
            0.6273631453514099,
            0.0,
            0.0,
            0.0,
            0.0,
            0.0,
            0.0,
            0.0,
            0.0,
            2.0,
            2.0,
            2.0,
            1.0,
            2.0,
            1.0,
            1.0,
            1.0,
            1.0,
            1.0,
            1.0,
            1.0,
            1.0,
            2.0,
            2.0,
            1.0,
            1.0,
            1.0,
            1.0,
            1.0,
            1.0
        ]
    ],
    "eval_steps": 2016
}