{
    "eval_chronic": "C:\\Users\\thoma\\data_grid2op\\rte_case5_example_val\\chronics\\19",
    "eval_rewards": [
        [
            1.0,
            0.9597582411634392,
            0.0
        ]
    ],
    "eval_actions": [
        26
    ],
    "eval_states": [
        [
            1.0,
            25.170894622802734,
            8.699999809265137,
            8.399999618530273,
            8.0,
            8.710983276367188,
            3.3824307918548584,
            0.36736828088760376,
            -3.7408270835876465,
            -16.424114227294922,
            -6.515563011169434,
            -6.515563011169434,
            -4.2591729164123535,
            -7.699999809265137,
            -3.3787312507629395,
            -0.3668172359466553,
            3.7455484867095947,
            16.459911346435547,
            6.5208420753479,
            6.5208420753479,
            4.263758182525635,
            0.5909033417701721,
            0.08725284785032272,
            0.028961187228560448,
            0.1364140808582306,
            0.16244961321353912,
            0.12349545955657959,
            0.12349545955657959,
            0.1540462225675583,
            0.0,
            0.0,
            0.0,
            0.0,
            0.0,
            0.0,
            0.0,
            0.0,
            2.0,
            1.0,
            1.0,
            1.0,
            2.0,
            2.0,
            1.0,
            1.0,
            1.0,
            1.0,
            1.0,
            1.0,
            1.0,
            1.0,
            1.0,
            1.0,
            1.0,
            1.0,
            1.0,
            1.0,
            1.0
        ]
    ],
    "eval_steps": 2016
}