{
    "eval_chronic": "C:\\Users\\thoma\\data_grid2op\\rte_case5_example_val\\chronics\\19",
    "eval_rewards": [
        [
            0.00021008535549027683,
            0.9523809523809523,
            -1.0
        ],
        [
            0.00018171704340864213,
            0.8571428571428572,
            -1.0
        ],
        [
            0.0,
            0.0,
            -1.0
        ]
    ],
    "eval_actions": [
        37,
        28,
        29
    ],
    "eval_states": [
        [
            2.0,
            25.50863265991211,
            8.600000381469727,
            8.199999809265137,
            7.800000190734863,
            11.72707748413086,
            0.0,
            0.6701554656028748,
            -3.544297933578491,
            -13.410122871398926,
            -6.618826389312744,
            -6.618826389312744,
            -4.255702495574951,
            -9.961252212524414,
            0.0006492077955044806,
            -0.32449933886528015,
            3.6851015090942383,
            13.78155517578125,
            6.705061435699463,
            6.705061435699463,
            4.367496967315674,
            0.785070538520813,
            0.07894150167703629,
            1.0453158617019653,
            0.7969982028007507,
            0.523811936378479,
            0.5112708806991577,
            0.5112708806991577,
            0.8004233241081238,
            0.0,
            0.0,
            1.0,
            0.0,
            0.0,
            0.0,
            0.0,
            0.0,
            1.0,
            1.0,
            1.0,
            1.0,
            1.0,
            1.0,
            1.0,
            1.0,
            1.0,
            2.0,
            1.0,
            1.0,
            1.0,
            1.0,
            1.0,
            1.0,
            1.0,
            1.0,
            1.0,
            1.0,
            1.0
        ],
        [
            1.899999976158142,
            24.526418685913086,
            8.600000381469727,
            8.199999809265137,
            7.800000190734863,
            8.623894691467285,
            4.636990119134821e-13,
            1.7286678552627563,
            -2.8675336837768555,
            -15.317662239074707,
            -7.521005630493164,
            -7.521005630493164,
            -4.932466506958008,
            -8.600000381469727,
            0.0006492077955044806,
            -1.1818840503692627,
            3.0812346935272217,
            15.902523040771484,
            7.6588311195373535,
            7.6588311195373535,
            5.113343715667725,
            0.0996948704123497,
            0.07894150167703629,
            1.3324261903762817,
            0.9926543235778809,
            0.6557310819625854,
            0.6431236267089844,
            0.6431236267089844,
            1.0053342580795288,
            0.0,
            0.0,
            2.0,
            0.0,
            0.0,
            0.0,
            0.0,
            1.0,
            2.0,
            1.0,
            1.0,
            1.0,
            1.0,
            2.0,
            1.0,
            1.0,
            1.0,
            2.0,
            1.0,
            1.0,
            1.0,
            1.0,
            1.0,
            1.0,
            1.0,
            1.0,
            1.0,
            1.0,
            1.0
        ],
        [
            0.0,
            0.0,
            0.0,
            0.0,
            0.0,
            0.0,
            0.0,
            0.0,
            0.0,
            0.0,
            0.0,
            0.0,
            0.0,
            0.0,
            0.0,
            0.0,
            0.0,
            0.0,
            0.0,
            0.0,
            0.0,
            0.0,
            0.0,
            0.0,
            0.0,
            0.0,
            0.0,
            0.0,
            0.0,
            0.0,
            0.0,
            0.0,
            0.0,
            0.0,
            0.0,
            0.0,
            0.0,
            -1.0,
            -1.0,
            -1.0,
            -1.0,
            -1.0,
            -1.0,
            -1.0,
            -1.0,
            -1.0,
            -1.0,
            -1.0,
            -1.0,
            -1.0,
            -1.0,
            -1.0,
            -1.0,
            -1.0,
            -1.0,
            -1.0,
            -1.0,
            -1.0
        ]
    ],
    "eval_steps": 3
}