{
    "eval_chronic": "C:\\Users\\thoma\\data_grid2op\\rte_case5_example_val\\chronics\\12",
    "eval_rewards": [
        [
            0.0,
            0.00024104464814325157,
            -1.0
        ],
        [
            0.0,
            0.02020066152481233,
            0.0
        ],
        [
            0.0,
            0.00018982292131594348,
            -1.0
        ],
        [
            0.0,
            0.00030595904729864874,
            -1.0
        ],
        [
            0.021577380952380952,
            0.0,
            -1.0
        ]
    ],
    "eval_actions": [
        52,
        38,
        44,
        50,
        28
    ],
    "eval_states": [
        [
            0.30000001192092896,
            26.88353157043457,
            7.800000190734863,
            8.300000190734863,
            8.100000381469727,
            11.268622398376465,
            2.738544225692749,
            4.637808149673961e-13,
            -4.202232837677002,
            -15.07256031036377,
            -6.152819633483887,
            -6.152819633483887,
            -3.8977675437927246,
            -9.629189491271973,
            -2.216287612915039,
            0.001311096828430891,
            4.344165325164795,
            15.614909172058105,
            6.167007923126221,
            6.167007923126221,
            4.005638599395752,
            0.7559844255447388,
            1.0801178216934204,
            0.13720062375068665,
            0.800613284111023,
            0.6316761374473572,
            0.21301577985286713,
            0.21301577985286713,
            0.7872083187103271,
            0.0,
            1.0,
            0.0,
            0.0,
            0.0,
            0.0,
            0.0,
            0.0,
            1.0,
            1.0,
            1.0,
            1.0,
            1.0,
            1.0,
            1.0,
            1.0,
            1.0,
            1.0,
            1.0,
            1.0,
            1.0,
            2.0,
            1.0,
            1.0,
            1.0,
            1.0,
            1.0,
            1.0,
            1.0
        ],
        [
            0.5,
            28.24102783203125,
            8.300000190734863,
            8.399999618530273,
            8.5,
            11.84891128540039,
            2.861738920211792,
            -0.040393561124801636,
            -4.3463640213012695,
            -15.54110336303711,
            -6.288527488708496,
            -6.288527488708496,
            -4.1536359786987305,
            -10.048818588256836,
            -2.4337079524993896,
            0.24516801536083221,
            4.437358856201172,
            16.39211654663086,
            6.339682102203369,
            6.339682102203369,
            4.217449188232422,
            0.7927752733230591,
            0.9741305708885193,
            0.7887710928916931,
            0.6321009993553162,
            0.7897309064865112,
            0.3964475393295288,
            0.3964475393295288,
            0.615761399269104,
            0.0,
            0.0,
            0.0,
            0.0,
            0.0,
            0.0,
            0.0,
            0.0,
            1.0,
            1.0,
            1.0,
            1.0,
            1.0,
            1.0,
            1.0,
            1.0,
            1.0,
            1.0,
            1.0,
            1.0,
            1.0,
            1.0,
            1.0,
            1.0,
            1.0,
            1.0,
            1.0,
            1.0,
            1.0
        ],
        [
            0.5,
            27.782169342041016,
            8.199999809265137,
            8.300000190734863,
            8.399999618530273,
            11.541440963745117,
            2.6736528873443604,
            1.4941813945770264,
            -5.612246513366699,
            -15.436070442199707,
            -1.4941813945770264,
            -11.158753395080566,
            -2.787753105163574,
            -9.82728099822998,
            -2.262974262237549,
            -1.3275500535964966,
            5.717805862426758,
            16.2407283782959,
            1.5681428909301758,
            11.19427490234375,
            2.858753204345703,
            0.7733109593391418,
            0.9533661603927612,
            0.7049449682235718,
            0.6850537061691284,
            0.7680916786193848,
            0.47480538487434387,
            0.3299250602722168,
            0.6478289365768433,
            0.0,
            0.0,
            0.0,
            0.0,
            0.0,
            0.0,
            0.0,
            0.0,
            1.0,
            1.0,
            1.0,
            1.0,
            1.0,
            1.0,
            1.0,
            1.0,
            1.0,
            1.0,
            1.0,
            1.0,
            1.0,
            2.0,
            2.0,
            1.0,
            1.0,
            1.0,
            1.0,
            1.0,
            1.0
        ],
        [
            0.5,
            28.768753051757812,
            8.199999809265137,
            8.5,
            8.5,
            14.146451950073242,
            5.631801605224609,
            -2.493037223815918,
            -6.0098347663879395,
            -14.137487411499023,
            -4.25,
            -4.25,
            -2.4901652336120605,
            -11.6484956741333,
            -4.566043853759766,
            2.495544672012329,
            6.01899528503418,
            14.622300148010254,
            4.252842903137207,
            4.252842903137207,
            2.493037223815918,
            0.9361745119094849,
            1.559920310974121,
            0.13591237366199493,
            0.2134823054075241,
            0.5975779891014099,
            0.08534794300794601,
            0.08534794300794601,
            0.09450569748878479,
            0.0,
            1.0,
            0.0,
            0.0,
            0.0,
            0.0,
            0.0,
            0.0,
            1.0,
            1.0,
            1.0,
            1.0,
            1.0,
            1.0,
            1.0,
            1.0,
            1.0,
            1.0,
            1.0,
            1.0,
            1.0,
            2.0,
            1.0,
            1.0,
            2.0,
            1.0,
            1.0,
            1.0,
            1.0
        ],
        [
            0.0,
            0.0,
            0.0,
            0.0,
            0.0,
            0.0,
            0.0,
            0.0,
            0.0,
            0.0,
            0.0,
            0.0,
            0.0,
            0.0,
            0.0,
            0.0,
            0.0,
            0.0,
            0.0,
            0.0,
            0.0,
            0.0,
            0.0,
            0.0,
            0.0,
            0.0,
            0.0,
            0.0,
            0.0,
            0.0,
            0.0,
            0.0,
            0.0,
            0.0,
            0.0,
            0.0,
            0.0,
            -1.0,
            -1.0,
            -1.0,
            -1.0,
            -1.0,
            -1.0,
            -1.0,
            -1.0,
            -1.0,
            -1.0,
            -1.0,
            -1.0,
            -1.0,
            -1.0,
            -1.0,
            -1.0,
            -1.0,
            -1.0,
            -1.0,
            -1.0,
            -1.0
        ]
    ],
    "eval_steps": 87
}