{
    "eval_chronic": "C:\\Users\\thoma\\data_grid2op\\rte_case5_example_val\\chronics\\19",
    "eval_rewards": [
        [
            0.06069183323104761,
            0.0,
            0.0
        ],
        [
            0.0,
            0.06944444444444445,
            -1.0
        ]
    ],
    "eval_actions": [
        16,
        5
    ],
    "eval_states": [
        [
            0.5,
            28.749420166015625,
            10.0,
            9.5,
            9.100000381469727,
            13.042945861816406,
            -0.08960198611021042,
            0.9220516681671143,
            -3.9040141105651855,
            -15.56716251373291,
            -7.816053867340088,
            -7.816053867340088,
            -5.195986270904541,
            -12.995939254760742,
            0.5,
            -0.9126372933387756,
            3.908576488494873,
            15.706475257873535,
            7.8283820152282715,
            7.8283820152282715,
            5.210055828094482,
            0.126540407538414,
            0.9529595375061035,
            0.2514382302761078,
            0.1775457262992859,
            0.3226960599422455,
            0.1808404177427292,
            0.1808404177427292,
            0.23452110588550568,
            0.0,
            0.0,
            0.0,
            0.0,
            0.0,
            0.0,
            0.0,
            0.0,
            2.0,
            1.0,
            2.0,
            2.0,
            1.0,
            2.0,
            1.0,
            1.0,
            1.0,
            1.0,
            1.0,
            1.0,
            1.0,
            1.0,
            1.0,
            1.0,
            1.0,
            1.0,
            1.0,
            1.0,
            1.0
        ],
        [
            0.0,
            0.0,
            0.0,
            0.0,
            0.0,
            0.0,
            0.0,
            0.0,
            0.0,
            0.0,
            0.0,
            0.0,
            0.0,
            0.0,
            0.0,
            0.0,
            0.0,
            0.0,
            0.0,
            0.0,
            0.0,
            0.0,
            0.0,
            0.0,
            0.0,
            0.0,
            0.0,
            0.0,
            0.0,
            0.0,
            0.0,
            0.0,
            0.0,
            0.0,
            0.0,
            0.0,
            0.0,
            -1.0,
            -1.0,
            -1.0,
            -1.0,
            -1.0,
            -1.0,
            -1.0,
            -1.0,
            -1.0,
            -1.0,
            -1.0,
            -1.0,
            -1.0,
            -1.0,
            -1.0,
            -1.0,
            -1.0,
            -1.0,
            -1.0,
            -1.0,
            -1.0
        ]
    ],
    "eval_steps": 140
}