{
    "eval_chronic": "C:\\Users\\thoma\\data_grid2op\\rte_case5_example_val\\chronics\\12",
    "eval_rewards": [
        [
            0.0,
            0.0003412844816433584,
            -1.0
        ],
        [
            0.0,
            0.00017842663847782058,
            -1.0
        ],
        [
            0.0,
            0.0001751698535077051,
            -1.0
        ],
        [
            0.0,
            0.0003797202382678882,
            -1.0
        ],
        [
            0.001240079365079365,
            0.0,
            -1.0
        ]
    ],
    "eval_actions": [
        18,
        28,
        38,
        10,
        17
    ],
    "eval_states": [
        [
            0.30000001192092896,
            25.891712188720703,
            7.800000190734863,
            8.300000190734863,
            8.100000381469727,
            10.07267951965332,
            3.570496082305908,
            -0.8496631979942322,
            -3.5609593391418457,
            -15.62928581237793,
            -5.9986677169799805,
            -5.9986677169799805,
            -4.539041042327881,
            -8.743599891662598,
            -3.5641326904296875,
            1.2435994148254395,
            3.5641326904296875,
            15.8190336227417,
            6.02939510345459,
            6.02939510345459,
            4.546998977661133,
            0.6793986558914185,
            0.10156649351119995,
            1.1206133365631104,
            0.13965393602848053,
            0.37584158778190613,
            0.3096998333930969,
            0.3096998333930969,
            0.17628070712089539,
            0.0,
            0.0,
            1.0,
            0.0,
            0.0,
            0.0,
            0.0,
            0.0,
            2.0,
            1.0,
            2.0,
            1.0,
            2.0,
            2.0,
            1.0,
            1.0,
            1.0,
            1.0,
            1.0,
            1.0,
            1.0,
            1.0,
            1.0,
            1.0,
            1.0,
            1.0,
            1.0,
            1.0,
            1.0
        ],
        [
            0.30000001192092896,
            26.425193786621094,
            8.0,
            8.100000381469727,
            8.199999809265137,
            8.020305633544922,
            3.860898971557617,
            0.6040430068969727,
            -3.7687463760375977,
            -17.229223251342773,
            -6.612839698791504,
            -6.612839698791504,
            -4.431253433227539,
            -8.0,
            -3.2656068801879883,
            -0.3216264247894287,
            3.887233257293701,
            18.404888153076172,
            6.684162616729736,
            6.684162616729736,
            4.521636009216309,
            0.09231884777545929,
            1.155885934829712,
            0.9382758140563965,
            0.7273560762405396,
            0.9271214604377747,
            0.46601995825767517,
            0.46601995825767517,
            0.7241862416267395,
            0.0,
            1.0,
            0.0,
            0.0,
            0.0,
            0.0,
            0.0,
            0.0,
            2.0,
            1.0,
            1.0,
            1.0,
            1.0,
            2.0,
            1.0,
            1.0,
            1.0,
            1.0,
            1.0,
            1.0,
            1.0,
            1.0,
            1.0,
            1.0,
            1.0,
            1.0,
            1.0,
            1.0,
            1.0
        ],
        [
            0.30000001192092896,
            26.464197158813477,
            7.900000095367432,
            8.100000381469727,
            8.300000190734863,
            7.919703006744385,
            3.902181386947632,
            0.6210483312606812,
            -3.8083901405334473,
            -17.351198196411133,
            -6.65223503112793,
            -6.65223503112793,
            -4.491610050201416,
            -7.900000095367432,
            -3.296283483505249,
            -0.3332471549510956,
            3.929530620574951,
            18.54449462890625,
            6.724508285522461,
            6.724508285522461,
            4.583421230316162,
            0.09099996089935303,
            1.1664862632751465,
            0.9478293657302856,
            0.7359863519668579,
            0.9340010285377502,
            0.46903255581855774,
            0.46903255581855774,
            0.7294993996620178,
            0.0,
            2.0,
            0.0,
            0.0,
            0.0,
            0.0,
            0.0,
            0.0,
            2.0,
            1.0,
            1.0,
            1.0,
            1.0,
            2.0,
            1.0,
            1.0,
            1.0,
            1.0,
            1.0,
            1.0,
            1.0,
            1.0,
            1.0,
            1.0,
            1.0,
            1.0,
            1.0,
            1.0,
            1.0
        ],
        [
            0.30000001192092896,
            25.513444900512695,
            7.800000190734863,
            8.100000381469727,
            8.199999809265137,
            8.777673721313477,
            0.15821322798728943,
            2.407377004623413,
            -2.402289628982544,
            -16.488292694091797,
            -8.156780242919922,
            -8.156780242919922,
            -5.797709941864014,
            -7.752010822296143,
            0.2520108222961426,
            -2.404933452606201,
            2.404933452606201,
            16.73577117919922,
            8.165040016174316,
            8.165040016174316,
            5.806183338165283,
            0.5952705144882202,
            0.9527466297149658,
            0.0904100313782692,
            0.0904100313782692,
            0.4284626245498657,
            0.1544743925333023,
            0.1544743925333023,
            0.20736178755760193,
            0.0,
            0.0,
            0.0,
            0.0,
            0.0,
            0.0,
            0.0,
            0.0,
            2.0,
            2.0,
            1.0,
            1.0,
            2.0,
            2.0,
            1.0,
            1.0,
            1.0,
            1.0,
            1.0,
            1.0,
            1.0,
            1.0,
            1.0,
            1.0,
            1.0,
            1.0,
            1.0,
            1.0,
            1.0
        ],
        [
            0.0,
            0.0,
            0.0,
            0.0,
            0.0,
            0.0,
            0.0,
            0.0,
            0.0,
            0.0,
            0.0,
            0.0,
            0.0,
            0.0,
            0.0,
            0.0,
            0.0,
            0.0,
            0.0,
            0.0,
            0.0,
            0.0,
            0.0,
            0.0,
            0.0,
            0.0,
            0.0,
            0.0,
            0.0,
            0.0,
            0.0,
            0.0,
            0.0,
            0.0,
            0.0,
            0.0,
            0.0,
            -1.0,
            -1.0,
            -1.0,
            -1.0,
            -1.0,
            -1.0,
            -1.0,
            -1.0,
            -1.0,
            -1.0,
            -1.0,
            -1.0,
            -1.0,
            -1.0,
            -1.0,
            -1.0,
            -1.0,
            -1.0,
            -1.0,
            -1.0,
            -1.0
        ]
    ],
    "eval_steps": 5
}