{
    "eval_chronic": "C:\\Users\\thoma\\data_grid2op\\rte_case5_example_val\\chronics\\12",
    "eval_rewards": [
        [
            0.02039873432216859,
            0.04666666666666658,
            0.0
        ],
        [
            0.7535872205555915,
            0.9200000000000278,
            0.0
        ]
    ],
    "eval_actions": [
        30,
        23
    ],
    "eval_states": [
        [
            0.5,
            28.24102783203125,
            8.300000190734863,
            8.399999618530273,
            8.5,
            11.84891128540039,
            2.861738920211792,
            -0.040393561124801636,
            -4.3463640213012695,
            -15.54110336303711,
            -6.288527488708496,
            -6.288527488708496,
            -4.1536359786987305,
            -10.048818588256836,
            -2.4337079524993896,
            0.24516801536083221,
            4.437358856201172,
            16.39211654663086,
            6.339682102203369,
            6.339682102203369,
            4.217449188232422,
            0.7927752733230591,
            0.9741305708885193,
            0.7887710928916931,
            0.6321009993553162,
            0.7897309064865112,
            0.3964475393295288,
            0.3964475393295288,
            0.615761399269104,
            0.0,
            0.0,
            0.0,
            0.0,
            0.0,
            0.0,
            0.0,
            0.0,
            1.0,
            1.0,
            1.0,
            1.0,
            1.0,
            1.0,
            1.0,
            1.0,
            1.0,
            1.0,
            1.0,
            1.0,
            1.0,
            1.0,
            1.0,
            1.0,
            1.0,
            1.0,
            1.0,
            1.0,
            1.0
        ],
        [
            0.699999988079071,
            24.756450653076172,
            8.0,
            8.199999809265137,
            8.300000190734863,
            6.898272514343262,
            5.669801712036133,
            2.343000650405884,
            -6.8309326171875,
            -17.780338287353516,
            -6.044682502746582,
            -6.044682502746582,
            -1.4690673351287842,
            -6.249395370483398,
            -5.6608967781066895,
            -2.3391032218933105,
            6.949395179748535,
            17.858177185058594,
            6.055268287658691,
            6.055268287658691,
            1.5463649034500122,
            0.47084400057792664,
            0.150570347905159,
            0.17372038960456848,
            0.7291253805160522,
            0.24151909351348877,
            0.18469998240470886,
            0.18469998240470886,
            0.6743114590644836,
            0.0,
            0.0,
            0.0,
            0.0,
            0.0,
            0.0,
            0.0,
            0.0,
            2.0,
            1.0,
            1.0,
            2.0,
            2.0,
            1.0,
            1.0,
            1.0,
            1.0,
            1.0,
            1.0,
            1.0,
            1.0,
            1.0,
            1.0,
            1.0,
            1.0,
            1.0,
            1.0,
            1.0,
            1.0
        ]
    ],
    "eval_steps": 2016
}