{
    "eval_chronic": "C:\\Users\\thoma\\data_grid2op\\rte_case5_example_val\\chronics\\19",
    "eval_rewards": [
        [
            0.00013581277738364443,
            0.0,
            -1.0
        ],
        [
            0.06023219532922336,
            0.0,
            0.0
        ],
        [
            0.734546001968452,
            0.0,
            0.0
        ],
        [
            0.07289448649248398,
            0.0,
            0.0
        ],
        [
            0.0002992710206967965,
            0.0,
            0.0
        ],
        [
            0.0002984918636600287,
            0.0,
            -1.0
        ],
        [
            0.0002873384841881598,
            0.0,
            -1.0
        ],
        [
            0.027544592857758735,
            2.0,
            0.0
        ]
    ],
    "eval_actions": [
        25,
        16,
        45,
        22,
        0,
        22,
        35,
        26
    ],
    "eval_states": [
        [
            2.0,
            25.911823272705078,
            8.600000381469727,
            8.199999809265137,
            7.800000190734863,
            6.815964698791504,
            5.9650702476501465,
            2.5141613483428955,
            -6.645111083984375,
            -17.97201919555664,
            -5.977941036224365,
            -5.977941036224365,
            -1.1548892259597778,
            -6.718832969665527,
            -4.8258585929870605,
            -1.7741416692733765,
            6.718832969665527,
            19.09585952758789,
            6.003474712371826,
            6.003474712371826,
            1.2417205572128296,
            0.1750270277261734,
            1.6141194105148315,
            1.561311960220337,
            0.6563513875007629,
            0.9065840840339661,
            0.2831985354423523,
            0.2831985354423523,
            0.6151441931724548,
            0.0,
            1.0,
            1.0,
            0.0,
            0.0,
            0.0,
            0.0,
            0.0,
            2.0,
            1.0,
            1.0,
            2.0,
            1.0,
            1.0,
            1.0,
            1.0,
            1.0,
            1.0,
            1.0,
            1.0,
            1.0,
            1.0,
            1.0,
            1.0,
            1.0,
            1.0,
            1.0,
            1.0,
            1.0
        ],
        [
            0.5,
            28.749420166015625,
            10.0,
            9.5,
            9.100000381469727,
            13.042945861816406,
            -0.08960198611021042,
            0.9220516681671143,
            -3.9040141105651855,
            -15.56716251373291,
            -7.816053867340088,
            -7.816053867340088,
            -5.195986270904541,
            -12.995939254760742,
            0.5,
            -0.9126372933387756,
            3.908576488494873,
            15.706475257873535,
            7.8283820152282715,
            7.8283820152282715,
            5.210055828094482,
            0.126540407538414,
            0.9529595375061035,
            0.2514382302761078,
            0.1775457262992859,
            0.3226960599422455,
            0.1808404177427292,
            0.1808404177427292,
            0.23452110588550568,
            0.0,
            0.0,
            0.0,
            0.0,
            0.0,
            0.0,
            0.0,
            0.0,
            2.0,
            1.0,
            2.0,
            2.0,
            1.0,
            2.0,
            1.0,
            1.0,
            1.0,
            1.0,
            1.0,
            1.0,
            1.0,
            1.0,
            1.0,
            1.0,
            1.0,
            1.0,
            1.0,
            1.0,
            1.0
        ],
        [
            8.100000381469727,
            13.216254234313965,
            7.300000190734863,
            6.900000095367432,
            6.599999904632568,
            9.138071060180664,
            -7.741600036621094,
            0.8820791840553284,
            -2.6786773204803467,
            -3.984832525253296,
            -9.26453575314512e-13,
            -11.70766830444336,
            -3.9213225841522217,
            -9.105184555053711,
            8.100000381469727,
            -0.8780012726783752,
            2.683185338973999,
            4.078183174133301,
            5.803679596283473e-05,
            11.726374626159668,
            3.925588846206665,
            0.11724655330181122,
            0.9659279584884644,
            0.057623911648988724,
            0.1175655871629715,
            0.25305479764938354,
            0.025877058506011963,
            0.23651699721813202,
            0.16905911266803741,
            0.0,
            0.0,
            0.0,
            0.0,
            0.0,
            0.0,
            0.0,
            0.0,
            2.0,
            1.0,
            2.0,
            2.0,
            1.0,
            2.0,
            1.0,
            1.0,
            1.0,
            1.0,
            1.0,
            1.0,
            1.0,
            2.0,
            1.0,
            2.0,
            2.0,
            2.0,
            1.0,
            1.0,
            1.0
        ],
        [
            3.0,
            22.85870361328125,
            8.300000190734863,
            7.900000095367432,
            7.5,
            11.057668685913086,
            1.9274115562438965,
            -1.9125117063522339,
            -3.9785215854644775,
            -11.663053512573242,
            -9.277651346825677e-13,
            -9.66956615447998,
            -3.5214784145355225,
            -9.475027084350586,
            -1.916182041168213,
            1.916182041168213,
            4.175026893615723,
            11.801034927368164,
            5.803479871246964e-05,
            9.735584259033203,
            3.6820778846740723,
            0.7425505518913269,
            0.12712180614471436,
            0.17479248344898224,
            0.9501773715019226,
            0.32150572538375854,
            0.025876613333821297,
            0.44814762473106384,
            0.950381875038147,
            0.0,
            0.0,
            0.0,
            0.0,
            0.0,
            0.0,
            0.0,
            0.0,
            2.0,
            1.0,
            1.0,
            2.0,
            2.0,
            2.0,
            1.0,
            1.0,
            1.0,
            1.0,
            1.0,
            1.0,
            1.0,
            2.0,
            1.0,
            2.0,
            2.0,
            2.0,
            1.0,
            1.0,
            1.0
        ],
        [
            3.0,
            23.132003784179688,
            8.5,
            7.900000095367432,
            7.5,
            11.26042366027832,
            1.9383336305618286,
            -1.9229178428649902,
            -3.921710968017578,
            -11.728984832763672,
            -9.277819398162412e-13,
            -9.721964836120605,
            -3.578289031982422,
            -9.623213768005371,
            -1.9267762899398804,
            1.9267762899398804,
            4.123213768005371,
            11.871580123901367,
            5.803487147204578e-05,
            9.790593147277832,
            3.744882822036743,
            0.7554629445075989,
            0.12944883108139038,
            0.17799213528633118,
            0.9627634286880493,
            0.32674500346183777,
            0.02587663009762764,
            0.4567253589630127,
            0.9670687913894653,
            0.0,
            0.0,
            0.0,
            0.0,
            0.0,
            0.0,
            0.0,
            0.0,
            2.0,
            1.0,
            1.0,
            2.0,
            2.0,
            2.0,
            1.0,
            1.0,
            1.0,
            1.0,
            1.0,
            1.0,
            1.0,
            2.0,
            1.0,
            2.0,
            2.0,
            2.0,
