{
    "eval_chronic": "C:\\Users\\thoma\\data_grid2op\\rte_case5_example_val\\chronics\\19",
    "eval_rewards": [
        [
            0.0,
            0.01997339806909594,
            0.0
        ],
        [
            1.0,
            0.9058094337942465,
            0.0
        ]
    ],
    "eval_actions": [
        0,
        27
    ],
    "eval_states": [
        [
            0.6000000238418579,
            26.318275451660156,
            8.300000190734863,
            7.800000190734863,
            7.699999809265137,
            11.069538116455078,
            2.7243635654449463,
            0.019086778163909912,
            -3.896433115005493,
            -14.494536399841309,
            -5.839785575866699,
            -5.839785575866699,
            -3.8035666942596436,
            -9.483724594116211,
            -2.349534034729004,
            0.15947841107845306,
            3.9737796783447266,
            15.248736381530762,
            5.885086536407471,
            5.885086536407471,
            3.8604843616485596,
            0.7433072924613953,
            0.9090595841407776,
            0.7320238351821899,
            0.579020082950592,
            0.7438293695449829,
            0.3738211691379547,
            0.3738211691379547,
            0.5842586159706116,
            0.0,
            0.0,
            0.0,
            0.0,
            0.0,
            0.0,
            0.0,
            0.0,
            1.0,
            1.0,
            1.0,
            1.0,
            1.0,
            1.0,
            1.0,
            1.0,
            1.0,
            1.0,
            1.0,
            1.0,
            1.0,
            1.0,
            1.0,
            1.0,
            1.0,
            1.0,
            1.0,
            1.0,
            1.0
        ],
        [
            1.0,
            24.245256423950195,
            8.699999809265137,
            8.399999618530273,
            8.0,
            -0.9852069020271301,
            7.664780616760254,
            2.9656312465667725,
            -1.9089534282684326,
            -25.151458740234375,
            -8.733402252197266,
            -8.733402252197266,
            -6.0910468101501465,
            1.0,
            -7.6476922035217285,
            -2.962386131286621,
            1.9100786447525024,
            25.230464935302734,
            8.743339538574219,
            8.743339538574219,
            6.1011738777160645,
            0.08589152246713638,
            0.21437132358551025,
            0.1396404653787613,
            0.06963352859020233,
            0.23829203844070435,
            0.16705316305160522,
            0.16705316305160522,
            0.21748502552509308,
            0.0,
            0.0,
            0.0,
            0.0,
            0.0,
            0.0,
            0.0,
            0.0,
            2.0,
            1.0,
            1.0,
            1.0,
            2.0,
            1.0,
            1.0,
            1.0,
            1.0,
            1.0,
            1.0,
            1.0,
            1.0,
            1.0,
            1.0,
            1.0,
            1.0,
            1.0,
            1.0,
            1.0,
            1.0
        ]
    ],
    "eval_steps": 2016
}