{
    "eval_chronic": "C:\\Users\\thoma\\data_grid2op\\rte_case5_example_val\\chronics\\12",
    "eval_rewards": [
        [
            0.8643516263063334,
            2.0,
            0.0
        ]
    ],
    "eval_actions": [
        19
    ],
    "eval_states": [
        [
            0.699999988079071,
            24.42049789428711,
            8.0,
            8.199999809265137,
            8.300000190734863,
            5.028812885284424,
            8.66846752166748,
            -5.24200439453125,
            -0.6464042663574219,
            -19.317121505737305,
            -5.3153276443481445,
            -5.3153276443481445,
            -7.653595924377441,
            -4.675327777862549,
            -8.646784782409668,
            5.3753275871276855,
            0.6467851996421814,
            19.391685485839844,
            5.324326515197754,
            5.324326515197754,
            7.6726603507995605,
            0.34415900707244873,
            0.23909421265125275,
            0.6261293888092041,
            0.08882366865873337,
            0.23591738939285278,
            0.17139208316802979,
            0.17139208316802979,
            0.29060548543930054,
            0.0,
            0.0,
            0.0,
            0.0,
            0.0,
            0.0,
            0.0,
            0.0,
            2.0,
            1.0,
            2.0,
            1.0,
            2.0,
            1.0,
            1.0,
            1.0,
            1.0,
            1.0,
            1.0,
            1.0,
            1.0,
            1.0,
            1.0,
            1.0,
            1.0,
            1.0,
            1.0,
            1.0,
            1.0
        ]
    ],
    "eval_steps": 2016
}