{
    "eval_chronic": "C:\\Users\\thoma\\data_grid2op\\rte_case5_example_val\\chronics\\19",
    "eval_rewards": [
        [
            1.0,
            0.943925072872328,
            0.0
        ]
    ],
    "eval_actions": [
        27
    ],
    "eval_states": [
        [
            1.0,
            24.245256423950195,
            8.699999809265137,
            8.399999618530273,
            8.0,
            -0.9852069020271301,
            7.664780616760254,
            2.9656312465667725,
            -1.9089534282684326,
            -25.151458740234375,
            -8.733402252197266,
            -8.733402252197266,
            -6.0910468101501465,
            1.0,
            -7.6476922035217285,
            -2.962386131286621,
            1.9100786447525024,
            25.230464935302734,
            8.743339538574219,
            8.743339538574219,
            6.1011738777160645,
            0.08589152246713638,
            0.21437132358551025,
            0.1396404653787613,
            0.06963352859020233,
            0.23829203844070435,
            0.16705316305160522,
            0.16705316305160522,
            0.21748502552509308,
            0.0,
            0.0,
            0.0,
            0.0,
            0.0,
            0.0,
            0.0,
            0.0,
            2.0,
            1.0,
            1.0,
            1.0,
            2.0,
            1.0,
            1.0,
            1.0,
            1.0,
            1.0,
            1.0,
            1.0,
            1.0,
            1.0,
            1.0,
            1.0,
            1.0,
            1.0,
            1.0,
            1.0,
            1.0
        ]
    ],
    "eval_steps": 2016
}