{
    "eval_chronic": "C:\\Users\\thoma\\data_grid2op\\rte_case5_example_val\\chronics\\19",
    "eval_rewards": [
        [
            0.0,
            0.00017424882295626927,
            -1.0
        ],
        [
            1.0,
            0.9436991383483897,
            0.0
        ]
    ],
    "eval_actions": [
        36,
        26
    ],
    "eval_states": [
        [
            2.0,
            26.34185791015625,
            8.600000381469727,
            8.199999809265137,
            7.800000190734863,
            13.39727783203125,
            -0.0971764624118805,
            -0.04541398584842682,
            -3.9984028339385986,
            -12.453624725341797,
            -11.983375549316406,
            -0.035429056733846664,
            -3.8015973567962646,
            -11.137466430664062,
            0.2091614007949829,
            0.24387991428375244,
            4.08442497253418,
            12.944579124450684,
            12.453624725341797,
            0.0971764624118805,
            3.8642191886901855,
            0.889803946018219,
            0.4789448082447052,
            0.7754613757133484,
            0.6131350994110107,
            0.6013515591621399,
            1.1773402690887451,
            0.4090910255908966,
            0.6106588244438171,
            0.0,
            0.0,
            0.0,
            0.0,
            0.0,
            1.0,
            0.0,
            0.0,
            1.0,
            1.0,
            1.0,
            1.0,
            1.0,
            1.0,
            1.0,
            1.0,
            1.0,
            2.0,
            1.0,
            1.0,
            2.0,
            1.0,
            1.0,
            1.0,
            1.0,
            1.0,
            1.0,
            1.0,
            1.0
        ],
        [
            1.0,
            25.195274353027344,
            8.699999809265137,
            8.399999618530273,
            8.0,
            8.710983276367188,
            1.3562513589859009,
            1.5538859367370605,
            -2.904078483581543,
            -16.448444366455078,
            -16.413835525512695,
            1.357532024383545,
            -5.095921516418457,
            -7.699999809265137,
            -1.3556015491485596,
            -1.5521528720855713,
            2.907754421234131,
            16.484291076660156,
            16.448444366455078,
            -1.3562513589859009,
            5.1024169921875,
            0.5909033417701721,
            0.04088212922215462,
            0.05642520263791084,
            0.11111863702535629,
            0.16254186630249023,
            0.3185086250305176,
            0.0493924543261528,
            0.18530341982841492,
            0.0,
            0.0,
            0.0,
            0.0,
            0.0,
            0.0,
            0.0,
            0.0,
            2.0,
            1.0,
            1.0,
            1.0,
            2.0,
            2.0,
            1.0,
            1.0,
            1.0,
            2.0,
            1.0,
            1.0,
            2.0,
            1.0,
            1.0,
            1.0,
            1.0,
            1.0,
            1.0,
            1.0,
            1.0
        ]
    ],
    "eval_steps": 2016
}