{
    "eval_chronic": "C:\\Users\\thoma\\data_grid2op\\rte_case5_example_val\\chronics\\12",
    "eval_rewards": [
        [
            0.00024104464814325157,
            0.0,
            -1.0
        ],
        [
            0.9393834493821207,
            2.0,
            0.0
        ]
    ],
    "eval_actions": [
        52,
        26
    ],
    "eval_states": [
        [
            0.30000001192092896,
            26.88353157043457,
            7.800000190734863,
            8.300000190734863,
            8.100000381469727,
            11.268622398376465,
            2.738544225692749,
            4.637808149673961e-13,
            -4.202232837677002,
            -15.07256031036377,
            -6.152819633483887,
            -6.152819633483887,
            -3.8977675437927246,
            -9.629189491271973,
            -2.216287612915039,
            0.001311096828430891,
            4.344165325164795,
            15.614909172058105,
            6.167007923126221,
            6.167007923126221,
            4.005638599395752,
            0.7559844255447388,
            1.0801178216934204,
            0.13720062375068665,
            0.800613284111023,
            0.6316761374473572,
            0.21301577985286713,
            0.21301577985286713,
            0.7872083187103271,
            0.0,
            1.0,
            0.0,
            0.0,
            0.0,
            0.0,
            0.0,
            0.0,
            1.0,
            1.0,
            1.0,
            1.0,
            1.0,
            1.0,
            1.0,
            1.0,
            1.0,
            1.0,
            1.0,
            1.0,
            1.0,
            2.0,
            1.0,
            1.0,
            1.0,
            1.0,
            1.0,
            1.0,
            1.0
        ],
        [
            0.699999988079071,
            24.768354415893555,
            8.0,
            8.199999809265137,
            8.300000190734863,
            8.202095985412598,
            3.701303482055664,
            4.626794824005853e-13,
            -3.686858892440796,
            -16.530441284179688,
            -6.409245491027832,
            -6.409245491027832,
            -4.613141059875488,
            -7.300000190734863,
            -3.6948585510253906,
            0.0013035223819315434,
            3.6935551166534424,
            16.56625747680664,
            6.41456937789917,
            6.41456937789917,
            4.6184916496276855,
            0.5574644207954407,
            0.10358668118715286,
            0.1368037313222885,
            0.1541161686182022,
            0.16234144568443298,
            0.12191838771104813,
            0.12191838771104813,
            0.1763511598110199,
            0.0,
            0.0,
            0.0,
            0.0,
            0.0,
            0.0,
            0.0,
            0.0,
            2.0,
            1.0,
            1.0,
            1.0,
            2.0,
            2.0,
            1.0,
            1.0,
            1.0,
            1.0,
            1.0,
            1.0,
            1.0,
            2.0,
            1.0,
            1.0,
            1.0,
            1.0,
            1.0,
            1.0,
            1.0
        ]
    ],
    "eval_steps": 2016
}