{
    "eval_chronic": "C:\\Users\\thoma\\data_grid2op\\rte_case5_example_val\\chronics\\19",
    "eval_rewards": [
        [
            0.0,
            0.01987255277035808,
            0.0
        ],
        [
            1.0,
            0.8957194190142389,
            0.0
        ]
    ],
    "eval_actions": [
        48,
        27
    ],
    "eval_states": [
        [
            0.6000000238418579,
            26.260448455810547,
            8.300000190734863,
            7.800000190734863,
            7.699999809265137,
            10.943015098571777,
            2.5878970623016357,
            1.4507781267166138,
            -5.120594501495361,
            -14.582386016845703,
            -10.443951606750488,
            -1.4507781267166138,
            -2.5794053077697754,
            -9.390875816345215,
            -2.2192652225494385,
            -1.3017256259918213,
            5.21186637878418,
            15.31743335723877,
            10.476738929748535,
            1.5177499055862427,
            2.643951177597046,
            0.735235869884491,
            0.901177704334259,
            0.6630240678787231,
            0.6336735486984253,
            0.7344012260437012,
            0.3175516128540039,
            0.452438622713089,
            0.6199555397033691,
            0.0,
            0.0,
            0.0,
            0.0,
            0.0,
            0.0,
            0.0,
            0.0,
            1.0,
            1.0,
            1.0,
            1.0,
            1.0,
            1.0,
            1.0,
            1.0,
            1.0,
            1.0,
            1.0,
            1.0,
            1.0,
            2.0,
            1.0,
            2.0,
            1.0,
            1.0,
            1.0,
            1.0,
            1.0
        ],
        [
            1.0,
            24.254562377929688,
            8.699999809265137,
            8.399999618530273,
            8.0,
            -0.9852069020271301,
            7.491386413574219,
            4.375190258026123,
            -3.1394832134246826,
            -25.16070556640625,
            -13.266690254211426,
            -4.375190258026123,
            -4.8605170249938965,
            1.0,
            -7.475131511688232,
            -4.3675761222839355,
            3.1427080631256104,
            25.239768981933594,
            13.291621208190918,
            4.377697944641113,
            4.8666911125183105,
            0.08589152246713638,
            0.20909316837787628,
            0.19928403198719025,
            0.11261872202157974,
            0.23838047683238983,
            0.2639733850955963,
            0.08885274082422256,
            0.17337730526924133,
            0.0,
            0.0,
            0.0,
            0.0,
            0.0,
            0.0,
            0.0,
            0.0,
            2.0,
            1.0,
            1.0,
            1.0,
            2.0,
            1.0,
            1.0,
            1.0,
            1.0,
            1.0,
            1.0,
            1.0,
            1.0,
            2.0,
            1.0,
            2.0,
            1.0,
            1.0,
            1.0,
            1.0,
            1.0
        ]
    ],
    "eval_steps": 2016
}