{
    "eval_chronic": "C:\\Users\\thoma\\data_grid2op\\rte_case5_example_val\\chronics\\12",
    "eval_rewards": [
        [
            0.0,
            0.020254637164942697,
            0.0
        ],
        [
            0.0,
            0.00018932402693442463,
            -1.0
        ],
        [
            1.0,
            0.6279550582135528,
            0.0
        ]
    ],
    "eval_actions": [
        47,
        47,
        7
    ],
    "eval_states": [
        [
            0.5,
            28.265766143798828,
            8.300000190734863,
            8.399999618530273,
            8.5,
            11.896129608154297,
            2.911104202270508,
            -0.5581699013710022,
            -3.910825729370117,
            -15.513880729675293,
            -4.657329082489014,
            -7.841829776763916,
            -4.589174270629883,
            -10.082681655883789,
            -2.4792368412017822,
            0.7569129467010498,
            4.0050048828125,
            16.3696346282959,
            4.7000274658203125,
            7.9027485847473145,
            4.657329082489014,
            0.7957585453987122,
            0.9786644577980042,
            0.7760840654373169,
            0.6435787081718445,
            0.7919116020202637,
            0.3634832799434662,
            0.4313097596168518,
            0.6345702409744263,
            0.0,
            0.0,
            0.0,
            0.0,
            0.0,
            0.0,
            0.0,
            0.0,
            1.0,
            1.0,
            1.0,
            1.0,
            1.0,
            1.0,
            1.0,
            1.0,
            1.0,
            1.0,
            1.0,
            1.0,
            1.0,
            2.0,
            1.0,
            2.0,
            1.0,
            2.0,
            1.0,
            1.0,
            1.0
        ],
        [
            0.5,
            27.871578216552734,
            8.199999809265137,
            8.300000190734863,
            8.399999618530273,
            11.725611686706543,
            2.8694651126861572,
            -0.554134726524353,
            -3.8666319847106934,
            -15.314922332763672,
            -4.5997161865234375,
            -7.745865345001221,
            -4.53336763381958,
            -9.960196495056152,
            -2.448042392730713,
            0.7495298385620117,
            3.958709239959717,
            16.145967483520508,
            4.641402721405029,
            7.804053783416748,
            4.5997161865234375,
            0.7849777936935425,
            0.966278612613678,
            0.7689394950866699,
            0.6358230710029602,
            0.7804867625236511,
            0.35930144786834717,
            0.4217904806137085,
            0.6267273426055908,
            0.0,
            0.0,
            0.0,
            0.0,
            0.0,
            0.0,
            0.0,
            0.0,
            1.0,
            1.0,
            1.0,
            1.0,
            1.0,
            1.0,
            1.0,
            1.0,
            1.0,
            1.0,
            1.0,
            1.0,
            1.0,
            2.0,
            1.0,
            2.0,
            1.0,
            2.0,
            1.0,
            1.0,
            1.0
        ],
        [
            0.699999988079071,
            25.26132583618164,
            8.0,
            8.199999809265137,
            8.300000190734863,
            7.48361349105835,
            -1.4203211069107056,
            8.027677536010742,
            -5.679739952087402,
            -17.529447555541992,
            -2.657745122909546,
            -16.227678298950195,
            -2.620260238647461,
            -6.725708484649658,
            1.6808624267578125,
            -8.0,
            5.744845867156982,
            17.777711868286133,
            2.683115005493164,
            16.266653060913086,
            2.657745122909546,
            0.5099024176597595,
            0.7513324618339539,
            0.3498224914073944,
            0.5294092893600464,
            0.4290722608566284,
            0.28322872519493103,
            0.33034852147102356,
            0.4834185540676117,
            0.0,
            0.0,
            0.0,
            0.0,
            0.0,
            0.0,
            0.0,
            0.0,
            2.0,
            2.0,
            1.0,
            2.0,
            2.0,
            1.0,
            1.0,
            1.0,
            1.0,
            1.0,
            1.0,
            1.0,
            1.0,
            2.0,
            1.0,
            2.0,
            1.0,
            2.0,
            1.0,
            1.0,
            1.0
        ]
    ],
    "eval_steps": 2016
}