{
    "eval_chronic": "C:\\Users\\thoma\\data_grid2op\\rte_case5_example_val\\chronics\\19",
    "eval_rewards": [
        [
            0.0,
            0.00021008535549027683,
            -1.0
        ],
        [
            0.0,
            0.021690959069440914,
            0.0
        ],
        [
            1.0,
            0.8583304117587477,
            0.0
        ]
    ],
    "eval_actions": [
        37,
        46,
        11
    ],
    "eval_states": [
        [
            2.0,
            25.50863265991211,
            8.600000381469727,
            8.199999809265137,
            7.800000190734863,
            11.72707748413086,
            0.0,
            0.6701554656028748,
            -3.544297933578491,
            -13.410122871398926,
            -6.618826389312744,
            -6.618826389312744,
            -4.255702495574951,
            -9.961252212524414,
            0.0006492077955044806,
            -0.32449933886528015,
            3.6851015090942383,
            13.78155517578125,
            6.705061435699463,
            6.705061435699463,
            4.367496967315674,
            0.785070538520813,
            0.07894150167703629,
            1.0453158617019653,
            0.7969982028007507,
            0.523811936378479,
            0.5112708806991577,
            0.5112708806991577,
            0.8004233241081238,
            0.0,
            0.0,
            1.0,
            0.0,
            0.0,
            0.0,
            0.0,
            0.0,
            1.0,
            1.0,
            1.0,
            1.0,
            1.0,
            1.0,
            1.0,
            1.0,
            1.0,
            2.0,
            1.0,
            1.0,
            1.0,
            1.0,
            1.0,
            1.0,
            1.0,
            1.0,
            1.0,
            1.0,
            1.0
        ],
        [
            0.6000000238418579,
            26.631677627563477,
            8.600000381469727,
            8.0,
            7.599999904632568,
            12.3349609375,
            2.60741305120344e-15,
            1.1002893447875977,
            -3.114689350128174,
            -13.997037887573242,
            -8.0,
            -5.67315673828125,
            -4.4853105545043945,
            -10.395363807678223,
            0.0006492077955044806,
            -0.8307833671569824,
            3.2254974842071533,
            14.296716690063477,
            8.0108060836792,
            5.986232280731201,
            4.572867393493652,
            0.8234100341796875,
            0.07894150167703629,
            0.9150205850601196,
            0.7016023397445679,
            0.47107258439064026,
            0.17024320363998413,
            0.9631454348564148,
            0.7134593725204468,
            0.0,
            0.0,
            0.0,
            0.0,
            0.0,
            0.0,
            0.0,
            0.0,
            1.0,
            1.0,
            1.0,
            1.0,
            1.0,
            1.0,
            1.0,
            1.0,
            1.0,
            2.0,
            1.0,
            1.0,
            1.0,
            2.0,
            1.0,
            2.0,
            2.0,
            1.0,
            1.0,
            1.0,
            1.0
        ],
        [
            1.0,
            24.291278839111328,
            8.699999809265137,
            8.399999618530273,
            8.0,
            -0.9845767617225647,
            -4.637800018157667e-13,
            7.464322566986084,
            1.258030891418457,
            -25.193952560424805,
            -8.399999618530273,
            -16.746397018432617,
            -9.258030891418457,
            0.9993507862091064,
            0.0006492077955044806,
            -7.4424052238464355,
            -1.257594347000122,
            25.275856018066406,
            8.412175178527832,
            16.781776428222656,
            9.282074928283691,
            0.08584446460008621,
            0.07894150167703629,
            0.3092711269855499,
            0.07682087272405624,
            0.24186106026172638,
            0.18092845380306244,
            0.3183436095714569,
            0.3365427255630493,
            0.0,
            0.0,
            0.0,
            0.0,
            0.0,
            0.0,
            0.0,
            0.0,
            2.0,
            2.0,
            1.0,
            1.0,
            2.0,
            1.0,
            1.0,
            1.0,
            1.0,
            2.0,
            1.0,
            1.0,
            1.0,
            2.0,
            1.0,
            2.0,
            2.0,
            1.0,
            1.0,
            1.0,
            1.0
        ]
    ],
    "eval_steps": 2016
}