{
    "eval_chronic": "C:\\Users\\thoma\\data_grid2op\\rte_case5_example_val\\chronics\\12",
    "eval_rewards": [
        [
            0.0,
            0.020289977658582238,
            0.0
        ],
        [
            0.0,
            0.00018932402693442463,
            -1.0
        ],
        [
            0.0,
            0.00021806015294410745,
            -1.0
        ],
        [
            0.021577380952380952,
            0.0,
            -1.0
        ]
    ],
    "eval_actions": [
        48,
        43,
        31,
        21
    ],
    "eval_states": [
        [
            0.5,
            28.17353057861328,
            8.300000190734863,
            8.399999618530273,
            8.5,
            11.708852767944336,
            2.71270751953125,
            1.5154050588607788,
            -5.677496910095215,
            -15.635857582092285,
            -11.294782638549805,
            -1.5154050588607788,
            -2.822503089904785,
            -9.948128700256348,
            -2.2920005321502686,
            -1.344576358795166,
            5.78470516204834,
            16.464679718017578,
            11.332120895385742,
            1.5910288095474243,
            2.8947832584381104,
            0.7839171290397644,
            0.9654141068458557,
            0.7146248817443848,
            0.6907612085342407,
            0.779445230960846,
            0.33809784054756165,
            0.47996702790260315,
            0.653208315372467,
            0.0,
            0.0,
            0.0,
            0.0,
            0.0,
            0.0,
            0.0,
            0.0,
            1.0,
            1.0,
            1.0,
            1.0,
            1.0,
            1.0,
            1.0,
            1.0,
            1.0,
            1.0,
            1.0,
            1.0,
            1.0,
            2.0,
            1.0,
            2.0,
            1.0,
            1.0,
            1.0,
            1.0,
            1.0
        ],
        [
            0.5,
            27.871578216552734,
            8.199999809265137,
            8.300000190734863,
            8.399999618530273,
            11.725611686706543,
            2.8694651126861572,
            -0.554134726524353,
            -3.8666319847106934,
            -15.314922332763672,
            -7.745865345001221,
            -4.5997161865234375,
            -4.53336763381958,
            -9.960196495056152,
            -2.448042392730713,
            0.7495298385620117,
            3.958709239959717,
            16.145967483520508,
            7.804053783416748,
            4.641402721405029,
            4.5997161865234375,
            0.7849777936935425,
            0.966278612613678,
            0.7689394950866699,
            0.6358230710029602,
            0.7804867625236511,
            0.4217904806137085,
            0.35930144786834717,
            0.6267273426055908,
            0.0,
            0.0,
            0.0,
            0.0,
            0.0,
            0.0,
            0.0,
            0.0,
            1.0,
            1.0,
            1.0,
            1.0,
            1.0,
            1.0,
            1.0,
            1.0,
            1.0,
            1.0,
            1.0,
            1.0,
            1.0,
            2.0,
            2.0,
            1.0,
            1.0,
            2.0,
            1.0,
            1.0,
            1.0
        ],
        [
            0.5,
            29.17751693725586,
            8.199999809265137,
            8.5,
            8.5,
            13.937931060791016,
            5.120004653930664,
            0.6604694128036499,
            -8.501911163330078,
            -14.385429382324219,
            -9.160469055175781,
            5.790895374957472e-05,
            0.0019109650747850537,
            -11.507265090942383,
            -4.384500026702881,
            -0.328133225440979,
            8.519898414611816,
            15.239584922790527,
            9.265424728393555,
            9.255055489348907e-13,
            -5.790895374957472e-05,
            0.9233049750328064,
            1.2892584800720215,
            1.0236427783966064,
            0.30286353826522827,
            0.791193962097168,
            0.5625095963478088,
            1.750323451172979e-14,
            0.048466019332408905,
            0.0,
            1.0,
            1.0,
            0.0,
            0.0,
            0.0,
            0.0,
            0.0,
            1.0,
            1.0,
            1.0,
            1.0,
            1.0,
            1.0,
            1.0,
            1.0,
            1.0,
            2.0,
            2.0,
            2.0,
            1.0,
            2.0,
            2.0,
            1.0,
            1.0,
            2.0,
            1.0,
            1.0,
            1.0
        ],
        [
            0.0,
            0.0,
            0.0,
            0.0,
            0.0,
            0.0,
            0.0,
            0.0,
            0.0,
            0.0,
            0.0,
            0.0,
            0.0,
            0.0,
            0.0,
            0.0,
            0.0,
            0.0,
            0.0,
            0.0,
            0.0,
            0.0,
            0.0,
            0.0,
            0.0,
            0.0,
            0.0,
            0.0,
            0.0,
            0.0,
            0.0,
            0.0,
            0.0,
            0.0,
            0.0,
            0.0,
            0.0,
            -1.0,
            -1.0,
            -1.0,
            -1.0,
            -1.0,
            -1.0,
            -1.0,
            -1.0,
            -1.0,
            -1.0,
            -1.0,
            -1.0,
            -1.0,
            -1.0,
            -1.0,
            -1.0,
            -1.0,
            -1.0,
            -1.0,
            -1.0,
            -1.0
        ]
    ],
    "eval_steps": 87
}