{
    "eval_chronic": "C:\\Users\\thoma\\data_grid2op\\rte_case5_example_val\\chronics\\19",
    "eval_rewards": [
        [
            0.020963873895786966,
            0.046111111111111026,
            0.0
        ],
        [
            0.0,
            0.0,
            -1.0
        ]
    ],
    "eval_actions": [
        30,
        34
    ],
    "eval_states": [
        [
            0.6000000238418579,
            27.62779998779297,
            8.800000190734863,
            8.199999809265137,
            7.800000190734863,
            11.647566795349121,
            2.878697395324707,
            0.04644615575671196,
            -3.933140277862549,
            -15.153766632080078,
            -6.087813854217529,
            -6.087813854217529,
            -3.8668599128723145,
            -9.903950691223145,
            -2.4652864933013916,
            0.15070417523384094,
            4.018533229827881,
            15.980233192443848,
            6.1375346183776855,
            6.1375346183776855,
            3.9291815757751465,
            0.7800367474555969,
            0.9566758871078491,
            0.7726567983627319,
            0.6106828451156616,
            0.7783530950546265,
            0.39105018973350525,
            0.39105018973350525,
            0.609256386756897,
            0.0,
            0.0,
            0.0,
            0.0,
            0.0,
            0.0,
            0.0,
            0.0,
            1.0,
            1.0,
            1.0,
            1.0,
            1.0,
            1.0,
            1.0,
            1.0,
            1.0,
            1.0,
            1.0,
            1.0,
            1.0,
            1.0,
            1.0,
            1.0,
            1.0,
            1.0,
            1.0,
            1.0,
            1.0
        ],
        [
            0.0,
            0.0,
            0.0,
            0.0,
            0.0,
            0.0,
            0.0,
            0.0,
            0.0,
            0.0,
            0.0,
            0.0,
            0.0,
            0.0,
            0.0,
            0.0,
            0.0,
            0.0,
            0.0,
            0.0,
            0.0,
            0.0,
            0.0,
            0.0,
            0.0,
            0.0,
            0.0,
            0.0,
            0.0,
            0.0,
            0.0,
            0.0,
            0.0,
            0.0,
            0.0,
            0.0,
            0.0,
            -1.0,
            -1.0,
            -1.0,
            -1.0,
            -1.0,
            -1.0,
            -1.0,
            -1.0,
            -1.0,
            -1.0,
            -1.0,
            -1.0,
            -1.0,
            -1.0,
            -1.0,
            -1.0,
            -1.0,
            -1.0,
            -1.0,
            -1.0,
            -1.0
        ]
    ],
    "eval_steps": 84
}