{
    "eval_chronic": "C:\\Users\\thoma\\data_grid2op\\rte_case5_example_val\\chronics\\12",
    "eval_rewards": [
        [
            0.0,
            0.00019422744211347937,
            -1.0
        ],
        [
            1.0,
            0.7865062424317224,
            0.0
        ]
    ],
    "eval_actions": [
        20,
        51
    ],
    "eval_states": [
        [
            0.30000001192092896,
            25.980878829956055,
            7.800000190734863,
            8.300000190734863,
            8.100000381469727,
            9.274837493896484,
            4.199976444244385,
            -1.3111532926559448,
            -3.4187796115875244,
            -16.083478927612305,
            -5.933969974517822,
            -5.933969974517822,
            -4.681220531463623,
            -9.204680442810059,
            -3.358767509460449,
            1.4046802520751953,
            3.6587674617767334,
            16.70604133605957,
            5.941751003265381,
            5.941751003265381,
            4.879092693328857,
            0.14839403331279755,
            1.3814526796340942,
            0.647668719291687,
            1.054890751838684,
            0.6763303875923157,
            0.15868434309959412,
            0.15868434309959412,
            1.0494391918182373,
            0.0,
            1.0,
            0.0,
            1.0,
            0.0,
            0.0,
            0.0,
            1.0,
            2.0,
            1.0,
            2.0,
            1.0,
            1.0,
            2.0,
            1.0,
            1.0,
            1.0,
            1.0,
            1.0,
            1.0,
            1.0,
            1.0,
            1.0,
            1.0,
            1.0,
            1.0,
            1.0,
            1.0,
            1.0
        ],
        [
            0.699999988079071,
            24.52459716796875,
            8.0,
            8.199999809265137,
            8.300000190734863,
            16.30521011352539,
            2.8412561416625977,
            -8.199999809265137,
            -3.2586278915405273,
            -7.941667079925537,
            -2.5424537658691406,
            -2.5424537658691406,
            -5.041372299194336,
            -16.22941780090332,
            -2.6201722621917725,
            8.22941780090332,
            3.3201723098754883,
            8.219388008117676,
            2.5502054691314697,
            2.5502054691314697,
            5.084907531738281,
            0.1704697161912918,
            0.6891161203384399,
            0.30147677659988403,
            0.5112429857254028,
            0.453896164894104,
            0.16184450685977936,
            0.16184450685977936,
            0.5150078535079956,
            0.0,
            0.0,
            0.0,
            0.0,
            0.0,
            0.0,
            0.0,
            0.0,
            2.0,
            1.0,
            2.0,
            1.0,
            1.0,
            2.0,
            1.0,
            1.0,
            1.0,
            1.0,
            1.0,
            1.0,
            1.0,
            2.0,
            1.0,
            1.0,
            1.0,
            2.0,
            1.0,
            1.0,
            1.0
        ]
    ],
    "eval_steps": 2016
}