{
    "eval_chronic": "C:\\Users\\thoma\\data_grid2op\\rte_case5_example_val\\chronics\\19",
    "eval_rewards": [
        [
            0.0,
            0.00013714469212623714,
            -1.0
        ],
        [
            0.0,
            7.044180624417938e-05,
            -1.0
        ],
        [
            0.000744047619047619,
            0.0,
            -1.0
        ]
    ],
    "eval_actions": [
        40,
        36,
        43
    ],
    "eval_states": [
        [
            2.0,
            27.852882385253906,
            8.600000381469727,
            8.199999809265137,
            7.800000190734863,
            14.98206901550293,
            7.035360813140869,
            4.645751953125,
            -16.02174949645996,
            -11.771077156066895,
            -2.3228759765625,
            -2.3228759765625,
            8.221749305725098,
            -12.206798553466797,
            -6.270693778991699,
            -4.221147537231445,
            16.0986385345459,
            12.870814323425293,
            2.367858409881592,
            2.367858409881592,
            -8.199999809265137,
            0.9874666333198547,
            1.3154834508895874,
            1.166517972946167,
            0.6061027646064758,
            0.8969480395317078,
            0.3730641305446625,
            0.3730641305446625,
            0.3576045632362366,
            0.0,
            1.0,
            1.0,
            0.0,
            0.0,
            0.0,
            0.0,
            0.0,
            1.0,
            1.0,
            1.0,
            1.0,
            1.0,
            1.0,
            1.0,
            1.0,
            1.0,
            1.0,
            1.0,
            1.0,
            1.0,
            2.0,
            2.0,
            2.0,
            1.0,
            1.0,
            1.0,
            1.0,
            1.0
        ],
        [
            1.899999976158142,
            29.256189346313477,
            8.600000381469727,
            8.199999809265137,
            7.800000190734863,
            18.600324630737305,
            4.161683559417725,
            4.925049781799316,
            -16.021530151367188,
            -9.931410789489746,
            -9.232464790344238,
            4.307414531707764,
            8.221529006958008,
            -14.489352226257324,
            -3.876396417617798,
            -4.431958198547363,
            16.097705841064453,
            10.655864715576172,
            9.931410789489746,
            -4.161683559417725,
            -8.199999809265137,
            1.2046151161193848,
            0.7882723212242126,
            1.262334942817688,
            0.6036851406097412,
            0.7292010188102722,
            1.4327367544174194,
            0.6355004906654358,
            0.3555569350719452,
            1.0,
            0.0,
            2.0,
            0.0,
            0.0,
            1.0,
            0.0,
            0.0,
            1.0,
            1.0,
            1.0,
            1.0,
            1.0,
            1.0,
            1.0,
            1.0,
            1.0,
            2.0,
            1.0,
            1.0,
            2.0,
            2.0,
            2.0,
            2.0,
            1.0,
            1.0,
            1.0,
            1.0,
            1.0
        ],
        [
            0.0,
            0.0,
            0.0,
            0.0,
            0.0,
            0.0,
            0.0,
            0.0,
            0.0,
            0.0,
            0.0,
            0.0,
            0.0,
            0.0,
            0.0,
            0.0,
            0.0,
            0.0,
            0.0,
            0.0,
            0.0,
            0.0,
            0.0,
            0.0,
            0.0,
            0.0,
            0.0,
            0.0,
            0.0,
            0.0,
            0.0,
            0.0,
            0.0,
            0.0,
            0.0,
            0.0,
            0.0,
            -1.0,
            -1.0,
            -1.0,
            -1.0,
            -1.0,
            -1.0,
            -1.0,
            -1.0,
            -1.0,
            -1.0,
            -1.0,
            -1.0,
            -1.0,
            -1.0,
            -1.0,
            -1.0,
            -1.0,
            -1.0,
            -1.0,
            -1.0,
            -1.0
        ]
    ],
    "eval_steps": 3
}