{
    "eval_chronic": "C:\\Users\\thoma\\data_grid2op\\rte_case5_example_val\\chronics\\12",
    "eval_rewards": [
        [
            0.0,
            0.00019422744211347937,
            -1.0
        ],
        [
            1.0,
            0.8639402756849633,
            0.0
        ]
    ],
    "eval_actions": [
        20,
        19
    ],
    "eval_states": [
        [
            0.30000001192092896,
            25.980878829956055,
            7.800000190734863,
            8.300000190734863,
            8.100000381469727,
            9.274837493896484,
            4.199976444244385,
            -1.3111532926559448,
            -3.4187796115875244,
            -16.083478927612305,
            -5.933969974517822,
            -5.933969974517822,
            -4.681220531463623,
            -9.204680442810059,
            -3.358767509460449,
            1.4046802520751953,
            3.6587674617767334,
            16.70604133605957,
            5.941751003265381,
            5.941751003265381,
            4.879092693328857,
            0.14839403331279755,
            1.3814526796340942,
            0.647668719291687,
            1.054890751838684,
            0.6763303875923157,
            0.15868434309959412,
            0.15868434309959412,
            1.0494391918182373,
            0.0,
            1.0,
            0.0,
            1.0,
            0.0,
            0.0,
            0.0,
            1.0,
            2.0,
            1.0,
            2.0,
            1.0,
            1.0,
            2.0,
            1.0,
            1.0,
            1.0,
            1.0,
            1.0,
            1.0,
            1.0,
            1.0,
            1.0,
            1.0,
            1.0,
            1.0,
            1.0,
            1.0,
            1.0
        ],
        [
            0.699999988079071,
            24.42049789428711,
            8.0,
            8.199999809265137,
            8.300000190734863,
            5.028812885284424,
            8.66846752166748,
            -5.24200439453125,
            -0.6464042663574219,
            -19.317121505737305,
            -5.3153276443481445,
            -5.3153276443481445,
            -7.653595924377441,
            -4.675327777862549,
            -8.646784782409668,
            5.3753275871276855,
            0.6467851996421814,
            19.391685485839844,
            5.324326515197754,
            5.324326515197754,
            7.6726603507995605,
            0.34415900707244873,
            0.23909421265125275,
            0.6261293888092041,
            0.08882366865873337,
            0.23591738939285278,
            0.17139208316802979,
            0.17139208316802979,
            0.29060548543930054,
            0.0,
            0.0,
            0.0,
            0.0,
            0.0,
            0.0,
            0.0,
            0.0,
            2.0,
            1.0,
            2.0,
            1.0,
            2.0,
            1.0,
            1.0,
            1.0,
            1.0,
            1.0,
            1.0,
            1.0,
            1.0,
            1.0,
            1.0,
            1.0,
            1.0,
            1.0,
            1.0,
            1.0,
            1.0
        ]
    ],
    "eval_steps": 2016
}