{"Action dimension": 99, "_timestamp": 1720510246.1339529, "_runtime": 1.848456859588623, "_step": 1, "Observation dimension": [58], "_wandb": {"runtime": 11}}