{"charts_1/episode_reward_sum": 21756.896484375, "charts_1/episode_reward_0": 32.10416793823242, "_timestamp": 1720601790.0347512, "_runtime": 120.32083415985107, "_step": 374, "charts_1/episode_reward_1": 25197.29296875, "charts_1/episode_reward_2": -3472.500244140625}