{
    "eval_chronic": "/home/trlautenbacher/data_grid2op/rte_case5_example_val/chronics/19",
    "eval_rewards": [
        [
            0.2995759496101425,
            -0.37142857142856517,
            -1.0
        ],
        [
            0.00016982030246989776,
            -0.0004761904761904762,
            0.0
        ],
        [
            0.00027869138950188855,
            -0.0002857142857142857,
            0.0
        ],
        [
            0.4864585356462908,
            -0.19790476190475845,
            0.0
        ]
    ],
    "eval_actions": [
        15,
        6,
        24,
        27
    ],
    "eval_states": [
        [
            2.0,
            23.776588439941406,
            8.600000381469727,
            8.199999809265137,
            7.800000190734863,
            7.0559186935424805,
            8.626147270202637,
            -2.4734222888946533,
            -5.692783355712891,
            -16.568370819091797,
            -3.9378345012664795,
            -3.9378345012664795,
            -2.1072165966033936,
            -6.378434181213379,
            -8.600000381469727,
            2.6173746585845947,
            5.761059284210205,
            16.72066879272461,
            3.9711122512817383,
            3.9711122512817383,
            2.1490917205810547,
            0.48139113187789917,
            0.27090710401535034,
            0.6508821845054626,
            0.5430790781974792,
            0.33710864186286926,
            0.3223819136619568,
            0.3223819136619568,
            0.5086597800254822,
            0.0,
            0.0,
            0.0,
            0.0,
            0.0,
            0.0,
            0.0,
            0.0,
            2.0,
            1.0,
            2.0,
            2.0,
            2.0,
            1.0,
            1.0,
            1.0,
            1.0,
            1.0,
            1.0,
            1.0,
            1.0,
            1.0,
            1.0,
            1.0,
            1.0,
            1.0,
            1.0,
            1.0,
            1.0
        ],
        [
            0.30000001192092896,
            33.60493850708008,
            10.300000190734863,
            9.600000381469727,
            9.300000190734863,
            14.428083419799805,
            3.761899948120117,
            0.0013066555839031935,
            -4.581460475921631,
            -18.294837951660156,
            -7.240678310394287,
            -7.240678310394287,
            -4.718539714813232,
            -11.838025093078613,
            -2.9549765586853027,
            9.276002275321327e-13,
            4.793001651763916,
            19.176855087280273,
            7.2664690017700195,
            7.2664690017700195,
            4.880049228668213,
            0.953511655330658,
            1.3521819114685059,
            3.3073963354298894e-14,
            0.9877879023551941,
            0.8038321137428284,
            0.2840080261230469,
            0.2840080261230469,
            0.952576756477356,
            0.0,
            1.0,
            0.0,
            0.0,
            0.0,
            0.0,
            0.0,
            0.0,
            2.0,
            2.0,
            1.0,
            2.0,
            2.0,
            2.0,
            1.0,
            1.0,
            1.0,
            1.0,
            1.0,
            1.0,
            1.0,
            1.0,
            1.0,
            1.0,
            1.0,
            1.0,
            1.0,
            1.0,
            1.0
        ],
        [
            0.30000001192092896,
            30.111778259277344,
            10.100000381469727,
            9.699999809265137,
            9.199999809265137,
            13.743724822998047,
            1.6934770345687866,
            -1.2055236101150513,
            -3.553530693054199,
            -15.91949462890625,
            -7.101246356964111,
            -7.101246356964111,
            -5.6464691162109375,
            -13.68626594543457,
            -1.2245738506317139,
            1.524573802947998,
            3.5862655639648438,
            16.368053436279297,
            7.113008975982666,
            7.113008975982666,
            5.708016395568848,
            0.13879303634166718,
            1.0213570594787598,
            1.0016766786575317,
            0.4536454677581787,
            0.57497638463974,
            0.19328024983406067,
            0.19328024983406067,
            0.5137473940849304,
            0.0,
            2.0,
            1.0,
            0.0,
            0.0,
            0.0,
            0.0,
            0.0,
            2.0,
            1.0,
            1.0,
            2.0,
            1.0,
            2.0,
            1.0,
            1.0,
            1.0,
            1.0,
            1.0,
            1.0,
            1.0,
            1.0,
            1.0,
            1.0,
            1.0,
            1.0,
            1.0,
            1.0,
            1.0
        ],
        [
            0.30000001192092896,
            29.0827693939209,
            10.199999809265137,
            9.699999809265137,
            9.300000190734863,
            -0.2986547648906708,
            8.949536323547363,
            3.478740692138672,
            -2.1980152130126953,
            -29.27224349975586,
            -10.147534370422363,
            -10.147534370422363,
            -7.101984977722168,
            0.30000001192092896,
            -8.925459861755371,
            -3.4741060733795166,
            2.19956636428833,
            29.381423950195312,
            10.16135311126709,
            10.16135311126709,
            7.116328239440918,
            0.034906573593616486,
            0.253987193107605,
            0.16209903359413147,
            0.07858406752347946,
            0.27965930104255676,
            0.19660866260528564,
            0.19660866260528564,
            0.25698763132095337,
            0.0,
            0.0,
            0.0,
            0.0,
            0.0,
            0.0,
            0.0,
            0.0,
            2.0,
            1.0,
            1.0,
            1.0,
            2.0,
            1.0,
            1.0,
            1.0,
            1.0,
            1.0,
            1.0,
            1.0,
            1.0,
            1.0,
            1.0,
            1.0,
            1.0,
            1.0,
            1.0,
            1.0,
            1.0
        ]
    ],
    "eval_steps": 2016
}