{
    "eval_chronic": "/home/trlautenbacher/data_grid2op/rte_case5_example_val/chronics/12",
    "eval_rewards": [
        [
            0.00022808311647731208,
            -0.0002857142857142857,
            -1.0
        ],
        [
            0.9510040549152247,
            -1.151428571428579,
            -1.0
        ]
    ],
    "eval_actions": [
        46,
        26
    ],
    "eval_states": [
        [
            0.30000001192092896,
            26.923524856567383,
            7.800000190734863,
            8.300000190734863,
            8.100000381469727,
            11.01897144317627,
            2.3903191089630127,
            0.2034924328327179,
            -3.945746660232544,
            -15.243951797485352,
            -8.300000190734863,
            -4.395274639129639,
            -4.154253959655762,
            -9.446654319763184,
            -1.9733175039291382,
            -0.08278089016675949,
            4.002752304077148,
            15.90455436706543,
            8.311651229858398,
            4.541980743408203,
            4.191782474517822,
            0.7400828003883362,
            0.9609616994857788,
            0.5896703600883484,
            0.49094295501708984,
            0.6965228915214539,
            0.17698507010936737,
            0.6633483171463013,
            0.4821312427520752,
            0.0,
            0.0,
            0.0,
            0.0,
            0.0,
            0.0,
            0.0,
            0.0,
            1.0,
            1.0,
            1.0,
            1.0,
            1.0,
            1.0,
            1.0,
            1.0,
            1.0,
            1.0,
            1.0,
            1.0,
            1.0,
            2.0,
            1.0,
            2.0,
            2.0,
            1.0,
            1.0,
            1.0,
            1.0
        ],
        [
            0.30000001192092896,
            25.076444625854492,
            8.0,
            8.100000381469727,
            8.199999809265137,
            8.710984230041504,
            3.071953535079956,
            0.6078259348869324,
            -3.671170234680176,
            -16.329822540283203,
            -8.100000381469727,
            -5.1420392990112305,
            -4.528829574584961,
            -7.699999809265137,
            -3.067852258682251,
            -0.6075727939605713,
            3.6754250526428223,
            16.365461349487305,
            8.111028671264648,
            5.146841049194336,
            4.534213542938232,
            0.5909033417701721,
            0.0817466676235199,
            0.05201147869229317,
            0.13178636133670807,
            0.16217459738254547,
            0.1721145063638687,
            0.1254187673330307,
            0.16115684807300568,
            0.0,
            0.0,
            0.0,
            0.0,
            0.0,
            0.0,
            0.0,
            0.0,
            2.0,
            1.0,
            1.0,
            1.0,
            2.0,
            2.0,
            1.0,
            1.0,
            1.0,
            1.0,
            1.0,
            1.0,
            1.0,
            2.0,
            1.0,
            2.0,
            2.0,
            1.0,
            1.0,
            1.0,
            1.0
        ]
    ],
    "eval_steps": 2016
}