{
    "eval_chronic": "/home/trlautenbacher/data_grid2op/rte_case5_example_val/chronics/19",
    "eval_rewards": [
        [
            0.0003600346294760026,
            -0.0003809523809523809,
            -1.0
        ],
        [
            0.0003382370990574182,
            -0.0005714285714285714,
            -1.0
        ],
        [
            0.01802767251990169,
            -0.03095238095238098,
            -0.5
        ],
        [
            0.00023597109352705445,
            -0.0006666666666666666,
            0.0
        ],
        [
            0.0011729368604535724,
            -0.003809523809523809,
            -0.5
        ],
        [
            0.8176854728478604,
            -1.110285714285715,
            -0.25
        ]
    ],
    "eval_actions": [
        18,
        36,
        24,
        14,
        31,
        19
    ],
    "eval_states": [
        [
            2.0,
            24.26836395263672,
            8.600000381469727,
            8.199999809265137,
            7.800000190734863,
            9.153416633605957,
            3.430880308151245,
            -1.1158696413040161,
            -3.4220712184906006,
            -14.951424598693848,
            -5.734500885009766,
            -5.734500885009766,
            -4.377928733825684,
            -8.043299674987793,
            -3.4249887466430664,
            1.443299412727356,
            3.4249887466430664,
            15.114947319030762,
            5.760272026062012,
            5.760272026062012,
            4.384871482849121,
            0.6198116540908813,
            0.0970480740070343,
            1.0156275033950806,
            0.13344110548496246,
            0.34929680824279785,
            0.2845545709133148,
            0.2845545709133148,
            0.16540899872779846,
            0.0,
            0.0,
            1.0,
            0.0,
            0.0,
            0.0,
            0.0,
            0.0,
            2.0,
            1.0,
            2.0,
            1.0,
            2.0,
            2.0,
            1.0,
            1.0,
            1.0,
            1.0,
            1.0,
            1.0,
            1.0,
            1.0,
            1.0,
            1.0,
            1.0,
            1.0,
            1.0,
            1.0,
            1.0
        ],
        [
            1.899999976158142,
            24.96800994873047,
            8.600000381469727,
            8.199999809265137,
            7.800000190734863,
            10.999409675598145,
            2.1593289375305176,
            -2.375720977783203,
            -2.155440092086792,
            -13.797385215759277,
            -13.63764476776123,
            2.160853862762451,
            -5.64456033706665,
            -9.432299613952637,
            -2.157951593399048,
            2.7322990894317627,
            2.157951593399048,
            13.968600273132324,
            13.797385215759277,
            -2.1593289375305176,
            5.652512073516846,
            0.7388349175453186,
            0.061077993363142014,
            1.0630403757095337,
            0.08398224413394928,
            0.357390820980072,
            0.6907634735107422,
            0.05670272931456566,
            0.20370785892009735,
            0.0,
            0.0,
            2.0,
            0.0,
            0.0,
            0.0,
            0.0,
            0.0,
            2.0,
            1.0,
            2.0,
            1.0,
            2.0,
            2.0,
            1.0,
            1.0,
            1.0,
            2.0,
            1.0,
            1.0,
            2.0,
            1.0,
            1.0,
            1.0,
            1.0,
            1.0,
            1.0,
            1.0,
            1.0
        ],
        [
            1.899999976158142,
            23.56386375427246,
            8.5,
            8.0,
            7.900000095367432,
            12.124197959899902,
            -0.7285107374191284,
            -0.7449566125869751,
            -3.5216007232666016,
            -11.23946475982666,
            -11.052125930786133,
            -0.6456612944602966,
            -4.37839937210083,
            -12.06548023223877,
            0.8833447098731995,
            1.0166552066802979,
            3.5654802322387695,
            11.439666748046875,
            11.23946475982666,
            0.7285107374191284,
            4.44274377822876,
            0.13786493241786957,
            0.5701366662979126,
            0.9190295934677124,
            0.518509030342102,
            0.38617387413978577,
            0.7475050687789917,
            0.4759238064289093,
            0.5247446298599243,
            0.0,
            0.0,
            0.0,
            0.0,
            0.0,
            0.0,
            0.0,
            0.0,
            2.0,
            1.0,
            1.0,
            2.0,
            1.0,
            2.0,
            1.0,
            1.0,
            1.0,
            2.0,
            1.0,
            1.0,
            2.0,
            1.0,
            1.0,
            1.0,
            1.0,
            1.0,
            1.0,
            1.0,
            1.0
        ],
        [
            0.699999988079071,
            24.335742950439453,
            7.699999809265137,
            7.199999809265137,
            7.0,
            12.58139419555664,
            0.0006477079587057233,
            0.23365913331508636,
            -3.4269518852233887,
            -11.417274475097656,
            -11.097235679626465,
            0.002383482176810503,
            -3.5730481147766113,
            -10.569371223449707,
            4.624960353930008e-13,
            0.03454970195889473,
            3.5348215103149414,
            11.754349708557129,
            11.417274475097656,
            -0.0006477079587057233,
            3.661193370819092,
            0.8388800621032715,
            1.2026896304220564e-14,
            0.9126178026199341,
            0.6917398571968079,
            0.4993366599082947,
            0.9734249711036682,
            0.05782352387905121,
            0.7161771655082703,
            0.0,
            0.0,
            0.0,
            0.0,
            0.0,
            0.0,
            0.0,
            0.0,
            2.0,
            1.0,
            2.0,
            2.0,
            2.0,
            2.0,
            1.0,
            1.0,
            1.0,
            2.0,
            1.0,
            1.0,
            2.0,
            1.0,
            1.0,
            1.0,
            1.0,
            1.0,
            1.0,
            1.0,
            1.0
        ],
        [
            0.699999988079071,
            24.734649658203125,
            7.800000190734863,
            7.300000190734863,
            7.099999904632568,
            12.797701835632324,
            0.0006484115729108453,
            0.25210151076316833,
            -3.4706761837005615,
            -11.579309463500977,
            -11.276185035705566,
            5.799908467452042e-05,
            -3.629323720932007,
            -10.721176147460938,
            4.631602176438654e-13,
            0.035391781479120255,
            3.585784435272217,
            11.936946868896484,
            11.57866096496582,
            -1.855890007645966e-12,
            3.724025011062622,
            0.8524247407913208,
            1.2026896304220564e-14,
            0.9472805857658386,
            0.7161227464675903,
            0.5141564607620239,
            0.9466623067855835,
            3.52788951480873e-14,
            0.7406214475631714,
            0.0,
            0.0,
            0.0,
            0.0,
            0.0,
            0.0,
            0.0,
            0.0,
            2.0,
            1.0,
            2.0,
            2.0,
            2.0,
            2.0,
            1.0,
            1.0,
            1.0,
            2.0,
            2.0,
            2.0,
            1.0,
            1.0,
            1.0,
            1.0,
            1.0,
            1.0,
