{
    "eval_chronic": "/home/trlautenbacher/data_grid2op/rte_case5_example_val/chronics/12",
    "eval_rewards": [
        [
            0.00033891565116626925,
            -0.0003809523809523809,
            -1.0
        ],
        [
            0.0001932182314022139,
            -0.0002857142857142857,
            0.0
        ],
        [
            0.9460851368295181,
            -0.3836190476190392,
            0.0
        ]
    ],
    "eval_actions": [
        8,
        20,
        27
    ],
    "eval_states": [
        [
            0.30000001192092896,
            24.789588928222656,
            7.800000190734863,
            8.300000190734863,
            8.100000381469727,
            9.93836498260498,
            2.266026735305786,
            0.2919437289237976,
            -4.338427543640137,
            -14.712267875671387,
            -6.187235355377197,
            -6.187235355377197,
            -3.7615725994110107,
            -9.892911911010742,
            -2.257189989089966,
            0.30000001192092896,
            4.350101470947266,
            14.851223945617676,
            6.223120212554932,
            6.223120212554932,
            3.782526969909668,
            0.11956821382045746,
            0.1824112832546234,
            1.389103651046753,
            0.28244712948799133,
            0.32237112522125244,
            0.33380207419395447,
            0.33380207419395447,
            0.2824764847755432,
            0.0,
            0.0,
            1.0,
            0.0,
            0.0,
            0.0,
            0.0,
            0.0,
            2.0,
            2.0,
            1.0,
            2.0,
            1.0,
            2.0,
            1.0,
            1.0,
            1.0,
            1.0,
            1.0,
            1.0,
            1.0,
            1.0,
            1.0,
            1.0,
            1.0,
            1.0,
            1.0,
            1.0,
            1.0
        ],
        [
            0.30000001192092896,
            26.091575622558594,
            8.0,
            8.100000381469727,
            8.199999809265137,
            9.387781143188477,
            4.231601715087891,
            -1.2222607135772705,
            -3.4475696086883545,
            -16.076690673828125,
            -5.9146809577941895,
            -5.9146809577941895,
            -4.752429962158203,
            -9.317010879516602,
            -3.3873536586761475,
            1.317010521888733,
            3.6873536109924316,
            16.703792572021484,
            5.922544956207275,
            5.922544956207275,
            4.951622486114502,
            0.14912696182727814,
            1.384017825126648,
            0.6514720916748047,
            1.0544276237487793,
            0.6787696480751038,
            0.15956316888332367,
            0.15956316888332367,
            1.0527598857879639,
            0.0,
            1.0,
            0.0,
            1.0,
            0.0,
            0.0,
            0.0,
            1.0,
            2.0,
            1.0,
            2.0,
            1.0,
            1.0,
            2.0,
            1.0,
            1.0,
            1.0,
            1.0,
            1.0,
            1.0,
            1.0,
            1.0,
            1.0,
            1.0,
            1.0,
            1.0,
            1.0,
            1.0,
            1.0
        ],
        [
            0.30000001192092896,
            24.12383460998535,
            7.900000095367432,
            8.100000381469727,
            8.300000190734863,
            -0.2986547648906708,
            7.327338218688965,
            2.781341791152954,
            -2.1888883113861084,
            -24.348703384399414,
            -8.501338958740234,
            -8.501338958740234,
            -6.111112117767334,
            0.30000001192092896,
            -7.31190299987793,
            -2.7785332202911377,
            2.1904361248016357,
            24.422489166259766,
            8.510683059692383,
            8.510683059692383,
            6.121335983276367,
            0.034906573593616486,
            0.2034735530614853,
            0.13108687102794647,
            0.07812750339508057,
            0.23044604063034058,
            0.1621684581041336,
            0.1621684581041336,
            0.21828779578208923,
            0.0,
            0.0,
            0.0,
            0.0,
            0.0,
            0.0,
            0.0,
            0.0,
            2.0,
            1.0,
            1.0,
            1.0,
            2.0,
            1.0,
            1.0,
            1.0,
            1.0,
            1.0,
            1.0,
            1.0,
            1.0,
            1.0,
            1.0,
            1.0,
            1.0,
            1.0,
            1.0,
            1.0,
            1.0
        ]
    ],
    "eval_steps": 2016
}