{
    "eval_chronic": "/home/trlautenbacher/data_grid2op/rte_case5_example_val/chronics/19",
    "eval_rewards": [
        [
            0.0439852481012012,
            -0.034857142857142795,
            -1.0
        ],
        [
            0.00025416064806141385,
            -0.0004761904761904762,
            -1.0
        ],
        [
            0.0,
            0.0,
            0.0
        ]
    ],
    "eval_actions": [
        24,
        50,
        25
    ],
    "eval_states": [
        [
            2.0,
            23.16961669921875,
            8.600000381469727,
            8.199999809265137,
            7.800000190734863,
            11.293083190917969,
            0.19136935472488403,
            -1.8939123153686523,
            -2.644883155822754,
            -11.69424057006836,
            -5.745479583740234,
            -5.745479583740234,
            -5.155117034912109,
            -11.258390426635742,
            -0.01565445587038994,
            2.0156545639038086,
            2.6583902835845947,
            11.876533508300781,
            5.75143575668335,
            5.75143575668335,
            5.184871673583984,
            0.1085955798625946,
            0.6099115014076233,
            0.592920184135437,
            0.30737578868865967,
            0.3687324523925781,
            0.13873353600502014,
            0.13873353600502014,
            0.34645456075668335,
            0.0,
            0.0,
            0.0,
            0.0,
            0.0,
            0.0,
            0.0,
            0.0,
            2.0,
            1.0,
            1.0,
            2.0,
            1.0,
            2.0,
            1.0,
            1.0,
            1.0,
            1.0,
            1.0,
            1.0,
            1.0,
            1.0,
            1.0,
            1.0,
            1.0,
            1.0,
            1.0,
            1.0,
            1.0
        ],
        [
            0.6000000238418579,
            29.160293579101562,
            9.899999618530273,
            9.199999809265137,
            9.0,
            15.340493202209473,
            4.2547454833984375,
            -3.9121546745300293,
            -5.223322868347168,
            -13.461612701416016,
            -4.599999904632568,
            -4.599999904632568,
            -3.776677131652832,
            -15.2242431640625,
            -3.454105854034424,
            4.054105758666992,
            5.324244022369385,
            13.819801330566406,
            4.603433609008789,
            4.603433609008789,
            3.9121546745300293,
            0.19577346742153168,
            1.346775770187378,
            0.6467821598052979,
            0.7621331810951233,
            0.5144928097724915,
            0.0939059853553772,
            0.0939059853553772,
            0.7810831665992737,
            0.0,
            1.0,
            0.0,
            0.0,
            0.0,
            0.0,
            0.0,
            0.0,
            2.0,
            1.0,
            1.0,
            2.0,
            1.0,
            2.0,
            1.0,
            1.0,
            1.0,
            1.0,
            1.0,
            1.0,
            1.0,
            2.0,
            1.0,
            1.0,
            2.0,
            1.0,
            1.0,
            1.0,
            1.0
        ],
        [
            0.0,
            0.0,
            0.0,
            0.0,
            0.0,
            0.0,
            0.0,
            0.0,
            0.0,
            0.0,
            0.0,
            0.0,
            0.0,
            0.0,
            0.0,
            0.0,
            0.0,
            0.0,
            0.0,
            0.0,
            0.0,
            0.0,
            0.0,
            0.0,
            0.0,
            0.0,
            0.0,
            0.0,
            0.0,
            0.0,
            0.0,
            0.0,
            0.0,
            0.0,
            0.0,
            0.0,
            0.0,
            -1.0,
            -1.0,
            -1.0,
            -1.0,
            -1.0,
            -1.0,
            -1.0,
            -1.0,
            -1.0,
            -1.0,
            -1.0,
            -1.0,
            -1.0,
            -1.0,
            -1.0,
            -1.0,
            -1.0,
            -1.0,
            -1.0,
            -1.0,
            -1.0
        ]
    ],
    "eval_steps": 124
}