{
    "eval_chronic": "/home/trlautenbacher/data_grid2op/rte_case5_example_val/chronics/12",
    "eval_rewards": [
        [
            0.00025253760961458787,
            -0.0004761904761904762,
            -1.0
        ],
        [
            2.2211949974668948e-05,
            -0.0002857142857142857,
            0.0
        ],
        [
            0.00024952075354504205,
            -0.0004761904761904762,
            0.0
        ],
        [
            0.00017922471311634052,
            -0.0006666666666666666,
            -1.0
        ],
        [
            0.00024886181591276065,
            -0.0006666666666666666,
            -0.25
        ],
        [
            0.0002581214805605316,
            -0.0005714285714285714,
            0.0
        ],
        [
            0.0,
            0.0,
            0.0
        ]
    ],
    "eval_actions": [
        6,
        12,
        6,
        36,
        2,
        22,
        45
    ],
    "eval_states": [
        [
            0.30000001192092896,
            26.875375747680664,
            7.800000190734863,
            8.300000190734863,
            8.100000381469727,
            11.252840042114258,
            2.7187910079956055,
            0.0013073498848825693,
            -4.205928802490234,
            -15.04826545715332,
            -6.147083759307861,
            -6.147083759307861,
            -3.8940718173980713,
            -9.617685317993164,
            -2.219716787338257,
            4.631938821213211e-13,
            4.33740234375,
            15.622536659240723,
            6.164737224578857,
            6.164737224578857,
            3.9928598403930664,
            0.7549805045127869,
            1.0549906492233276,
            1.6409281295955494e-14,
            0.7688273191452026,
            0.6498278975486755,
            0.2368367314338684,
            0.2368367314338684,
            0.7553196549415588,
            0.0,
            1.0,
            0.0,
            0.0,
            0.0,
            0.0,
            0.0,
            0.0,
            2.0,
            2.0,
            1.0,
            2.0,
            2.0,
            2.0,
            1.0,
            1.0,
            1.0,
            1.0,
            1.0,
            1.0,
            1.0,
            1.0,
            1.0,
            1.0,
            1.0,
            1.0,
            1.0,
            1.0,
            1.0
        ],
        [
            0.30000001192092896,
            27.136962890625,
            8.0,
            8.100000381469727,
            8.199999809265137,
            8.599796295166016,
            -0.421485036611557,
            3.2491660118103027,
            -2.1548304557800293,
            -17.821481704711914,
            -8.865798950195312,
            -8.865798950195312,
            -6.045169353485107,
            -8.518399238586426,
            0.5183992385864258,
            -2.2398297786712646,
            2.539829969406128,
            18.537166595458984,
            9.121482849121094,
            9.121482849121094,
            6.3824310302734375,
            0.1600162535905838,
            0.5216610431671143,
            1.8349320888519287,
            1.348718285560608,
            0.7246829867362976,
            0.8714691996574402,
            0.8714691996574402,
            1.355480670928955,
            0.0,
            0.0,
            1.0,
            1.0,
            0.0,
            0.0,
            0.0,
            1.0,
            2.0,
            2.0,
            1.0,
            1.0,
            1.0,
            2.0,
            1.0,
            1.0,
            1.0,
            1.0,
            1.0,
            1.0,
            1.0,
            1.0,
            1.0,
            1.0,
            1.0,
            1.0,
            1.0,
            1.0,
            1.0
        ],
        [
            0.30000001192092896,
            27.03266716003418,
            7.900000095367432,
            8.100000381469727,
            8.300000190734863,
            11.369352340698242,
            2.7978360652923584,
            0.0013073808513581753,
            -4.258217811584473,
            -15.07775592803955,
            -6.121982574462891,
            -6.121982574462891,
            -4.041782379150391,
            -9.702495574951172,
            -2.289384126663208,
            -4.625855362823394e-13,
            4.391880035400391,
            15.663315773010254,
            6.139959812164307,
            6.139959812164307,
            4.14265775680542,
            0.7623878717422485,
            1.065227746963501,
            1.6536981677149447e-14,
            0.7756009101867676,
            0.6561248302459717,
            0.2389443963766098,
            0.2389443963766098,
            0.762706995010376,
            0.0,
            1.0,
            0.0,
            0.0,
            0.0,
            0.0,
            0.0,
            0.0,
            2.0,
            2.0,
            1.0,
            2.0,
            2.0,
            2.0,
            1.0,
            1.0,
            1.0,
            1.0,
            1.0,
            1.0,
            1.0,
            1.0,
            1.0,
            1.0,
            1.0,
            1.0,
            1.0,
            1.0,
            1.0
        ],
        [
            0.30000001192092896,
            27.766550064086914,
            7.800000190734863,
            8.100000381469727,
            8.199999809265137,
            14.388795852661133,
            0.11640924215316772,
            0.0013072260189801455,
            -4.04829216003418,
            -12.984442710876465,
            -12.60949993133545,
            0.2319609373807907,
            -4.151707649230957,
            -11.81166934967041,
            0.10576226562261581,
            -4.631488335210543e-13,
            4.205907344818115,
            13.377754211425781,
            12.984442710876465,
            -0.11640924215316772,
            4.27623176574707,
            0.9510961771011353,
            0.6907268762588501,
            1.6409281295955494e-14,
            0.8461165428161621,
            0.538859486579895,
            1.0525439977645874,
            0.5643922090530396,
            0.842254638671875,
            0.0,
            0.0,
            0.0,
            0.0,
            0.0,
            1.0,
            0.0,
            0.0,
            2.0,
            2.0,
            1.0,
            2.0,
            2.0,
            2.0,
            1.0,
            1.0,
            1.0,
            2.0,
            1.0,
            1.0,
            2.0,
            1.0,
            1.0,
            1.0,
            1.0,
            1.0,
            1.0,
            1.0,
            1.0
        ],
        [
            0.30000001192092896,
            26.44110870361328,
            7.599999904632568,
            8.0,
            8.0,
            12.445747375488281,
            -1.3312561511993408,
            -1.440012812614441,
            0.0004616639926098287,
            -13.651243209838867,
            -13.324159622192383,
            -1.2527780532836914,
            -8.00046157836914,
            -10.473730087280273,
            1.4772024154663086,
            1.6965281963348389,
            4.650848933404617e-13,
            13.995362281799316,
            13.651243209838867,
            1.3312561511993408,
            8.016950607299805,
            0.8303698301315308,
            0.5524406433105469,
            0.8911342620849609,
            1.834613393820149e-14,
            0.5043964385986328,
            0.9838069677352905,
            0.46286752820014954,
            0.28416454792022705,
            0.0,
            0.0,
            0.0,
            0.0,
            0.0,
            0.0,
            0.0,
            0.0,
            2.0,
            2.0,
            2.0,
            1.0,
            2.0,
            2.0,
            1.0,
            1.0,
            1.0,
            2.0,
            1.0,
            1.0,
