{
    "eval_chronic": "/home/trlautenbacher/data_grid2op/rte_case5_example_val/chronics/12",
    "eval_rewards": [
        [
            0.020413685006514727,
            0.0,
            -1.0
        ],
        [
            0.0003421596884263091,
            -0.0003809523809523809,
            0.0
        ],
        [
            0.827801493151885,
            -0.5517142857142855,
            0.0
        ]
    ],
    "eval_actions": [
        1,
        8,
        19
    ],
    "eval_states": [
        [
            0.30000001192092896,
            27.17757797241211,
            7.800000190734863,
            8.300000190734863,
            8.100000381469727,
            11.366332054138184,
            2.72005295753479,
            -0.08114790171384811,
            -4.169963359832764,
            -15.022329330444336,
            -6.103853225708008,
            -6.103853225708008,
            -3.930037260055542,
            -9.700301170349121,
            -2.324437141418457,
            0.27054455876350403,
            4.254193305969238,
            15.811246871948242,
            6.1511383056640625,
            6.1511383056640625,
            3.988853931427002,
            0.7621960043907166,
            0.9349967837333679,
            0.7559517025947571,
            0.606358528137207,
            0.7606089115142822,
            0.3816232681274414,
            0.3816232681274414,
            0.5930918455123901,
            0.0,
            0.0,
            0.0,
            0.0,
            0.0,
            0.0,
            0.0,
            0.0,
            1.0,
            1.0,
            1.0,
            1.0,
            1.0,
            1.0,
            1.0,
            1.0,
            1.0,
            1.0,
            1.0,
            1.0,
            1.0,
            1.0,
            1.0,
            1.0,
            1.0,
            1.0,
            1.0,
            1.0,
            1.0
        ],
        [
            0.5,
            25.262907028198242,
            8.199999809265137,
            8.300000190734863,
            8.399999618530273,
            10.224336624145508,
            2.43709135055542,
            0.07389418035745621,
            -4.395840167999268,
            -14.904746055603027,
            -6.199563503265381,
            -6.199563503265381,
            -4.004159450531006,
            -10.178977966308594,
            -2.4281811714172363,
            0.5,
            4.407159328460693,
            15.03857135772705,
            6.233827590942383,
            6.233827590942383,
            4.025232791900635,
            0.11977101862430573,
            0.18259942531585693,
            1.3667110204696655,
            0.27810022234916687,
            0.31642645597457886,
            0.32640552520751953,
            0.32640552520751953,
            0.28405851125717163,
            0.0,
            0.0,
            1.0,
            0.0,
            0.0,
            0.0,
            0.0,
            0.0,
            2.0,
            2.0,
            1.0,
            2.0,
            1.0,
            2.0,
            1.0,
            1.0,
            1.0,
            1.0,
            1.0,
            1.0,
            1.0,
            1.0,
            1.0,
            1.0,
            1.0,
            1.0,
            1.0,
            1.0,
            1.0
        ],
        [
            0.5,
            25.394001007080078,
            8.199999809265137,
            8.5,
            8.5,
            5.361736297607422,
            8.894402503967285,
            -5.313419818878174,
            -0.6713298559188843,
            -19.95001983642578,
            -5.517623424530029,
            -5.517623424530029,
            -7.828670024871826,
            -4.96169376373291,
            -8.87172794342041,
            5.46169376373291,
            0.6717281341552734,
            20.032264709472656,
            5.527809143066406,
            5.527809143066406,
            7.848666667938232,
            0.3669419288635254,
            0.243535116314888,
            0.6636589169502258,
            0.08964203298091888,
            0.24766843020915985,
            0.18181923031806946,
            0.18181923031806946,
            0.2979491353034973,
            0.0,
            0.0,
            0.0,
            0.0,
            0.0,
            0.0,
            0.0,
            0.0,
            2.0,
            1.0,
            2.0,
            1.0,
            2.0,
            1.0,
            1.0,
            1.0,
            1.0,
            1.0,
            1.0,
            1.0,
            1.0,
            1.0,
            1.0,
            1.0,
            1.0,
            1.0,
            1.0,
            1.0,
            1.0
        ]
    ],
    "eval_steps": 2016
}