{"DoNothing/train/reward_0": 0.0, "DoNothing/train/reward_1": 0.0002391031724413426, "DoNothing/train/reward_2": 0.0, "DoNothing/train/grid2opsteps": 19561, "_timestamp": 1721291216.0688136, "_runtime": 7.066474676132202, "_step": 32, "_wandb": {"runtime": 5}, "DoNothing/eval/reward_0": 0.0032242063492063495, "DoNothing/eval/reward_1": 0.0023248390129069875, "DoNothing/eval/reward_2": -0.0125}