{"train/reward_0": 0.0, "train/reward_1": 0.0003558896520556061, "train/reward_2": -1.0, "train/grid2opsteps": 1, "_timestamp": 1722428066.0353472, "_runtime": 60.234790325164795, "_step": 128, "_wandb": {"runtime": 59}}