{"DoNothing/train/reward_0": 0.0, "DoNothing/train/reward_1": 0.00018919461218173708, "DoNothing/train/reward_2": 1.0, "DoNothing/train/grid2opsteps": 408, "_timestamp": 1722417026.9662938, "_runtime": 2.8219919204711914, "_step": 64, "_wandb": {"runtime": 1}, "DoNothing/eval/reward_0": 0.0019427910052910054, "DoNothing/eval/reward_1": 0.0018732123926306155, "DoNothing/eval/reward_2": 7.666666666666667}