{
    "eval_chronic": "/home/trlautenbacher/data_grid2op/rte_case5_example_val/chronics/12",
    "eval_rewards": [
        [
            0.020413685006514727,
            0.0,
            0.0
        ],
        [
            0.9057414176052784,
            -0.367999999999992,
            -1.0
        ]
    ],
    "eval_actions": [
        0,
        27
    ],
    "eval_states": [
        [
            0.30000001192092896,
            27.17757797241211,
            7.800000190734863,
            8.300000190734863,
            8.100000381469727,
            11.366332054138184,
            2.72005295753479,
            -0.08114790171384811,
            -4.169963359832764,
            -15.022329330444336,
            -6.103853225708008,
            -6.103853225708008,
            -3.930037260055542,
            -9.700301170349121,
            -2.324437141418457,
            0.27054455876350403,
            4.254193305969238,
            15.811246871948242,
            6.1511383056640625,
            6.1511383056640625,
            3.988853931427002,
            0.7621960043907166,
            0.9349967837333679,
            0.7559517025947571,
            0.606358528137207,
            0.7606089115142822,
            0.3816232681274414,
            0.3816232681274414,
            0.5930918455123901,
            0.0,
            0.0,
            0.0,
            0.0,
            0.0,
            0.0,
            0.0,
            0.0,
            1.0,
            1.0,
            1.0,
            1.0,
            1.0,
            1.0,
            1.0,
            1.0,
            1.0,
            1.0,
            1.0,
            1.0,
            1.0,
            1.0,
            1.0,
            1.0,
            1.0,
            1.0,
            1.0,
            1.0,
            1.0
        ],
        [
            0.5,
            24.532745361328125,
            8.199999809265137,
            8.300000190734863,
            8.399999618530273,
            -0.49627432227134705,
            7.528554439544678,
            2.8692984580993652,
            -2.1769356727600098,
            -24.951311111450195,
            -8.701496124267578,
            -8.701496124267578,
            -6.223063945770264,
            0.5,
            -7.512185573577881,
            -2.8663089275360107,
            2.178494930267334,
            25.029020309448242,
            8.71137809753418,
            8.71137809753418,
            6.233694553375244,
            0.0495225191116333,
            0.20951813459396362,
            0.13381066918373108,
            0.07761664688587189,
            0.23634971678256989,
            0.16653063893318176,
            0.16653063893318176,
            0.22248801589012146,
            0.0,
            0.0,
            0.0,
            0.0,
            0.0,
            0.0,
            0.0,
            0.0,
            2.0,
            1.0,
            1.0,
            1.0,
            2.0,
            1.0,
            1.0,
            1.0,
            1.0,
            1.0,
            1.0,
            1.0,
            1.0,
            1.0,
            1.0,
            1.0,
            1.0,
            1.0,
            1.0,
            1.0,
            1.0
        ]
    ],
    "eval_steps": 2016
}