{
    "eval_chronic": "/home/trlautenbacher/data_grid2op/rte_case5_example_val/chronics/12",
    "eval_rewards": [
        [
            0.029177140059487374,
            -0.042380952380952436,
            -1.0
        ],
        [
            0.9033475367475936,
            -0.3670476190476111,
            0.0
        ]
    ],
    "eval_actions": [
        2,
        27
    ],
    "eval_states": [
        [
            0.30000001192092896,
            26.32218360900879,
            7.800000190734863,
            8.300000190734863,
            8.100000381469727,
            9.874114990234375,
            1.1896162033081055,
            -1.7056965827941895,
            0.0004616523801814765,
            -15.944766998291016,
            -7.355907917022705,
            -7.355907917022705,
            -8.100461959838867,
            -8.593796730041504,
            -0.8269320726394653,
            1.9207289218902588,
            -9.252493519615324e-13,
            16.448068618774414,
            7.377575397491455,
            7.377575397491455,
            8.117512702941895,
            0.666581392288208,
            0.8934939503669739,
            0.8102020025253296,
            3.3073963354298894e-14,
            0.6087077260017395,
            0.2608397603034973,
            0.2608397603034973,
            0.2879382073879242,
            0.0,
            0.0,
            0.0,
            0.0,
            0.0,
            0.0,
            0.0,
            0.0,
            2.0,
            2.0,
            2.0,
            1.0,
            2.0,
            2.0,
            1.0,
            1.0,
            1.0,
            1.0,
            1.0,
            1.0,
            1.0,
            1.0,
            1.0,
            1.0,
            1.0,
            1.0,
            1.0,
            1.0,
            1.0
        ],
        [
            0.5,
            25.44337272644043,
            8.5,
            8.5,
            8.800000190734863,
            -0.49627432227134705,
            7.821130275726318,
            2.992171049118042,
            -2.2904937267303467,
            -25.8558349609375,
            -9.006680488586426,
            -9.006680488586426,
            -6.5095062255859375,
            0.5,
            -7.803281784057617,
            -2.9888789653778076,
            2.292160749435425,
            25.939647674560547,
            9.017353057861328,
            9.017353057861328,
            6.521189212799072,
            0.0495225191116333,
            0.21899378299713135,
            0.1398671418428421,
            0.08174321800470352,
            0.24530702829360962,
            0.1729247272014618,
            0.1729247272014618,
            0.23318275809288025,
            0.0,
            0.0,
            0.0,
            0.0,
            0.0,
            0.0,
            0.0,
            0.0,
            2.0,
            1.0,
            1.0,
            1.0,
            2.0,
            1.0,
            1.0,
            1.0,
            1.0,
            1.0,
            1.0,
            1.0,
            1.0,
            1.0,
            1.0,
            1.0,
            1.0,
            1.0,
            1.0,
            1.0,
            1.0
        ]
    ],
    "eval_steps": 2016
}