{
    "eval_chronic": "/home/trlautenbacher/data_grid2op/rte_case5_example_val/chronics/19",
    "eval_rewards": [
        [
            0.02099769727595194,
            0.0,
            -1.0
        ],
        [
            0.00022740500628907697,
            -9.523809523809523e-05,
            0.0
        ],
        [
            0.0,
            0.0,
            0.0
        ]
    ],
    "eval_actions": [
        38,
        52,
        17
    ],
    "eval_states": [
        [
            2.0,
            25.44330406188965,
            8.600000381469727,
            8.199999809265137,
            7.800000190734863,
            10.530046463012695,
            2.423443078994751,
            -0.2199360728263855,
            -4.109758377075195,
            -14.227006912231445,
            -5.860817909240723,
            -5.860817909240723,
            -3.690241575241089,
            -9.085627555847168,
            -2.0812861919403076,
            0.38408100605010986,
            4.18283224105835,
            14.913256645202637,
            5.9017815589904785,
            5.9017815589904785,
            3.741572380065918,
            0.7088104486465454,
            0.8667688965797424,
            0.6990258693695068,
            0.5617147088050842,
            0.7098175287246704,
            0.3560121953487396,
            0.3560121953487396,
            0.5571550130844116,
            0.0,
            0.0,
            0.0,
            0.0,
            0.0,
            0.0,
            0.0,
            0.0,
            1.0,
            1.0,
            1.0,
            1.0,
            1.0,
            1.0,
            1.0,
            1.0,
            1.0,
            1.0,
            1.0,
            1.0,
            1.0,
            1.0,
            1.0,
            1.0,
            1.0,
            1.0,
            1.0,
            1.0,
            1.0
        ],
        [
            0.6000000238418579,
            27.849750518798828,
            8.899999618530273,
            8.399999618530273,
            7.900000095367432,
            11.80440902709961,
            2.9930498600006104,
            4.650391942188914e-13,
            -3.9894025325775146,
            -15.453592300415039,
            -6.2147979736328125,
            -6.2147979736328125,
            -3.910597562789917,
            -10.016865730285645,
            -2.4244260787963867,
            0.001311096828430891,
            4.139981269836426,
            16.04534149169922,
            6.230270862579346,
            6.230270862579346,
            4.029595851898193,
            0.7899621725082397,
            1.1287635564804077,
            0.13720062375068665,
            0.8259466886520386,
            0.6595438718795776,
            0.2221287041902542,
            0.2221287041902542,
            0.8244836926460266,
            0.0,
            1.0,
            0.0,
            0.0,
            0.0,
            0.0,
            0.0,
            0.0,
            1.0,
            1.0,
            1.0,
            1.0,
            1.0,
            1.0,
            1.0,
            1.0,
            1.0,
            1.0,
            1.0,
            1.0,
            1.0,
            2.0,
            1.0,
            1.0,
            1.0,
            1.0,
            1.0,
            1.0,
            1.0
        ],
        [
            0.0,
            0.0,
            0.0,
            0.0,
            0.0,
            0.0,
            0.0,
            0.0,
            0.0,
            0.0,
            0.0,
            0.0,
            0.0,
            0.0,
            0.0,
            0.0,
            0.0,
            0.0,
            0.0,
            0.0,
            0.0,
            0.0,
            0.0,
            0.0,
            0.0,
            0.0,
            0.0,
            0.0,
            0.0,
            0.0,
            0.0,
            0.0,
            0.0,
            0.0,
            0.0,
            0.0,
            0.0,
            -1.0,
            -1.0,
            -1.0,
            -1.0,
            -1.0,
            -1.0,
            -1.0,
            -1.0,
            -1.0,
            -1.0,
            -1.0,
            -1.0,
            -1.0,
            -1.0,
            -1.0,
            -1.0,
            -1.0,
            -1.0,
            -1.0,
            -1.0,
            -1.0
        ]
    ],
    "eval_steps": 85
}