{
    "eval_chronic": "/home/trlautenbacher/data_grid2op/rte_case5_example_val/chronics/12",
    "eval_rewards": [
        [
            0.0002280831504712056,
            -0.0002857142857142857,
            -1.0
        ],
        [
            0.00025252418202664155,
            -0.0006666666666666666,
            -1.0
        ],
        [
            0.0,
            0.0,
            0.0
        ]
    ],
    "eval_actions": [
        42,
        22,
        13
    ],
    "eval_states": [
        [
            0.30000001192092896,
            26.923524856567383,
            7.800000190734863,
            8.300000190734863,
            8.100000381469727,
            11.01897144317627,
            2.3903191089630127,
            0.2034924328327179,
            -3.945746660232544,
            -15.243951797485352,
            -4.395274639129639,
            -8.300000190734863,
            -4.154253959655762,
            -9.446654319763184,
            -1.9733175039291382,
            -0.08278089016675949,
            4.002752304077148,
            15.90455436706543,
            4.541980743408203,
            8.311651229858398,
            4.191782474517822,
            0.7400828003883362,
            0.9609616994857788,
            0.5896703600883484,
            0.49094295501708984,
            0.6965228915214539,
            0.6633483171463013,
            0.17698507010936737,
            0.4821312427520752,
            0.0,
            0.0,
            0.0,
            0.0,
            0.0,
            0.0,
            0.0,
            0.0,
            1.0,
            1.0,
            1.0,
            1.0,
            1.0,
            1.0,
            1.0,
            1.0,
            1.0,
            1.0,
            1.0,
            1.0,
            1.0,
            2.0,
            2.0,
            1.0,
            2.0,
            1.0,
            1.0,
            1.0,
            1.0
        ],
        [
            0.30000001192092896,
            26.863426208496094,
            8.0,
            8.100000381469727,
            8.199999809265137,
            12.883925437927246,
            0.9434512257575989,
            -0.9214303493499756,
            -2.835054874420166,
            -13.807608604431152,
            -4.651099681854248,
            -8.100000381469727,
            -5.364944934844971,
            -10.781447410583496,
            -0.9275181889533997,
            0.9275181889533997,
            3.0814473628997803,
            13.979499816894531,
            4.753147602081299,
            8.111010551452637,
            5.5725297927856445,
            0.8578150272369385,
            0.15648965537548065,
            0.21517327427864075,
            1.0694042444229126,
            0.3580848276615143,
            0.555308997631073,
            0.1719607710838318,
            1.073570966720581,
            0.0,
            0.0,
            0.0,
            1.0,
            0.0,
            0.0,
            0.0,
            1.0,
            2.0,
            1.0,
            1.0,
            2.0,
            2.0,
            2.0,
            1.0,
            1.0,
            1.0,
            1.0,
            1.0,
            1.0,
            1.0,
            2.0,
            2.0,
            1.0,
            2.0,
            1.0,
            1.0,
            1.0,
            1.0
        ],
        [
            0.0,
            0.0,
            0.0,
            0.0,
            0.0,
            0.0,
            0.0,
            0.0,
            0.0,
            0.0,
            0.0,
            0.0,
            0.0,
            0.0,
            0.0,
            0.0,
            0.0,
            0.0,
            0.0,
            0.0,
            0.0,
            0.0,
            0.0,
            0.0,
            0.0,
            0.0,
            0.0,
            0.0,
            0.0,
            0.0,
            0.0,
            0.0,
            0.0,
            0.0,
            0.0,
            0.0,
            0.0,
            -1.0,
            -1.0,
            -1.0,
            -1.0,
            -1.0,
            -1.0,
            -1.0,
            -1.0,
            -1.0,
            -1.0,
            -1.0,
            -1.0,
            -1.0,
            -1.0,
            -1.0,
            -1.0,
            -1.0,
            -1.0,
            -1.0,
            -1.0,
            -1.0
        ]
    ],
    "eval_steps": 3
}