{
    "eval_chronic": "/home/trlautenbacher/data_grid2op/rte_case5_example_val/chronics/12",
    "eval_rewards": [
        [
            0.020413685006514727,
            0.0,
            -1.0
        ],
        [
            0.6105095823832288,
            -0.735999999999984,
            -1.0
        ]
    ],
    "eval_actions": [
        30,
        15
    ],
    "eval_states": [
        [
            0.30000001192092896,
            27.17757797241211,
            7.800000190734863,
            8.300000190734863,
            8.100000381469727,
            11.366332054138184,
            2.72005295753479,
            -0.08114790171384811,
            -4.169963359832764,
            -15.022329330444336,
            -6.103853225708008,
            -6.103853225708008,
            -3.930037260055542,
            -9.700301170349121,
            -2.324437141418457,
            0.27054455876350403,
            4.254193305969238,
            15.811246871948242,
            6.1511383056640625,
            6.1511383056640625,
            3.988853931427002,
            0.7621960043907166,
            0.9349967837333679,
            0.7559517025947571,
            0.606358528137207,
            0.7606089115142822,
            0.3816232681274414,
            0.3816232681274414,
            0.5930918455123901,
            0.0,
            0.0,
            0.0,
            0.0,
            0.0,
            0.0,
            0.0,
            0.0,
            1.0,
            1.0,
            1.0,
            1.0,
            1.0,
            1.0,
            1.0,
            1.0,
            1.0,
            1.0,
            1.0,
            1.0,
            1.0,
            1.0,
            1.0,
            1.0,
            1.0,
            1.0,
            1.0,
            1.0,
            1.0
        ],
        [
            0.5,
            26.039447784423828,
            8.199999809265137,
            8.300000190734863,
            8.399999618530273,
            8.482733726501465,
            8.223319053649902,
            -2.0300347805023193,
            -5.698554992675781,
            -17.347606658935547,
            -4.515445709228516,
            -4.515445709228516,
            -2.701444625854492,
            -7.521273612976074,
            -8.199999809265137,
            2.2305803298950195,
            5.790693759918213,
            17.556713104248047,
            4.562143802642822,
            4.562143802642822,
            2.7609262466430664,
            0.5759302377700806,
            0.2564992308616638,
            0.7801916003227234,
            0.6373403668403625,
            0.3941866159439087,
            0.3795967996120453,
            0.3795967996120453,
            0.5969411730766296,
            0.0,
            0.0,
            0.0,
            0.0,
            0.0,
            0.0,
            0.0,
            0.0,
            2.0,
            1.0,
            2.0,
            2.0,
            2.0,
            1.0,
            1.0,
            1.0,
            1.0,
            1.0,
            1.0,
            1.0,
            1.0,
            1.0,
            1.0,
            1.0,
            1.0,
            1.0,
            1.0,
            1.0,
            1.0
        ]
    ],
    "eval_steps": 2016
}