{
    "eval_chronic": "/home/trlautenbacher/data_grid2op/rte_case5_example_val/chronics/19",
    "eval_rewards": [
        [
            0.0001699821134031241,
            -0.00019047619047619045,
            -1.0
        ],
        [
            0.029340124750866642,
            -0.03952380952380957,
            -1.0
        ],
        [
            0.0,
            0.0,
            0.0
        ]
    ],
    "eval_actions": [
        51,
        11,
        5
    ],
    "eval_states": [
        [
            2.0,
            26.926654815673828,
            8.600000381469727,
            8.199999809265137,
            7.800000190734863,
            13.773613929748535,
            5.920811653137207,
            -8.199999809265137,
            -1.589377999305725,
            -12.32602596282959,
            -3.17974853515625,
            -3.17974853515625,
            -6.210622310638428,
            -11.395428657531738,
            -5.197066783905029,
            8.228846549987793,
            1.7636480331420898,
            13.153040885925293,
            3.2026069164276123,
            3.2026069164276123,
            6.3594970703125,
            0.9131433963775635,
            1.2786575555801392,
            0.2990705370903015,
            0.8915601968765259,
            0.7786497473716736,
            0.26937970519065857,
            0.26937970519065857,
            0.9157959222793579,
            0.0,
            1.0,
            0.0,
            0.0,
            0.0,
            0.0,
            0.0,
            0.0,
            1.0,
            1.0,
            1.0,
            1.0,
            1.0,
            1.0,
            1.0,
            1.0,
            1.0,
            1.0,
            1.0,
            1.0,
            1.0,
            2.0,
            1.0,
            1.0,
            1.0,
            2.0,
            1.0,
            1.0,
            1.0
        ],
        [
            1.899999976158142,
            23.418272018432617,
            8.600000381469727,
            8.199999809265137,
            7.800000190734863,
            3.807565450668335,
            -5.397064208984375,
            -8.199999809265137,
            16.913076400756836,
            -19.53367805480957,
            -12.444703102111816,
            -12.444703102111816,
            -24.713077545166016,
            -3.6015114784240723,
            5.501511573791504,
            8.229596138000488,
            -16.82959747314453,
            19.610706329345703,
            12.465371131896973,
            12.465371131896973,
            24.889406204223633,
            0.25972750782966614,
            0.4629361629486084,
            0.3036566376686096,
            0.669814944267273,
            0.23974795639514923,
            0.24112024903297424,
            0.24112024903297424,
            0.9294549226760864,
            0.0,
            0.0,
            0.0,
            0.0,
            0.0,
            0.0,
            0.0,
            0.0,
            2.0,
            2.0,
            1.0,
            1.0,
            2.0,
            1.0,
            1.0,
            1.0,
            1.0,
            1.0,
            1.0,
            1.0,
            1.0,
            2.0,
            1.0,
            1.0,
            1.0,
            2.0,
            1.0,
            1.0,
            1.0
        ],
        [
            0.0,
            0.0,
            0.0,
            0.0,
            0.0,
            0.0,
            0.0,
            0.0,
            0.0,
            0.0,
            0.0,
            0.0,
            0.0,
            0.0,
            0.0,
            0.0,
            0.0,
            0.0,
            0.0,
            0.0,
            0.0,
            0.0,
            0.0,
            0.0,
            0.0,
            0.0,
            0.0,
            0.0,
            0.0,
            0.0,
            0.0,
            0.0,
            0.0,
            0.0,
            0.0,
            0.0,
            0.0,
            -1.0,
            -1.0,
            -1.0,
            -1.0,
            -1.0,
            -1.0,
            -1.0,
            -1.0,
            -1.0,
            -1.0,
            -1.0,
            -1.0,
            -1.0,
            -1.0,
            -1.0,
            -1.0,
            -1.0,
            -1.0,
            -1.0,
            -1.0,
            -1.0
        ]
    ],
    "eval_steps": 85
}