{
    "eval_chronic": "/home/trlautenbacher/data_grid2op/rte_case5_example_val/chronics/19",
    "eval_rewards": [
        [
            0.03207598088860369,
            -0.030095238095238105,
            -1.0
        ],
        [
            0.9053317470386132,
            -0.3689523809523729,
            0.0
        ]
    ],
    "eval_actions": [
        10,
        27
    ],
    "eval_states": [
        [
            2.0,
            24.043027877807617,
            8.600000381469727,
            8.199999809265137,
            7.800000190734863,
            7.998982906341553,
            -0.19568248093128204,
            2.2898261547088623,
            -2.285078525543213,
            -15.83263874053955,
            -8.006200790405273,
            -8.006200790405273,
            -5.51492166519165,
            -7.138791561126709,
            0.538791298866272,
            -2.287553071975708,
            2.287553071975708,
            16.04404640197754,
            8.01416015625,
            8.01416015625,
            5.5225749015808105,
            0.5440607070922852,
            0.8679614067077637,
            0.08612536638975143,
            0.08612536638975143,
            0.3964269757270813,
            0.15157735347747803,
            0.15157735347747803,
            0.19770239293575287,
            0.0,
            0.0,
            0.0,
            0.0,
            0.0,
            0.0,
            0.0,
            0.0,
            2.0,
            2.0,
            1.0,
            1.0,
            2.0,
            2.0,
            1.0,
            1.0,
            1.0,
            1.0,
            1.0,
            1.0,
            1.0,
            1.0,
            1.0,
            1.0,
            1.0,
            1.0,
            1.0,
            1.0,
            1.0
        ],
        [
            0.6000000238418579,
            23.726160049438477,
            8.600000381469727,
            8.0,
            7.599999904632568,
            -0.5946429967880249,
            7.4480061531066895,
            2.9159469604492188,
            -1.7438459396362305,
            -24.247629165649414,
            -8.390724182128906,
            -8.390724182128906,
            -5.856153964996338,
            0.6000000238418579,
            -7.431985855102539,
            -2.9128260612487793,
            1.7448114156723022,
            24.320802688598633,
            8.399811744689941,
            8.399811744689941,
            5.865501403808594,
            0.056816522032022476,
            0.2074499875307083,
            0.13724708557128906,
            0.06406750530004501,
            0.22948676347732544,
            0.1599591225385666,
            0.1599591225385666,
            0.20887604355812073,
            0.0,
            0.0,
            0.0,
            0.0,
            0.0,
            0.0,
            0.0,
            0.0,
            2.0,
            1.0,
            1.0,
            1.0,
            2.0,
            1.0,
            1.0,
            1.0,
            1.0,
            1.0,
            1.0,
            1.0,
            1.0,
            1.0,
            1.0,
            1.0,
            1.0,
            1.0,
            1.0,
            1.0,
            1.0
        ]
    ],
    "eval_steps": 2016
}