{"DoNothing/train/reward_0": 0.0, "DoNothing/train/reward_1": 0.0002448991844352995, "DoNothing/train/reward_2": -0.1, "DoNothing/train/grid2opsteps": 8689, "_timestamp": 1721288346.9205399, "_runtime": 5.240032911300659, "_step": 32, "_wandb": {"runtime": 4}, "DoNothing/eval/reward_0": 0.002742763772175537, "DoNothing/eval/reward_1": 0.0015783471663686774, "DoNothing/eval/reward_2": -0.6058823529411754}