{"DoNothing/train/reward_0": 0.0, "DoNothing/train/reward_1": 0.00021793352974767784, "DoNothing/train/reward_2": 1.0, "DoNothing/train/grid2opsteps": 3022, "_timestamp": 1721289970.1038718, "_runtime": 4.816952705383301, "_step": 32, "_wandb": {"runtime": 3}, "DoNothing/eval/reward_0": 0.0032242063492063495, "DoNothing/eval/reward_1": 0.0023248390129069875, "DoNothing/eval/reward_2": 6.475}