{"DoNothing/train/reward_0": 0.0, "DoNothing/train/reward_1": 0.34334027767181396, "DoNothing/train/reward_2": -0.1, "DoNothing/train/grid2opsteps": 3139, "_timestamp": 1721285968.4708893, "_runtime": 4.258703231811523, "_step": 16, "_wandb": {"runtime": 8}, "DoNothing/eval/reward_0": 0.0032242063492063495, "DoNothing/eval/reward_1": 3.41770008531, "DoNothing/eval/reward_2": -0.6612500000000056}