{"DoNothing/train/reward_0": 0.0, "DoNothing/train/reward_1": 0.00020532848798625127, "DoNothing/train/reward_2": 0.0, "DoNothing/train/grid2opsteps": 8689, "_timestamp": 1721370290.3893101, "_runtime": 6.457241058349609, "_step": 16, "_wandb": {"runtime": 5}, "DoNothing/eval/reward_0": 0.0016121031746031747, "DoNothing/eval/reward_1": 0.0019491926052442772, "DoNothing/eval/reward_2": -0.0125}