{"train/reward_0": 0.0, "train/reward_1": 0.00030811910427859307, "train/reward_2": -1.0, "train/grid2opsteps": 1272, "_timestamp": 1722409283.9652865, "_runtime": 5.303434610366821, "_step": 16, "_wandb": {"runtime": 25}}