{
    "eval_chronic": "C:\\Users\\thoma\\data_grid2op\\rte_case5_example_val\\chronics\\19",
    "eval_rewards": [
        [
            0.00022886861337522408,
            -0.14285714285714285,
            -1.0
        ],
        [
            0.0002270404217809147,
            -0.14285714285714285,
            0.0
        ],
        [
            6.940271490049668e-05,
            -0.2857142857142857,
            -1.0
        ],
        [
            0.0,
            0.0,
            0.0
        ]
    ],
    "eval_actions": [
        31,
        0,
        12,
        29
    ],
    "eval_states": [
        [
            2.0,
            25.800434112548828,
            8.600000381469727,
            8.199999809265137,
            7.800000190734863,
            11.375960350036621,
            3.3511319160461426,
            -1.0986665487289429,
            -4.721121311187744,
            -13.714180946350098,
            -10.22237777709961,
            5.799335121992044e-05,
            -3.07887864112854,
            -9.707298278808594,
            -2.9159696102142334,
            1.2376306056976318,
            4.785636901855469,
            14.424474716186523,
            10.363049507141113,
            -2.7823520397374235e-12,
            3.120986223220825,
            0.7628076672554016,
            0.982571005821228,
            0.6378321051597595,
            0.5257518887519836,
            0.7220473289489746,
            0.6493295431137085,
            5.2691710586763585e-14,
            0.5092878937721252,
            0.0,
            0.0,
            0.0,
            0.0,
            0.0,
            0.0,
            0.0,
            0.0,
            1.0,
            1.0,
            1.0,
            1.0,
            1.0,
            1.0,
            1.0,
            1.0,
            1.0,
            2.0,
            2.0,
            2.0,
            1.0,
            1.0,
            1.0,
            1.0,
            1.0,
            1.0,
            1.0,
            1.0,
            1.0
        ],
        [
            1.899999976158142,
            25.937774658203125,
            8.600000381469727,
            8.199999809265137,
            7.800000190734863,
            11.447708129882812,
            3.381563186645508,
            -1.0847923755645752,
            -4.711845397949219,
            -13.770641326904297,
            -10.246174812316895,
            5.799351492896676e-05,
            -3.0881547927856445,
            -9.759384155273438,
            -2.9417014122009277,
            1.2247426509857178,
            4.776342868804932,
            14.490067481994629,
            10.389078140258789,
            0.0,
            3.1309094429016113,
            0.767363965511322,
            0.9880748987197876,
            0.6403298377990723,
            0.5256631374359131,
            0.7266340851783752,
            0.6543689966201782,
            0.0,
            0.5128368139266968,
            0.0,
            0.0,
            0.0,
            0.0,
            0.0,
            0.0,
            0.0,
            0.0,
            1.0,
            1.0,
            1.0,
            1.0,
            1.0,
            1.0,
            1.0,
            1.0,
            1.0,
            2.0,
            2.0,
            2.0,
            1.0,
            1.0,
            1.0,
            1.0,
            1.0,
            1.0,
            1.0,
            1.0,
            1.0
        ],
        [
            1.899999976158142,
            25.555912017822266,
            8.5,
            8.0,
            7.900000095367432,
            8.511575698852539,
            0.1398690938949585,
            2.0547757148742676,
            -2.7903363704681396,
            -16.448284149169922,
            -15.445598602294922,
            5.7954093790613115e-05,
            -5.109663963317871,
            -8.443560600280762,
            -0.05643901601433754,
            -1.2126191854476929,
            3.112619161605835,
            17.044336318969727,
            16.308414459228516,
            9.348354338897802e-13,
            5.390765190124512,
            0.1456235945224762,
            0.48686739802360535,
            1.6701219081878662,
            1.2299457788467407,
            0.6618922352790833,
            1.5902833938598633,
            1.9569210550521125e-14,
            1.2417436838150024,
            0.0,
            0.0,
            1.0,
            1.0,
            0.0,
            1.0,
            0.0,
            1.0,
            2.0,
            2.0,
            1.0,
            1.0,
            1.0,
            2.0,
            1.0,
            1.0,
            1.0,
            2.0,
            2.0,
            2.0,
            1.0,
            1.0,
            1.0,
            1.0,
            1.0,
            1.0,
            1.0,
            1.0,
            1.0
        ],
        [
            0.0,
            0.0,
            0.0,
            0.0,
            0.0,
            0.0,
            0.0,
            0.0,
            0.0,
            0.0,
            0.0,
            0.0,
            0.0,
            0.0,
            0.0,
            0.0,
            0.0,
            0.0,
            0.0,
            0.0,
            0.0,
            0.0,
            0.0,
            0.0,
            0.0,
            0.0,
            0.0,
            0.0,
            0.0,
            0.0,
            0.0,
            0.0,
            0.0,
            0.0,
            0.0,
            0.0,
            0.0,
            -1.0,
            -1.0,
            -1.0,
            -1.0,
            -1.0,
            -1.0,
            -1.0,
            -1.0,
            -1.0,
            -1.0,
            -1.0,
            -1.0,
            -1.0,
            -1.0,
            -1.0,
            -1.0,
            -1.0,
            -1.0,
            -1.0,
            -1.0,
            -1.0
        ]
    ],
    "eval_steps": 4
}