{
    "eval_chronic": "C:\\Users\\thoma\\data_grid2op\\rte_case5_example_val\\chronics\\19",
    "eval_rewards": [
        [
            0.02099769727595194,
            0.0,
            0.0
        ],
        [
            0.00018655430647087785,
            0.0,
            -1.0
        ],
        [
            0.0,
            0.0,
            0.0
        ]
    ],
    "eval_actions": [
        0,
        1,
        21
    ],
    "eval_states": [
        [
            2.0,
            25.44330406188965,
            8.600000381469727,
            8.199999809265137,
            7.800000190734863,
            10.530046463012695,
            2.423443078994751,
            -0.2199360728263855,
            -4.109758377075195,
            -14.227006912231445,
            -5.860817909240723,
            -5.860817909240723,
            -3.690241575241089,
            -9.085627555847168,
            -2.0812861919403076,
            0.38408100605010986,
            4.18283224105835,
            14.913256645202637,
            5.9017815589904785,
            5.9017815589904785,
            3.741572380065918,
            0.7088104486465454,
            0.8667688965797424,
            0.6990258693695068,
            0.5617147088050842,
            0.7098175287246704,
            0.3560121953487396,
            0.3560121953487396,
            0.5571550130844116,
            0.0,
            0.0,
            0.0,
            0.0,
            0.0,
            0.0,
            0.0,
            0.0,
            1.0,
            1.0,
            1.0,
            1.0,
            1.0,
            1.0,
            1.0,
            1.0,
            1.0,
            1.0,
            1.0,
            1.0,
            1.0,
            1.0,
            1.0,
            1.0,
            1.0,
            1.0,
            1.0,
            1.0,
            1.0
        ],
        [
            0.6000000238418579,
            28.145734786987305,
            8.899999618530273,
            8.399999618530273,
            7.900000095367432,
            11.861376762390137,
            2.9203853607177734,
            0.035780590027570724,
            -3.9931609630584717,
            -15.430535316467285,
            -6.203673839569092,
            -6.203673839569092,
            -3.90683913230896,
            -10.057762145996094,
            -2.4922099113464355,
            0.16855567693710327,
            4.081417083740234,
            16.284358978271484,
            6.255074977874756,
            6.255074977874756,
            3.971567392349243,
            0.7935629487037659,
            0.9743054509162903,
            0.7878512144088745,
            0.6216202974319458,
            0.7910258173942566,
            0.3973919451236725,
            0.3973919451236725,
            0.6200265884399414,
            0.0,
            0.0,
            0.0,
            0.0,
            0.0,
            0.0,
            0.0,
            0.0,
            1.0,
            1.0,
            1.0,
            1.0,
            1.0,
            1.0,
            1.0,
            1.0,
            1.0,
            1.0,
            1.0,
            1.0,
            1.0,
            1.0,
            1.0,
            1.0,
            1.0,
            1.0,
            1.0,
            1.0,
            1.0
        ],
        [
            0.0,
            0.0,
            0.0,
            0.0,
            0.0,
            0.0,
            0.0,
            0.0,
            0.0,
            0.0,
            0.0,
            0.0,
            0.0,
            0.0,
            0.0,
            0.0,
            0.0,
            0.0,
            0.0,
            0.0,
            0.0,
            0.0,
            0.0,
            0.0,
            0.0,
            0.0,
            0.0,
            0.0,
            0.0,
            0.0,
            0.0,
            0.0,
            0.0,
            0.0,
            0.0,
            0.0,
            0.0,
            -1.0,
            -1.0,
            -1.0,
            -1.0,
            -1.0,
            -1.0,
            -1.0,
            -1.0,
            -1.0,
            -1.0,
            -1.0,
            -1.0,
            -1.0,
            -1.0,
            -1.0,
            -1.0,
            -1.0,
            -1.0,
            -1.0,
            -1.0,
            -1.0
        ]
    ],
    "eval_steps": 85
}