{
    "eval_chronic": "C:\\Users\\thoma\\data_grid2op\\rte_case5_example_val\\chronics\\19",
    "eval_rewards": [
        [
            0.021075186492240414,
            -7.9999999999999885,
            -1.0
        ],
        [
            0.0,
            0.0,
            0.0
        ]
    ],
    "eval_actions": [
        44,
        21
    ],
    "eval_states": [
        [
            2.0,
            25.387449264526367,
            8.600000381469727,
            8.199999809265137,
            7.800000190734863,
            10.39999771118164,
            2.2812752723693848,
            1.2768239974975586,
            -5.388486862182617,
            -14.319948196411133,
            -1.2768239974975586,
            -10.670052528381348,
            -2.411513328552246,
            -8.988800048828125,
            -1.9452779293060303,
            -1.141396403312683,
            5.4754743576049805,
            14.987452507019043,
            1.3383519649505615,
            10.70032024383545,
            2.470053195953369,
            0.700463056564331,
            0.8585675954818726,
            0.6287684440612793,
            0.6178348660469055,
            0.70013827085495,
            0.43420055508613586,
            0.30505040287971497,
            0.5927112698554993,
            0.0,
            0.0,
            0.0,
            0.0,
            0.0,
            0.0,
            0.0,
            0.0,
            1.0,
            1.0,
            1.0,
            1.0,
            1.0,
            1.0,
            1.0,
            1.0,
            1.0,
            1.0,
            1.0,
            1.0,
            1.0,
            2.0,
            2.0,
            1.0,
            1.0,
            1.0,
            1.0,
            1.0,
            1.0
        ],
        [
            0.0,
            0.0,
            0.0,
            0.0,
            0.0,
            0.0,
            0.0,
            0.0,
            0.0,
            0.0,
            0.0,
            0.0,
            0.0,
            0.0,
            0.0,
            0.0,
            0.0,
            0.0,
            0.0,
            0.0,
            0.0,
            0.0,
            0.0,
            0.0,
            0.0,
            0.0,
            0.0,
            0.0,
            0.0,
            0.0,
            0.0,
            0.0,
            0.0,
            0.0,
            0.0,
            0.0,
            0.0,
            -1.0,
            -1.0,
            -1.0,
            -1.0,
            -1.0,
            -1.0,
            -1.0,
            -1.0,
            -1.0,
            -1.0,
            -1.0,
            -1.0,
            -1.0,
            -1.0,
            -1.0,
            -1.0,
            -1.0,
            -1.0,
            -1.0,
            -1.0,
            -1.0
        ]
    ],
    "eval_steps": 85
}