{
    "eval_chronic": "C:\\Users\\thoma\\data_grid2op\\rte_case5_example_val\\chronics\\19",
    "eval_rewards": [
        [
            0.00013401786581110575,
            -0.14285714285714285,
            -1.0
        ],
        [
            6.663299443694991e-05,
            -0.2857142857142857,
            -1.0
        ],
        [
            0.0,
            0.0,
            0.0
        ]
    ],
    "eval_actions": [
        12,
        32,
        29
    ],
    "eval_states": [
        [
            2.0,
            24.587257385253906,
            8.600000381469727,
            8.199999809265137,
            7.800000190734863,
            8.370132446289062,
            0.34803077578544617,
            1.7608593702316284,
            -2.875864028930664,
            -15.762970924377441,
            -7.547789096832275,
            -7.547789096832275,
            -4.924136161804199,
            -8.316417694091797,
            -0.2835831344127655,
            -1.1237329244613647,
            3.123732805252075,
            16.217124938964844,
            7.707470417022705,
            7.707470417022705,
            5.134718894958496,
            0.1287052482366562,
            0.432674765586853,
            1.4437363147735596,
            1.0727533102035522,
            0.5785201787948608,
            0.6913175582885742,
            0.6913175582885742,
            1.081087589263916,
            0.0,
            0.0,
            1.0,
            1.0,
            0.0,
            0.0,
            0.0,
            1.0,
            2.0,
            2.0,
            1.0,
            1.0,
            1.0,
            2.0,
            1.0,
            1.0,
            1.0,
            1.0,
            1.0,
            1.0,
            1.0,
            1.0,
            1.0,
            1.0,
            1.0,
            1.0,
            1.0,
            1.0,
            1.0
        ],
        [
            1.899999976158142,
            25.78845977783203,
            8.600000381469727,
            8.199999809265137,
            7.800000190734863,
            8.59866714477539,
            0.15434609353542328,
            2.0355384349823,
            -2.7573537826538086,
            -16.588397979736328,
            5.79515726712998e-05,
            -15.56260871887207,
            -5.042646408081055,
            -8.530187606811523,
            -0.06981302797794342,
            -1.1832985877990723,
            3.083298683166504,
            17.18979263305664,
            -1.8563965469009513e-12,
            16.434053421020508,
            5.327012538909912,
            0.1461864411830902,
            0.4898145794868469,
            1.680498719215393,
            1.2371821403503418,
            0.6648221611976624,
            3.52788951480873e-14,
            1.598149299621582,
            1.2486765384674072,
            0.0,
            0.0,
            2.0,
            2.0,
            0.0,
            0.0,
            1.0,
            2.0,
            2.0,
            2.0,
            1.0,
            1.0,
            1.0,
            2.0,
            1.0,
            1.0,
            1.0,
            2.0,
            2.0,
            1.0,
            2.0,
            1.0,
            1.0,
            1.0,
            1.0,
            1.0,
            1.0,
            1.0,
            1.0
        ],
        [
            0.0,
            0.0,
            0.0,
            0.0,
            0.0,
            0.0,
            0.0,
            0.0,
            0.0,
            0.0,
            0.0,
            0.0,
            0.0,
            0.0,
            0.0,
            0.0,
            0.0,
            0.0,
            0.0,
            0.0,
            0.0,
            0.0,
            0.0,
            0.0,
            0.0,
            0.0,
            0.0,
            0.0,
            0.0,
            0.0,
            0.0,
            0.0,
            0.0,
            0.0,
            0.0,
            0.0,
            0.0,
            -1.0,
            -1.0,
            -1.0,
            -1.0,
            -1.0,
            -1.0,
            -1.0,
            -1.0,
            -1.0,
            -1.0,
            -1.0,
            -1.0,
            -1.0,
            -1.0,
            -1.0,
            -1.0,
            -1.0,
            -1.0,
            -1.0,
            -1.0,
            -1.0
        ]
    ],
    "eval_steps": 3
}