{
    "eval_chronic": "C:\\Users\\thoma\\data_grid2op\\rte_case5_example_val\\chronics\\19",
    "eval_rewards": [
        [
            0.00024969439435321855,
            -0.14285714285714285,
            -1.0
        ],
        [
            0.022014633337480483,
            -11.285714285714283,
            0.0
        ],
        [
            0.00022564075720850682,
            -0.14285714285714285,
            0.0
        ],
        [
            0.6964832343748454,
            -645.0000000000034,
            -1.0
        ]
    ],
    "eval_actions": [
        49,
        42,
        42,
        15
    ],
    "eval_states": [
        [
            2.0,
            28.75756072998047,
            8.600000381469727,
            8.199999809265137,
            7.800000190734863,
            17.74978256225586,
            10.220011711120605,
            -7.090912818908691,
            -8.909404754638672,
            -10.220128059387207,
            1.8552097792029487e-12,
            1.8552097792029487e-12,
            1.1094046831130981,
            -13.97179889678955,
            -8.669865608215332,
            7.110354423522949,
            8.931309700012207,
            11.007777214050293,
            5.8139688917435706e-05,
            5.8139688917435706e-05,
            -1.1090868711471558,
            1.1542670726776123,
            1.8895765542984009,
            0.2518334984779358,
            0.32113906741142273,
            0.7600681781768799,
            0.025899989530444145,
            0.025899989530444145,
            0.06881707906723022,
            1.0,
            1.0,
            0.0,
            0.0,
            0.0,
            0.0,
            0.0,
            0.0,
            1.0,
            1.0,
            1.0,
            1.0,
            1.0,
            1.0,
            1.0,
            1.0,
            1.0,
            1.0,
            1.0,
            1.0,
            1.0,
            2.0,
            1.0,
            1.0,
            2.0,
            2.0,
            1.0,
            1.0,
            1.0
        ],
        [
            1.899999976158142,
            25.339658737182617,
            8.600000381469727,
            8.199999809265137,
            7.800000190734863,
            10.242335319519043,
            2.101553440093994,
            0.10416430979967117,
            -3.8607423305511475,
            -14.518933296203613,
            -4.0764336585998535,
            -8.199999809265137,
            -3.939257860183716,
            -8.87096118927002,
            -1.7386456727981567,
            -5.6893615692388266e-05,
            3.909662961959839,
            15.097323417663574,
            4.205933570861816,
            8.211445808410645,
            3.9722695350646973,
            0.6903266310691833,
            0.8938180804252625,
            0.5427225232124329,
            0.45159125328063965,
            0.6521442532539368,
            0.6240140795707703,
            0.17530490458011627,
            0.4550015330314636,
            0.0,
            0.0,
            0.0,
            0.0,
            0.0,
            0.0,
            0.0,
            0.0,
            1.0,
            1.0,
            1.0,
            1.0,
            1.0,
            1.0,
            1.0,
            1.0,
            1.0,
            1.0,
            1.0,
            1.0,
            1.0,
            2.0,
            2.0,
            1.0,
            2.0,
            1.0,
            1.0,
            1.0,
            1.0
        ],
        [
            0.6000000238418579,
            26.882474899291992,
            8.699999809265137,
            7.900000095367432,
            7.800000190734863,
            11.139420509338379,
            2.5632615089416504,
            0.32000988721847534,
            -3.7147343158721924,
            -15.068933486938477,
            -4.4443864822387695,
            -7.900000095367432,
            -4.08526611328125,
            -9.534873008728027,
            -2.138172149658203,
            -0.19750432670116425,
            3.770549774169922,
            15.743053436279297,
            4.594825267791748,
            7.910846710205078,
            4.12437629699707,
            0.7477604150772095,
            0.9706243276596069,
            0.5945473909378052,
            0.48512405157089233,
            0.7035552263259888,
            0.6715724468231201,
            0.17030169069766998,
            0.49141961336135864,
            0.0,
            0.0,
            0.0,
            0.0,
            0.0,
            0.0,
            0.0,
            0.0,
            1.0,
            1.0,
            1.0,
            1.0,
            1.0,
            1.0,
            1.0,
            1.0,
            1.0,
            1.0,
            1.0,
            1.0,
            1.0,
            2.0,
            2.0,
            1.0,
            2.0,
            1.0,
            1.0,
            1.0,
            1.0
        ],
        [
            0.6000000238418579,
            24.854894638061523,
            8.5,
            8.0,
            7.800000190734863,
            7.148180961608887,
            8.525435447692871,
            -1.740718960762024,
            -5.161235809326172,
            -17.586416244506836,
            -0.9273966550827026,
            -8.0,
            -2.6387641429901123,
            -6.453693866729736,
            -8.5,
            1.841882586479187,
            5.211811542510986,
            17.70671272277832,
            1.050036907196045,
            8.010945320129395,
            2.6681156158447266,
            0.48755431175231934,
            0.26735806465148926,
            0.5344711542129517,
            0.4615059494972229,
            0.29988664388656616,
            0.607694685459137,
            0.17127153277397156,
            0.43295907974243164,
            0.0,
            0.0,
            0.0,
            0.0,
            0.0,
            0.0,
            0.0,
            0.0,
            2.0,
            1.0,
            2.0,
            2.0,
            2.0,
            1.0,
            1.0,
            1.0,
            1.0,
            1.0,
            1.0,
            1.0,
            1.0,
            2.0,
            2.0,
            1.0,
            2.0,
            1.0,
            1.0,
            1.0,
            1.0
        ]
    ],
    "eval_steps": 2016
}