{
    "eval_chronic": "C:\\Users\\thoma\\data_grid2op\\rte_case5_example_val\\chronics\\12",
    "eval_rewards": [
        [
            0.0001767823878414288,
            -0.09523809523809523,
            -1.0
        ],
        [
            0.028876908031420345,
            -20.952380952380906,
            0.0
        ],
        [
            0.0,
            0.0,
            0.0
        ]
    ],
    "eval_actions": [
        28,
        2,
        34
    ],
    "eval_states": [
        [
            0.30000001192092896,
            26.344362258911133,
            7.800000190734863,
            8.300000190734863,
            8.100000381469727,
            7.819312572479248,
            3.859999418258667,
            0.5825842022895813,
            -3.7348313331604004,
            -17.341856002807617,
            -6.669350624084473,
            -6.669350624084473,
            -4.365169048309326,
            -7.800000190734863,
            -3.2585573196411133,
            -0.29659321904182434,
            3.8551504611968994,
            18.525049209594727,
            6.740928649902344,
            6.740928649902344,
            4.456116676330566,
            0.09022349119186401,
            1.1620429754257202,
            0.9446268081665039,
            0.7332990765571594,
            0.9300640821456909,
            0.4668242335319519,
            0.4668242335319519,
            0.7263435125350952,
            0.0,
            1.0,
            0.0,
            0.0,
            0.0,
            0.0,
            0.0,
            0.0,
            2.0,
            1.0,
            1.0,
            1.0,
            1.0,
            2.0,
            1.0,
            1.0,
            1.0,
            1.0,
            1.0,
            1.0,
            1.0,
            1.0,
            1.0,
            1.0,
            1.0,
            1.0,
            1.0,
            1.0,
            1.0
        ],
        [
            0.30000001192092896,
            26.469797134399414,
            8.0,
            8.100000381469727,
            8.199999809265137,
            9.979097366333008,
            1.2586381435394287,
            -1.6453227996826172,
            0.00046164495870471,
            -15.975667953491211,
            -7.33625602722168,
            -7.33625602722168,
            -8.200461387634277,
            -8.673097610473633,
            -0.8898940086364746,
            1.8629919290542603,
            4.631884611104586e-13,
            16.490699768066406,
            7.358514785766602,
            7.358514785766602,
            8.21783447265625,
            0.673361599445343,
            0.9012573957443237,
            0.8155563473701477,
            1.6914300973833347e-14,
            0.6156919002532959,
            0.26430004835128784,
            0.26430004835128784,
            0.2913583815097809,
            0.0,
            0.0,
            0.0,
            0.0,
            0.0,
            0.0,
            0.0,
            0.0,
            2.0,
            2.0,
            2.0,
            1.0,
            2.0,
            2.0,
            1.0,
            1.0,
            1.0,
            1.0,
            1.0,
            1.0,
            1.0,
            1.0,
            1.0,
            1.0,
            1.0,
            1.0,
            1.0,
            1.0,
            1.0
        ],
        [
            0.0,
            0.0,
            0.0,
            0.0,
            0.0,
            0.0,
            0.0,
            0.0,
            0.0,
            0.0,
            0.0,
            0.0,
            0.0,
            0.0,
            0.0,
            0.0,
            0.0,
            0.0,
            0.0,
            0.0,
            0.0,
            0.0,
            0.0,
            0.0,
            0.0,
            0.0,
            0.0,
            0.0,
            0.0,
            0.0,
            0.0,
            0.0,
            0.0,
            0.0,
            0.0,
            0.0,
            0.0,
            -1.0,
            -1.0,
            -1.0,
            -1.0,
            -1.0,
            -1.0,
            -1.0,
            -1.0,
            -1.0,
            -1.0,
            -1.0,
            -1.0,
            -1.0,
            -1.0,
            -1.0,
            -1.0,
            -1.0,
            -1.0,
            -1.0,
            -1.0,
            -1.0
        ]
    ],
    "eval_steps": 90
}