{
    "eval_chronic": "C:\\Users\\thoma\\data_grid2op\\rte_case5_example_val\\chronics\\12",
    "eval_rewards": [
        [
            0.00024104464814325157,
            -0.047619047619047616,
            -1.0
        ],
        [
            0.00023767320177024273,
            -0.047619047619047616,
            0.0
        ],
        [
            0.020014320326060025,
            0.0,
            0.0
        ],
        [
            0.00019133000659192178,
            0.0,
            0.0
        ],
        [
            7.77042616589852e-06,
            -0.14285714285714285,
            -1.0
        ],
        [
            0.0,
            0.0,
            0.0
        ]
    ],
    "eval_actions": [
        52,
        0,
        38,
        38,
        12,
        21
    ],
    "eval_states": [
        [
            0.30000001192092896,
            26.88353157043457,
            7.800000190734863,
            8.300000190734863,
            8.100000381469727,
            11.268622398376465,
            2.738544225692749,
            4.637808149673961e-13,
            -4.202232837677002,
            -15.07256031036377,
            -6.152819633483887,
            -6.152819633483887,
            -3.8977675437927246,
            -9.629189491271973,
            -2.216287612915039,
            0.001311096828430891,
            4.344165325164795,
            15.614909172058105,
            6.167007923126221,
            6.167007923126221,
            4.005638599395752,
            0.7559844255447388,
            1.0801178216934204,
            0.13720062375068665,
            0.800613284111023,
            0.6316761374473572,
            0.21301577985286713,
            0.21301577985286713,
            0.7872083187103271,
            0.0,
            1.0,
            0.0,
            0.0,
            0.0,
            0.0,
            0.0,
            0.0,
            1.0,
            1.0,
            1.0,
            1.0,
            1.0,
            1.0,
            1.0,
            1.0,
            1.0,
            1.0,
            1.0,
            1.0,
            1.0,
            2.0,
            1.0,
            1.0,
            1.0,
            1.0,
            1.0,
            1.0,
            1.0
        ],
        [
            0.30000001192092896,
            27.04994773864746,
            8.0,
            8.100000381469727,
            8.199999809265137,
            11.404685020446777,
            2.8384828567504883,
            -4.662356113162291e-13,
            -4.189148902893066,
            -15.08902645111084,
            -6.110670566558838,
            -6.110670566558838,
            -4.01085090637207,
            -9.72816276550293,
            -2.305778980255127,
            0.001311096828430891,
            4.332630634307861,
            15.645262718200684,
            6.125271797180176,
            6.125271797180176,
            4.121340751647949,
            0.7646322846412659,
            1.0912631750106812,
            0.13720062375068665,
            0.8052175641059875,
            0.6396365165710449,
            0.21603579819202423,
            0.21603579819202423,
            0.7961025238037109,
            0.0,
            2.0,
            0.0,
            0.0,
            0.0,
            0.0,
            0.0,
            0.0,
            1.0,
            1.0,
            1.0,
            1.0,
            1.0,
            1.0,
            1.0,
            1.0,
            1.0,
            1.0,
            1.0,
            1.0,
            1.0,
            2.0,
            1.0,
            1.0,
            1.0,
            1.0,
            1.0,
            1.0,
            1.0
        ],
        [
            0.30000001192092896,
            27.330585479736328,
            7.900000095367432,
            8.100000381469727,
            8.300000190734863,
            11.4649658203125,
            2.7779221534729004,
            -0.03337356448173523,
            -4.237216949462891,
            -15.063549041748047,
            -6.09467077255249,
            -6.09467077255249,
            -4.062783241271973,
            -9.77189826965332,
            -2.3761441707611084,
            0.22542709112167358,
            4.322615146636963,
            15.865620613098145,
            6.142813205718994,
            6.142813205718994,
            4.122714996337891,
            0.7684593796730042,
            0.9425581693649292,
            0.7617132663726807,
            0.6108999252319336,
            0.7668721675872803,
            0.3849698603153229,
            0.3849698603153229,
            0.5981674194335938,
            0.0,
            0.0,
            0.0,
            0.0,
            0.0,
            0.0,
            0.0,
            0.0,
            1.0,
            1.0,
            1.0,
            1.0,
            1.0,
            1.0,
            1.0,
            1.0,
            1.0,
            1.0,
            1.0,
            1.0,
            1.0,
            1.0,
            1.0,
            1.0,
            1.0,
            1.0,
            1.0,
            1.0,
            1.0
        ],
        [
            0.5,
            27.847400665283203,
            8.199999809265137,
            8.300000190734863,
            8.399999618530273,
            11.679145812988281,
            2.82077956199646,
            -0.0430765226483345,
            -4.296804904937744,
            -15.341920852661133,
            -6.211246967315674,
            -6.211246967315674,
            -4.103194713592529,
            -9.92672348022461,
            -2.403042793273926,
            0.24368257820606232,
            4.386084079742432,
            16.168256759643555,
            6.260571002960205,
            6.260571002960205,
            4.16556978225708,
            0.782036542892456,
            0.9618684649467468,
            0.7799999713897705,
            0.6256610751152039,
            0.7782887816429138,
            0.38950496912002563,
            0.38950496912002563,
            0.6093221306800842,
            0.0,
            0.0,
            0.0,
            0.0,
            0.0,
            0.0,
            0.0,
            0.0,
            1.0,
            1.0,
            1.0,
            1.0,
            1.0,
            1.0,
            1.0,
            1.0,
            1.0,
            1.0,
            1.0,
            1.0,
            1.0,
            1.0,
            1.0,
            1.0,
            1.0,
            1.0,
            1.0,
            1.0,
            1.0
        ],
        [
            0.5,
            28.003293991088867,
            8.199999809265137,
            8.5,
            8.5,
            8.850852012634277,
            -0.4640403091907501,
            3.278670310974121,
            -2.3028066158294678,
            -18.402551651000977,
            -9.165131568908691,
            -9.165131568908691,
            -6.197193622589111,
            -8.765174865722656,
            0.56517493724823,
            -2.2120087146759033,
            2.7120087146759033,
            19.152441024780273,
            9.433296203613281,
            9.433296203613281,
            6.551592826843262,
            0.16447113454341888,
            0.5320462584495544,
            1.888235092163086,
            1.3919727802276611,
            0.7416460514068604,
            0.8921721577644348,
            0.8921721577644348,
            1.3882874250411987,
            0.0,
            0.0,
            1.0,
            1.0,
            0.0,
            0.0,
            0.0,
            1.0,
            2.0,
            2.0,
            1.0,
            1.0,
            1.0,
            2.0,
            1.0,
            1.0,
            1.0,
            1.0,
            1.0,
            1.0,
            1.0,
            1.0,
            1.0,
            1.0,
            1.0,
            1.0,
            1.0,
            1.0,
            1.0
        ],
        [
            0.0,
            0.0,
            0.0,
