{
    "eval_chronic": "C:\\Users\\thoma\\data_grid2op\\rte_case5_example_val\\chronics\\12",
    "eval_rewards": [
        [
            2.2734742063342878e-05,
            -0.14285714285714285,
            -1.0
        ],
        [
            1.3644910907672506e-05,
            -0.2857142857142857,
            -1.0
        ],
        [
            0.0,
            0.0,
            0.0
        ]
    ],
    "eval_actions": [
        12,
        43,
        14
    ],
    "eval_states": [
        [
            0.30000001192092896,
            27.031208038330078,
            7.800000190734863,
            8.300000190734863,
            8.100000381469727,
            8.494162559509277,
            -0.51697838306427,
            3.220421075820923,
            -2.1246743202209473,
            -17.824087142944336,
            -8.916014671325684,
            -8.916014671325684,
            -5.975326061248779,
            -8.413068771362305,
            0.6130685210227966,
            -2.210757255554199,
            2.5107572078704834,
            18.537044525146484,
            9.170533180236816,
            9.170533180236816,
            6.31160831451416,
            0.1596606969833374,
            0.5196017026901245,
            1.8352396488189697,
            1.3506803512573242,
            0.7233115434646606,
            0.8695045113563538,
            0.8695045113563538,
            1.3535935878753662,
            0.0,
            0.0,
            1.0,
            1.0,
            0.0,
            0.0,
            0.0,
            1.0,
            2.0,
            2.0,
            1.0,
            1.0,
            1.0,
            2.0,
            1.0,
            1.0,
            1.0,
            1.0,
            1.0,
            1.0,
            1.0,
            1.0,
            1.0,
            1.0,
            1.0,
            1.0,
            1.0,
            1.0,
            1.0
        ],
        [
            0.30000001192092896,
            27.20186996459961,
            8.0,
            8.100000381469727,
            8.199999809265137,
            8.612141609191895,
            -0.43087854981422424,
            2.676539421081543,
            -1.5830767154693604,
            -17.861543655395508,
            -10.77653980255127,
            -6.988550662994385,
            -6.6169233322143555,
            -8.529438972473145,
            0.529438853263855,
            -1.7026969194412231,
            2.002696990966797,
            18.5897274017334,
            11.098161697387695,
            7.1942596435546875,
            6.988550662994385,
            0.16136060655117035,
            0.5257393717765808,
            1.8011398315429688,
            1.4101414680480957,
            0.7309317588806152,
            0.9758132100105286,
            0.7830410599708557,
            1.420433759689331,
            0.0,
            0.0,
            2.0,
            2.0,
            0.0,
            0.0,
            0.0,
            2.0,
            2.0,
            2.0,
            1.0,
            1.0,
            1.0,
            2.0,
            1.0,
            1.0,
            1.0,
            1.0,
            1.0,
            1.0,
            1.0,
            2.0,
            2.0,
            1.0,
            1.0,
            2.0,
            1.0,
            1.0,
            1.0
        ],
        [
            0.0,
            0.0,
            0.0,
            0.0,
            0.0,
            0.0,
            0.0,
            0.0,
            0.0,
            0.0,
            0.0,
            0.0,
            0.0,
            0.0,
            0.0,
            0.0,
            0.0,
            0.0,
            0.0,
            0.0,
            0.0,
            0.0,
            0.0,
            0.0,
            0.0,
            0.0,
            0.0,
            0.0,
            0.0,
            0.0,
            0.0,
            0.0,
            0.0,
            0.0,
            0.0,
            0.0,
            0.0,
            -1.0,
            -1.0,
            -1.0,
            -1.0,
            -1.0,
            -1.0,
            -1.0,
            -1.0,
            -1.0,
            -1.0,
            -1.0,
            -1.0,
            -1.0,
            -1.0,
            -1.0,
            -1.0,
            -1.0,
            -1.0,
            -1.0,
            -1.0,
            -1.0
        ]
    ],
    "eval_steps": 3
}