{
    "eval_chronic": "C:\\Users\\thoma\\data_grid2op\\rte_case5_example_val\\chronics\\12",
    "eval_rewards": [
        [
            0.020413685006514727,
            0.0,
            0.0
        ],
        [
            0.6151079107982931,
            -368.0000000000166,
            -1.0
        ]
    ],
    "eval_actions": [
        0,
        3
    ],
    "eval_states": [
        [
            0.30000001192092896,
            27.17757797241211,
            7.800000190734863,
            8.300000190734863,
            8.100000381469727,
            11.366332054138184,
            2.72005295753479,
            -0.08114790171384811,
            -4.169963359832764,
            -15.022329330444336,
            -6.103853225708008,
            -6.103853225708008,
            -3.930037260055542,
            -9.700301170349121,
            -2.324437141418457,
            0.27054455876350403,
            4.254193305969238,
            15.811246871948242,
            6.1511383056640625,
            6.1511383056640625,
            3.988853931427002,
            0.7621960043907166,
            0.9349967837333679,
            0.7559517025947571,
            0.606358528137207,
            0.7606089115142822,
            0.3816232681274414,
            0.3816232681274414,
            0.5930918455123901,
            0.0,
            0.0,
            0.0,
            0.0,
            0.0,
            0.0,
            0.0,
            0.0,
            1.0,
            1.0,
            1.0,
            1.0,
            1.0,
            1.0,
            1.0,
            1.0,
            1.0,
            1.0,
            1.0,
            1.0,
            1.0,
            1.0,
            1.0,
            1.0,
            1.0,
            1.0,
            1.0,
            1.0,
            1.0
        ],
        [
            0.5,
            25.963165283203125,
            8.199999809265137,
            8.300000190734863,
            8.399999618530273,
            7.432804107666016,
            -1.8042839765548706,
            -4.988951683044434,
            8.221455574035645,
            -18.244962692260742,
            -10.007781028747559,
            -10.007781028747559,
            -16.621456146240234,
            -6.684666633605957,
            2.0363621711730957,
            5.148304462432861,
            -8.199999809265137,
            18.530359268188477,
            10.024622917175293,
            10.024622917175293,
            16.704513549804688,
            0.5065231919288635,
            0.706931471824646,
            0.6899425983428955,
            0.3545660078525543,
            0.4596426486968994,
            0.2272949516773224,
            0.2272949516773224,
            0.630754292011261,
            0.0,
            0.0,
            0.0,
            0.0,
            0.0,
            0.0,
            0.0,
            0.0,
            2.0,
            2.0,
            2.0,
            1.0,
            2.0,
            1.0,
            1.0,
            1.0,
            1.0,
            1.0,
            1.0,
            1.0,
            1.0,
            1.0,
            1.0,
            1.0,
            1.0,
            1.0,
            1.0,
            1.0,
            1.0
        ]
    ],
    "eval_steps": 2016
}