{
    "eval_chronic": "C:\\Users\\thoma\\data_grid2op\\rte_case5_example_val\\chronics\\19",
    "eval_rewards": [
        [
            0.00025485490534907804,
            -0.09523809523809523,
            -1.0
        ],
        [
            0.00017208184821899063,
            -0.09523809523809523,
            0.0
        ],
        [
            9.051574427886144e-05,
            -0.19047619047619047,
            -1.0
        ],
        [
            0.0,
            0.0,
            0.0
        ]
    ],
    "eval_actions": [
        33,
        35,
        28,
        0
    ],
    "eval_states": [
        [
            2.0,
            28.762287139892578,
            8.600000381469727,
            8.199999809265137,
            7.800000190734863,
            17.76462173461914,
            10.245555877685547,
            -7.0912909507751465,
            -8.909332275390625,
            -10.245555877685547,
            5.7853685575537384e-05,
            5.7853685575537384e-05,
            1.1093323230743408,
            -13.980925559997559,
            -8.658020973205566,
            7.109071731567383,
            8.929874420166016,
            10.997666358947754,
            -9.24922898687397e-13,
            -9.24922898687397e-13,
            -1.108824610710144,
            1.155148983001709,
            1.9126911163330078,
            0.2554149627685547,
            0.31639161705970764,
            0.7428664565086365,
            1.750323451172979e-14,
            1.750323451172979e-14,
            0.04260120913386345,
            1.0,
            1.0,
            0.0,
            0.0,
            0.0,
            0.0,
            0.0,
            0.0,
            1.0,
            1.0,
            1.0,
            1.0,
            1.0,
            1.0,
            1.0,
            1.0,
            1.0,
            2.0,
            2.0,
            1.0,
            1.0,
            1.0,
            1.0,
            1.0,
            1.0,
            1.0,
            1.0,
            1.0,
            1.0
        ],
        [
            1.899999976158142,
            26.486684799194336,
            8.600000381469727,
            8.199999809265137,
            7.800000190734863,
            13.484716415405273,
            -0.08272501081228256,
            -0.028301451355218887,
            -3.9871432781219482,
            -12.504403114318848,
            -0.02046753466129303,
            -12.027687072753906,
            -3.812856912612915,
            -11.19762897491455,
            0.19573700428009033,
            0.22852759063243866,
            4.0733642578125,
            13.001968383789062,
            0.08272501081228256,
            12.504403114318848,
            3.8764560222625732,
            0.8952350616455078,
            0.4813164174556732,
            0.7791956067085266,
            0.6138874888420105,
            0.6053446531295776,
            0.4108305275440216,
            1.185323715209961,
            0.6150501370429993,
            0.0,
            0.0,
            0.0,
            0.0,
            0.0,
            0.0,
            1.0,
            0.0,
            1.0,
            1.0,
            1.0,
            1.0,
            1.0,
            1.0,
            1.0,
            1.0,
            1.0,
            2.0,
            1.0,
            2.0,
            1.0,
            1.0,
            1.0,
            1.0,
            1.0,
            1.0,
            1.0,
            1.0,
            1.0
        ],
        [
            1.899999976158142,
            25.4906063079834,
            8.5,
            8.0,
            7.900000095367432,
            8.523237228393555,
            0.9321167469024658,
            1.1970497369766235,
            -3.2412948608398438,
            -15.987857818603516,
            1.051234483718872,
            -15.03779125213623,
            -4.658705234527588,
            -8.5,
            -0.7025389671325684,
            -0.7982277870178223,
            3.400766611099243,
            16.967369079589844,
            -0.9321167469024658,
            15.987857818603516,
            4.789506912231445,
            0.09837409108877182,
            0.7028099894523621,
            1.1279354095458984,
            0.851112961769104,
            0.8468047380447388,
            0.5732361674308777,
            1.6681641340255737,
            0.8618853688240051,
            0.0,
            0.0,
            1.0,
            0.0,
            0.0,
            0.0,
            2.0,
            0.0,
            2.0,
            1.0,
            1.0,
            1.0,
            1.0,
            2.0,
            1.0,
            1.0,
            1.0,
            2.0,
            1.0,
            2.0,
            1.0,
            1.0,
            1.0,
            1.0,
            1.0,
            1.0,
            1.0,
            1.0,
            1.0
        ],
        [
            0.0,
            0.0,
            0.0,
            0.0,
            0.0,
            0.0,
            0.0,
            0.0,
            0.0,
            0.0,
            0.0,
            0.0,
            0.0,
            0.0,
            0.0,
            0.0,
            0.0,
            0.0,
            0.0,
            0.0,
            0.0,
            0.0,
            0.0,
            0.0,
            0.0,
            0.0,
            0.0,
            0.0,
            0.0,
            0.0,
            0.0,
            0.0,
            0.0,
            0.0,
            0.0,
            0.0,
            0.0,
            -1.0,
            -1.0,
            -1.0,
            -1.0,
            -1.0,
            -1.0,
            -1.0,
            -1.0,
            -1.0,
            -1.0,
            -1.0,
            -1.0,
            -1.0,
            -1.0,
            -1.0,
            -1.0,
            -1.0,
            -1.0,
            -1.0,
            -1.0,
            -1.0
        ]
    ],
    "eval_steps": 4
}