{
    "eval_chronic": "C:\\Users\\thoma\\data_grid2op\\rte_case5_example_val\\chronics\\19",
    "eval_rewards": [
        [
            0.00024969439435321855,
            -0.14285714285714285,
            -1.0
        ],
        [
            0.00024837736893599415,
            -0.14285714285714285,
            -1.0
        ],
        [
            0.0,
            0.0,
            0.0
        ]
    ],
    "eval_actions": [
        49,
        1,
        29
    ],
    "eval_states": [
        [
            2.0,
            28.75756072998047,
            8.600000381469727,
            8.199999809265137,
            7.800000190734863,
            17.74978256225586,
            10.220011711120605,
            -7.090912818908691,
            -8.909404754638672,
            -10.220128059387207,
            1.8552097792029487e-12,
            1.8552097792029487e-12,
            1.1094046831130981,
            -13.97179889678955,
            -8.669865608215332,
            7.110354423522949,
            8.931309700012207,
            11.007777214050293,
            5.8139688917435706e-05,
            5.8139688917435706e-05,
            -1.1090868711471558,
            1.1542670726776123,
            1.8895765542984009,
            0.2518334984779358,
            0.32113906741142273,
            0.7600681781768799,
            0.025899989530444145,
            0.025899989530444145,
            0.06881707906723022,
            1.0,
            1.0,
            0.0,
            0.0,
            0.0,
            0.0,
            0.0,
            0.0,
            1.0,
            1.0,
            1.0,
            1.0,
            1.0,
            1.0,
            1.0,
            1.0,
            1.0,
            1.0,
            1.0,
            1.0,
            1.0,
            2.0,
            1.0,
            1.0,
            2.0,
            2.0,
            1.0,
            1.0,
            1.0
        ],
        [
            1.899999976158142,
            28.919727325439453,
            8.600000381469727,
            8.199999809265137,
            7.800000190734863,
            17.849891662597656,
            10.274365425109863,
            -7.090916633605957,
            -8.90939998626709,
            -10.274481773376465,
            2.3364326000584494e-15,
            2.3364326000584494e-15,
            1.1093995571136475,
            -14.033304214477539,
            -8.708057403564453,
            7.110219955444336,
            8.931140899658203,
            11.069835662841797,
            5.813956886413507e-05,
            5.813956886413507e-05,
            -1.1090829372406006,
            1.1602146625518799,
            1.8996047973632812,
            0.2516982853412628,
            0.32044750452041626,
            0.7637448906898499,
            0.025899963453412056,
            0.025899963453412056,
            0.06846548616886139,
            2.0,
            2.0,
            0.0,
            0.0,
            0.0,
            0.0,
            0.0,
            0.0,
            1.0,
            1.0,
            1.0,
            1.0,
            1.0,
            1.0,
            1.0,
            1.0,
            1.0,
            1.0,
            1.0,
            1.0,
            1.0,
            2.0,
            1.0,
            1.0,
            2.0,
            2.0,
            1.0,
            1.0,
            1.0
        ],
        [
            0.0,
            0.0,
            0.0,
            0.0,
            0.0,
            0.0,
            0.0,
            0.0,
            0.0,
            0.0,
            0.0,
            0.0,
            0.0,
            0.0,
            0.0,
            0.0,
            0.0,
            0.0,
            0.0,
            0.0,
            0.0,
            0.0,
            0.0,
            0.0,
            0.0,
            0.0,
            0.0,
            0.0,
            0.0,
            0.0,
            0.0,
            0.0,
            0.0,
            0.0,
            0.0,
            0.0,
            0.0,
            -1.0,
            -1.0,
            -1.0,
            -1.0,
            -1.0,
            -1.0,
            -1.0,
            -1.0,
            -1.0,
            -1.0,
            -1.0,
            -1.0,
            -1.0,
            -1.0,
            -1.0,
            -1.0,
            -1.0,
            -1.0,
            -1.0,
            -1.0,
            -1.0
        ]
    ],
    "eval_steps": 3
}