{
    "eval_chronic": "C:\\Users\\thoma\\data_grid2op\\rte_case5_example_val\\chronics\\19",
    "eval_rewards": [
        [
            0.00013401786581110575,
            -0.14285714285714285,
            -1.0
        ],
        [
            0.029092782580973513,
            -20.71428571428567,
            0.0
        ],
        [
            0.00028331075170656526,
            -0.38095238095238093,
            -1.0
        ],
        [
            0.0,
            0.0,
            0.0
        ]
    ],
    "eval_actions": [
        12,
        2,
        47,
        29
    ],
    "eval_states": [
        [
            2.0,
            24.587257385253906,
            8.600000381469727,
            8.199999809265137,
            7.800000190734863,
            8.370132446289062,
            0.34803077578544617,
            1.7608593702316284,
            -2.875864028930664,
            -15.762970924377441,
            -7.547789096832275,
            -7.547789096832275,
            -4.924136161804199,
            -8.316417694091797,
            -0.2835831344127655,
            -1.1237329244613647,
            3.123732805252075,
            16.217124938964844,
            7.707470417022705,
            7.707470417022705,
            5.134718894958496,
            0.1287052482366562,
            0.432674765586853,
            1.4437363147735596,
            1.0727533102035522,
            0.5785201787948608,
            0.6913175582885742,
            0.6913175582885742,
            1.081087589263916,
            0.0,
            0.0,
            1.0,
            1.0,
            0.0,
            0.0,
            0.0,
            1.0,
            2.0,
            2.0,
            1.0,
            1.0,
            1.0,
            2.0,
            1.0,
            1.0,
            1.0,
            1.0,
            1.0,
            1.0,
            1.0,
            1.0,
            1.0,
            1.0,
            1.0,
            1.0,
            1.0,
            1.0,
            1.0
        ],
        [
            1.899999976158142,
            24.80731773376465,
            8.600000381469727,
            8.199999809265137,
            7.800000190734863,
            9.162611961364746,
            0.9497538805007935,
            -1.8018451929092407,
            0.00046178195043466985,
            -15.202718734741211,
            -7.107087135314941,
            -7.107087135314941,
            -7.800461769104004,
            -8.05039119720459,
            -0.6368054151535034,
            1.9871957302093506,
            4.631849374533981e-13,
            15.644706726074219,
            7.1264824867248535,
            7.1264824867248535,
            7.816019535064697,
            0.6204107999801636,
            0.8271639943122864,
            0.7473702430725098,
            1.6914300973833347e-14,
            0.5708135962486267,
            0.2472778856754303,
            0.2472778856754303,
            0.276982843875885,
            0.0,
            0.0,
            0.0,
            0.0,
            0.0,
            0.0,
            0.0,
            0.0,
            2.0,
            2.0,
            2.0,
            1.0,
            2.0,
            2.0,
            1.0,
            1.0,
            1.0,
            1.0,
            1.0,
            1.0,
            1.0,
            1.0,
            1.0,
            1.0,
            1.0,
            1.0,
            1.0,
            1.0,
            1.0
        ],
        [
            0.6000000238418579,
            28.185930252075195,
            9.199999809265137,
            8.5,
            8.300000190734863,
            10.726552963256836,
            1.4540590047836304,
            -1.4360227584838867,
            0.00046126963570713997,
            -16.905054092407227,
            -8.318345069885254,
            -7.063977241516113,
            -8.300461769104004,
            -9.23129653930664,
            -1.0111147165298462,
            1.642411470413208,
            0.0,
            17.45937728881836,
            8.326934814453125,
            7.12406063079834,
            8.318345069885254,
            0.7214001417160034,
            0.9915702939033508,
            0.7923099994659424,
            0.0,
            0.6385015249252319,
            0.15844643115997314,
            0.4285687208175659,
            0.29516300559043884,
            0.0,
            0.0,
            0.0,
            0.0,
            0.0,
            0.0,
            0.0,
            0.0,
            2.0,
            2.0,
            2.0,
            1.0,
            2.0,
            2.0,
            1.0,
            1.0,
            1.0,
            1.0,
            1.0,
            1.0,
            1.0,
            2.0,
            1.0,
            2.0,
            1.0,
            2.0,
            1.0,
            1.0,
            1.0
        ],
        [
            0.0,
            0.0,
            0.0,
            0.0,
            0.0,
            0.0,
            0.0,
            0.0,
            0.0,
            0.0,
            0.0,
            0.0,
            0.0,
            0.0,
            0.0,
            0.0,
            0.0,
            0.0,
            0.0,
            0.0,
            0.0,
            0.0,
            0.0,
            0.0,
            0.0,
            0.0,
            0.0,
            0.0,
            0.0,
            0.0,
            0.0,
            0.0,
            0.0,
            0.0,
            0.0,
            0.0,
            0.0,
            -1.0,
            -1.0,
            -1.0,
            -1.0,
            -1.0,
            -1.0,
            -1.0,
            -1.0,
            -1.0,
            -1.0,
            -1.0,
            -1.0,
            -1.0,
            -1.0,
            -1.0,
            -1.0,
            -1.0,
            -1.0,
            -1.0,
            -1.0,
            -1.0
        ]
    ],
    "eval_steps": 90
}