{"DoNothing/train/reward_0": 0.0, "DoNothing/train/reward_1": 1.0002888174087365, "DoNothing/train/reward_2": -0.1, "DoNothing/train/grid2opsteps": 961, "_timestamp": 1721220174.0530808, "_runtime": 4.753064870834351, "_step": 16, "_wandb": {"runtime": 2}, "DoNothing/eval/reward_0": 0.002742763772175537, "DoNothing/eval/reward_1": -56.47624776819032, "DoNothing/eval/reward_2": -0.6058823529411754}