{"DoNothing/train/reward_0": 0.0, "DoNothing/train/reward_1": 0.00018870741169959424, "DoNothing/train/reward_2": 0.0, "DoNothing/train/grid2opsteps": 526, "_timestamp": 1721644613.353089, "_runtime": 2.494611978530884, "_step": 16, "_wandb": {"runtime": 1}, "DoNothing/eval/reward_0": 0.0013713818860877686, "DoNothing/eval/reward_1": 0.0013233185644743713, "DoNothing/eval/reward_2": -0.058823529411764705}