{
    "eval_rewards": [
        [
            0.0,
            0.19003909081776302,
            0.0
        ],
        [
            0.0,
            0.00020704273204943152,
            -1.0
        ],
        [
            1.0,
            0.7403046848079556,
            0.0
        ]
    ],
    "eval_actions": [
        20,
        14,
        27
    ],
    "eval_states": [
        [
            5.099999904632568,
            25.14348793029785,
            10.399999618530273,
            10.100000381469727,
            8.800000190734863,
            10.51790714263916,
            0.9994989633560181,
            -0.03262140229344368,
            -5.608154296875,
            -14.354501724243164,
            -6.671367168426514,
            -6.671367168426514,
            -3.1918458938598633,
            -10.47694206237793,
            -0.6309678554534912,
            0.07694275677204132,
            5.7309675216674805,
            14.625580787658691,
            6.677501201629639,
            6.677501201629639,
            3.275355100631714,
            0.11453568935394287,
            0.9009794592857361,
            0.467306911945343,
            0.7422939538955688,
            0.44828978180885315,
            0.13768050074577332,
            0.13768050074577332,
            0.698461651802063,
            0.0,
            0.0,
            0.0,
            0.0,
            0.0,
            0.0,
            0.0,
            0.0,
            2.0,
            1.0,
            2.0,
            1.0,
            1.0,
            2.0,
            1.0,
            1.0,
            1.0,
            1.0,
            1.0,
            1.0,
            1.0,
            1.0,
            1.0,
            1.0,
            1.0,
            1.0,
            1.0,
            1.0,
            1.0
        ],
        [
            5.099999904632568,
            27.382505416870117,
            10.5,
            10.199999809265137,
            8.699999809265137,
            12.081872940063477,
            0.0006479455623775721,
            0.10055115818977356,
            -4.4003705978393555,
            -14.887506484985352,
            -7.357010364532471,
            -7.357010364532471,
            -4.299629211425781,
            -10.215473175048828,
            1.8553646032731796e-12,
            0.2620163857936859,
            4.553456783294678,
            15.300631523132324,
            7.443429470062256,
            7.443429470062256,
            4.4134697914123535,
            0.8074788451194763,
            4.8107585216882257e-14,
            1.0722382068634033,
            0.8333306312561035,
            0.5520630478858948,
            0.5117029547691345,
            0.5117029547691345,
            0.8072656393051147,
            0.0,
            0.0,
            1.0,
            0.0,
            0.0,
            0.0,
            0.0,
            0.0,
            2.0,
            1.0,
            2.0,
            2.0,
            2.0,
            2.0,
            1.0,
            1.0,
            1.0,
            1.0,
            1.0,
            1.0,
            1.0,
            1.0,
            1.0,
            1.0,
            1.0,
            1.0,
            1.0,
            1.0,
            1.0
        ],
        [
            1.0,
            24.143278121948242,
            8.800000190734863,
            8.600000381469727,
            7.599999904632568,
            -0.9852069020271301,
            7.615261077880859,
            2.935669183731079,
            -1.7299511432647705,
            -25.05011558532715,
            -8.707547187805176,
            -8.707547187805176,
            -5.870048999786377,
            1.0,
            -7.59838342666626,
            -2.9324862957000732,
            1.7308696508407593,
            25.12848663330078,
            8.717427253723145,
            8.717427253723145,
            5.879424095153809,
            0.08589152246713638,
            0.2131873518228531,
            0.13883596658706665,
            0.06438098847866058,
            0.2373305708169937,
            0.16656428575515747,
            0.16656428575515747,
            0.2093592882156372,
            0.0,
            0.0,
            0.0,
            0.0,
            0.0,
            0.0,
            0.0,
            0.0,
            2.0,
            1.0,
            1.0,
            1.0,
            2.0,
            1.0,
            1.0,
            1.0,
            1.0,
            1.0,
            1.0,
            1.0,
            1.0,
            1.0,
            1.0,
            1.0,
            1.0,
            1.0,
            1.0,
            1.0,
            1.0
        ]
    ],
    "eval_steps": 2016
}