{
    "eval_rewards": [
        [
            0.0,
            0.12426811522851783,
            0.0
        ],
        [
            1.0,
            0.7695417126915429,
            0.0
        ]
    ],
    "eval_actions": [
        37,
        26
    ],
    "eval_states": [
        [
            5.699999809265137,
            23.387210845947266,
            9.600000381469727,
            9.300000190734863,
            8.0,
            10.04403018951416,
            -9.31896595481041e-13,
            -0.20912691950798035,
            -4.23629093170166,
            -13.065556526184082,
            -6.469029426574707,
            -6.469029426574707,
            -3.76370906829834,
            -8.722034454345703,
            0.0006492077955044806,
            0.4731576442718506,
            4.348227500915527,
            13.343180656433105,
            6.532778263092041,
            6.532778263092041,
            3.8471858501434326,
            0.6775510907173157,
            0.07894150167703629,
            0.9049559831619263,
            0.7058969736099243,
            0.453656405210495,
            0.44122394919395447,
            0.44122394919395447,
            0.6980827450752258,
            0.0,
            0.0,
            0.0,
            0.0,
            0.0,
            0.0,
            0.0,
            0.0,
            1.0,
            1.0,
            1.0,
            1.0,
            1.0,
            1.0,
            1.0,
            1.0,
            1.0,
            2.0,
            1.0,
            1.0,
            1.0,
            1.0,
            1.0,
            1.0,
            1.0,
            1.0,
            1.0,
            1.0,
            1.0
        ],
        [
            1.0,
            25.107995986938477,
            8.800000190734863,
            8.600000381469727,
            7.599999904632568,
            8.839313507080078,
            -9.244222141241432e-13,
            2.234358787536621,
            -2.2248268127441406,
            -16.23356819152832,
            -8.108441352844238,
            -8.108441352844238,
            -5.375173091888428,
            -7.800000190734863,
            0.0006445837789215147,
            -2.2295398712158203,
            2.228895425796509,
            16.2686824798584,
            8.11678409576416,
            8.11678409576416,
            5.382524013519287,
            0.5993039608001709,
            0.07865986973047256,
            0.08724340051412582,
            0.10663340240716934,
            0.1609625369310379,
            0.15754127502441406,
            0.15754127502441406,
            0.20580235123634338,
            0.0,
            0.0,
            0.0,
            0.0,
            0.0,
            0.0,
            0.0,
            0.0,
            2.0,
            1.0,
            1.0,
            1.0,
            2.0,
            2.0,
            1.0,
            1.0,
            1.0,
            2.0,
            1.0,
            1.0,
            1.0,
            1.0,
            1.0,
            1.0,
            1.0,
            1.0,
            1.0,
            1.0,
            1.0
        ]
    ],
    "eval_steps": 2016
}