{
    "eval_rewards": [
        [
            0.0,
            0.17213486766188663,
            0.0
        ],
        [
            1.0,
            0.68654816208312,
            0.0
        ]
    ],
    "eval_actions": [
        18,
        11
    ],
    "eval_states": [
        [
            5.699999809265137,
            24.110851287841797,
            10.199999809265137,
            9.699999809265137,
            8.600000381469727,
            7.992387294769287,
            3.7460713386535645,
            -2.3706204891204834,
            -3.7368009090423584,
            -15.986557960510254,
            -6.100274562835693,
            -6.100274562835693,
            -4.863199234008789,
            -7.133542060852051,
            -3.7402894496917725,
            2.633542060852051,
            3.7402894496917725,
            16.11846351623535,
            6.120243072509766,
            6.120243072509766,
            4.871169567108154,
            0.5436249375343323,
            0.10051456838846207,
            0.9032382965087891,
            0.13820752501487732,
            0.3140656054019928,
            0.2514069974422455,
            0.2514069974422455,
            0.18107065558433533,
            0.0,
            0.0,
            0.0,
            0.0,
            0.0,
            0.0,
            0.0,
            0.0,
            2.0,
            1.0,
            2.0,
            1.0,
            2.0,
            2.0,
            1.0,
            1.0,
            1.0,
            1.0,
            1.0,
            1.0,
            1.0,
            1.0,
            1.0,
            1.0,
            1.0,
            1.0,
            1.0,
            1.0,
            1.0
        ],
        [
            1.0,
            24.597055435180664,
            8.800000190734863,
            8.600000381469727,
            7.599999904632568,
            4.469789028167725,
            -5.050820350646973,
            7.405259132385254,
            1.4168314933776855,
            -20.035991668701172,
            -12.522392272949219,
            -12.522392272949219,
            -9.016831398010254,
            -4.188398838043213,
            5.188398838043213,
            -7.383731842041016,
            -1.4162683486938477,
            20.127267837524414,
            12.543405532836914,
            12.543405532836914,
            9.039525032043457,
            0.30567991733551025,
            0.5362955331802368,
            0.30695635080337524,
            0.0830005556344986,
            0.2609562575817108,
            0.24305123090744019,
            0.24305123090744019,
            0.3268011808395386,
            0.0,
            0.0,
            0.0,
            0.0,
            0.0,
            0.0,
            0.0,
            0.0,
            2.0,
            2.0,
            1.0,
            1.0,
            2.0,
            1.0,
            1.0,
            1.0,
            1.0,
            1.0,
            1.0,
            1.0,
            1.0,
            1.0,
            1.0,
            1.0,
            1.0,
            1.0,
            1.0,
            1.0,
            1.0
        ]
    ],
    "eval_steps": 2016
}