{
    "eval_rewards": [
        [
            1.0,
            0.9788323077737019,
            0.0
        ]
    ],
    "eval_actions": [
        26
    ],
    "eval_states": [
        [
            1.0,
            25.09731674194336,
            8.800000190734863,
            8.600000381469727,
            7.599999904632568,
            8.839313507080078,
            3.283864736557007,
            0.3075994551181793,
            -3.582998752593994,
            -16.222911834716797,
            -6.464328765869141,
            -6.464328765869141,
            -4.017001152038574,
            -7.800000190734863,
            -3.280308723449707,
            -0.30703702569007874,
            3.587345838546753,
            16.25800323486328,
            6.4695234298706055,
            6.4695234298706055,
            4.021058082580566,
            0.5993039608001709,
            0.0846661627292633,
            0.02709892950952053,
            0.13031238317489624,
            0.16091790795326233,
            0.12255436182022095,
            0.12255436182022095,
            0.14652246236801147,
            0.0,
            0.0,
            0.0,
            0.0,
            0.0,
            0.0,
            0.0,
            0.0,
            2.0,
            1.0,
            1.0,
            1.0,
            2.0,
            2.0,
            1.0,
            1.0,
            1.0,
            1.0,
            1.0,
            1.0,
            1.0,
            1.0,
            1.0,
            1.0,
            1.0,
            1.0,
            1.0,
            1.0,
            1.0
        ]
    ],
    "eval_steps": 2016
}