{
    "eval_rewards": [
        [
            0.0,
            0.0002641313289863618,
            -0.8333333333333334
        ],
        [
            1.0,
            0.784084392928161,
            0.0
        ]
    ],
    "eval_actions": [
        52,
        11
    ],
    "eval_states": [
        [
            2.0,
            25.165504455566406,
            8.600000381469727,
            8.199999809265137,
            7.800000190734863,
            10.388675689697266,
            2.3764469623565674,
            -4.626654961925603e-13,
            -4.184758186340332,
            -14.309590339660645,
            -5.954268455505371,
            -5.954268455505371,
            -3.6152420043945312,
            -8.980355262756348,
            -1.9281107187271118,
            0.001311096828430891,
            4.307154655456543,
            14.77682876586914,
            5.96657133102417,
            5.96657133102417,
            3.7085368633270264,
            0.6997358202934265,
            0.9978604912757874,
            0.13720062375068665,
            0.7401942014694214,
            0.5867512226104736,
            0.1989045888185501,
            0.1989045888185501,
            0.7354408502578735,
            0.0,
            0.0,
            0.0,
            0.0,
            0.0,
            0.0,
            0.0,
            0.0,
            1.0,
            1.0,
            1.0,
            1.0,
            1.0,
            1.0,
            1.0,
            1.0,
            1.0,
            1.0,
            1.0,
            1.0,
            1.0,
            2.0,
            1.0,
            1.0,
            1.0,
            1.0,
            1.0,
            1.0,
            1.0
        ],
        [
            1.0,
            24.75454330444336,
            8.699999809265137,
            8.399999618530273,
            8.0,
            4.5027642250061035,
            -5.077647686004639,
            4.583435410723813e-13,
            8.7206449508667,
            -20.159425735473633,
            -12.597259521484375,
            -12.597259521484375,
            -16.720643997192383,
            -4.217335224151611,
            5.217335224151611,
            0.00128420430701226,
            -8.701284408569336,
            20.251779556274414,
            12.618536949157715,
            12.618536949157715,
            16.794519424438477,
            0.30795755982398987,
            0.5406774282455444,
            0.135786235332489,
            0.32265704870224,
            0.26246312260627747,
            0.24457982182502747,
            0.24457982182502747,
            0.6030142307281494,
            0.0,
            0.0,
            0.0,
            0.0,
            0.0,
            0.0,
            0.0,
            0.0,
            2.0,
            2.0,
            1.0,
            1.0,
            2.0,
            1.0,
            1.0,
            1.0,
            1.0,
            1.0,
            1.0,
            1.0,
            1.0,
            2.0,
            1.0,
            1.0,
            1.0,
            1.0,
            1.0,
            1.0,
            1.0
        ]
    ],
    "eval_steps": 2016
}