{
    "eval_rewards": [
        [
            0.0,
            0.3141714271990528,
            0.0
        ],
        [
            0.0,
            0.0002336838823883427,
            -1.0
        ],
        [
            0.0,
            0.0003270140830946429,
            -1.0
        ],
        [
            0.0,
            0.0002844150093441544,
            -1.0
        ],
        [
            0.0,
            0.0001768197471304237,
            -1.0
        ],
        [
            0.0,
            0.0003364896429602543,
            -1.0
        ],
        [
            1.0,
            0.5759216485587202,
            0.0
        ]
    ],
    "eval_actions": [
        23,
        15,
        23,
        18,
        22,
        10,
        26
    ],
    "eval_states": [
        [
            0.5,
            30.126705169677734,
            10.300000190734863,
            9.5,
            9.399999618530273,
            8.513731956481934,
            7.177656173706055,
            3.1438629627227783,
            -7.8654375076293945,
            -21.506755828857422,
            -7.149566173553467,
            -7.149566173553467,
            -1.5345619916915894,
            -7.54561185836792,
            -7.163334846496582,
            -3.1366653442382812,
            8.045611381530762,
            21.612974166870117,
            7.164549350738525,
            7.164549350738525,
            1.6552690267562866,
            0.5779660940170288,
            0.19162701070308685,
            0.21522876620292664,
            0.9095560908317566,
            0.2811800241470337,
            0.21785542368888855,
            0.21785542368888855,
            0.830612301826477,
            0.0,
            0.0,
            0.0,
            0.0,
            0.0,
            0.0,
            0.0,
            0.0,
            2.0,
            1.0,
            1.0,
            2.0,
            2.0,
            1.0,
            1.0,
            1.0,
            1.0,
            1.0,
            1.0,
            1.0,
            1.0,
            1.0,
            1.0,
            1.0,
            1.0,
            1.0,
            1.0,
            1.0,
            1.0
        ],
        [
            0.5,
            30.742868423461914,
            10.100000381469727,
            9.600000381469727,
            9.300000190734863,
            10.002618789672852,
            10.137088775634766,
            -2.367703914642334,
            -6.413148880004883,
            -20.46717071533203,
            -5.101065158843994,
            -5.101065158843994,
            -2.8868513107299805,
            -8.690834999084473,
            -10.100000381469727,
            2.6493048667907715,
            6.541529655456543,
            20.740249633789062,
            5.165040969848633,
            5.165040969848633,
            2.9698338508605957,
            0.6748796105384827,
            0.3191964626312256,
            0.9371366500854492,
            0.7604154944419861,
            0.44958287477493286,
            0.4421769678592682,
            0.4421769678592682,
            0.6965184211730957,
            0.0,
            0.0,
            0.0,
            0.0,
            0.0,
            0.0,
            0.0,
            0.0,
            2.0,
            1.0,
            2.0,
            2.0,
            2.0,
            1.0,
            1.0,
            1.0,
            1.0,
            1.0,
            1.0,
            1.0,
            1.0,
            1.0,
            1.0,
            1.0,
            1.0,
            1.0,
            1.0,
            1.0,
            1.0
        ],
        [
            0.5,
            29.902875900268555,
            10.100000381469727,
            9.600000381469727,
            9.300000190734863,
            8.437906265258789,
            7.062532901763916,
            3.058310031890869,
            -7.808529853820801,
            -21.360462188720703,
            -7.134187698364258,
            -7.134187698364258,
            -1.491470217704773,
            -7.486042022705078,
            -7.048662185668945,
            -3.0513381958007812,
            7.986042022705078,
            21.464969635009766,
            7.148964881896973,
            7.148964881896973,
            1.61006498336792,
            0.5729847550392151,
            0.18887315690517426,
            0.21314439177513123,
            0.902469277381897,
            0.278935968875885,
            0.21638844907283783,
            0.21638844907283783,
            0.8237425684928894,
            0.0,
            0.0,
            0.0,
            0.0,
            0.0,
            0.0,
            0.0,
            0.0,
            2.0,
            1.0,
            1.0,
            2.0,
            2.0,
            1.0,
            1.0,
            1.0,
            1.0,
            1.0,
            1.0,
            1.0,
            1.0,
            1.0,
            1.0,
            1.0,
            1.0,
            1.0,
            1.0,
            1.0,
            1.0
        ],
        [
            0.5,
            31.72620391845703,
            10.100000381469727,
            9.699999809265137,
            9.300000190734863,
            12.853227615356445,
            4.148287296295166,
            -0.5209640860557556,
            -4.135687828063965,
            -18.597352981567383,
            -7.17742919921875,
            -7.17742919921875,
            -5.164312362670898,
            -10.760004997253418,
            -4.140047073364258,
            1.1600046157836914,
            4.140047073364258,
            18.872976303100586,
            7.224532604217529,
            7.224532604217529,
            5.175822734832764,
            0.855896532535553,
            0.11883774399757385,
            1.4460077285766602,
            0.16340190172195435,
            0.45176833868026733,
            0.3806455731391907,
            0.3806455731391907,
            0.21326729655265808,
            0.0,
            0.0,
            1.0,
            0.0,
            0.0,
            0.0,
            0.0,
            0.0,
            2.0,
            1.0,
            2.0,
            1.0,
            2.0,
            2.0,
            1.0,
            1.0,
            1.0,
            1.0,
            1.0,
            1.0,
            1.0,
            1.0,
            1.0,
            1.0,
            1.0,
            1.0,
            1.0,
            1.0,
            1.0
        ],
        [
            0.5,
            33.0705451965332,
            10.100000381469727,
            9.699999809265137,
            9.199999809265137,
            16.510643005371094,
            1.4667466878890991,
            -1.4557716846466064,
            -3.126948833465576,
            -16.27964973449707,
            -7.360289096832275,
            -7.360289096832275,
            -6.0730509757995605,
            -13.197197914123535,
            -1.457910418510437,
            1.457910418510437,
            3.5971970558166504,
            16.55990219116211,
            7.40645170211792,
            7.40645170211792,
            6.476349830627441,
            1.0801609754562378,
            0.10802727937698364,
            0.1485375016927719,
            1.495741605758667,
            0.4556296765804291,
            0.3768835663795471,
            0.3768835663795471,
            1.4778599739074707,
            1.0,
            0.0,
            0.0,
            1.0,
            0.0,
            0.0,
            0.0,
            1.0,
            2.0,
            1.0,
            1.0,
            2.0,
            2.0,
            2.0,
            1.0,
            1.0,
            1.0,
            1.0,
            1.0,
            1.0,
            1.0,
            1.0,
            1.0,
            1.0,
            1.0,
            1.0,
            1.0,
            1.0,
            1.0
        ],
        [
            0.4000000059604645,
            31.065937042236328,
            10.0,
