{
    "eval_rewards": [
        [
            0.0,
            0.01997339806909594,
            0.0
        ],
        [
            0.0,
            0.00038263953186298876,
            -1.0
        ],
        [
            1.0,
            0.6144749751121734,
            0.0
        ]
    ],
    "eval_actions": [
        30,
        10,
        3
    ],
    "eval_states": [
        [
            0.6000000238418579,
            26.318275451660156,
            8.300000190734863,
            7.800000190734863,
            7.699999809265137,
            11.069538116455078,
            2.7243635654449463,
            0.019086778163909912,
            -3.896433115005493,
            -14.494536399841309,
            -5.839785575866699,
            -5.839785575866699,
            -3.8035666942596436,
            -9.483724594116211,
            -2.349534034729004,
            0.15947841107845306,
            3.9737796783447266,
            15.248736381530762,
            5.885086536407471,
            5.885086536407471,
            3.8604843616485596,
            0.7433072924613953,
            0.9090595841407776,
            0.7320238351821899,
            0.579020082950592,
            0.7438293695449829,
            0.3738211691379547,
            0.3738211691379547,
            0.5842586159706116,
            0.0,
            0.0,
            0.0,
            0.0,
            0.0,
            0.0,
            0.0,
            0.0,
            1.0,
            1.0,
            1.0,
            1.0,
            1.0,
            1.0,
            1.0,
            1.0,
            1.0,
            1.0,
            1.0,
            1.0,
            1.0,
            1.0,
            1.0,
            1.0,
            1.0,
            1.0,
            1.0,
            1.0,
            1.0
        ],
        [
            0.6000000238418579,
            25.02196502685547,
            8.399999618530273,
            8.0,
            7.5,
            8.817246437072754,
            0.4290142059326172,
            2.2016773223876953,
            -2.1971821784973145,
            -15.95547103881836,
            -7.7557692527771,
            -7.7557692527771,
            -5.3028178215026855,
            -7.782829284667969,
            -0.017170481383800507,
            -2.199495792388916,
            2.199495792388916,
            16.2047176361084,
            7.763228416442871,
            7.763228416442871,
            5.309861183166504,
            0.5978603363037109,
            0.9547025561332703,
            0.0824788510799408,
            0.0824788510799408,
            0.4300021231174469,
            0.14706651866436005,
            0.14706651866436005,
            0.19100520014762878,
            0.0,
            0.0,
            0.0,
            0.0,
            0.0,
            0.0,
            0.0,
            0.0,
            2.0,
            2.0,
            1.0,
            1.0,
            2.0,
            2.0,
            1.0,
            1.0,
            1.0,
            1.0,
            1.0,
            1.0,
            1.0,
            1.0,
            1.0,
            1.0,
            1.0,
            1.0,
            1.0,
            1.0,
            1.0
        ],
        [
            1.0,
            25.57780647277832,
            8.699999809265137,
            8.399999618530273,
            8.0,
            7.170985698699951,
            -1.9720665216445923,
            -5.131078720092773,
            8.72496509552002,
            -18.139347076416016,
            -10.039289474487305,
            -10.039289474487305,
            -16.724966049194336,
            -6.472267150878906,
            2.189912796020508,
            5.282354354858398,
            -8.699999809265137,
            18.40682029724121,
            10.055706977844238,
            10.055706977844238,
            16.80965805053711,
            0.4890766441822052,
            0.6837111115455627,
            0.6707764863967896,
            0.38154467940330505,
            0.44513845443725586,
            0.22420203685760498,
            0.22420203685760498,
            0.6367451548576355,
            0.0,
            0.0,
            0.0,
            0.0,
            0.0,
            0.0,
            0.0,
            0.0,
            2.0,
            2.0,
            2.0,
            1.0,
            2.0,
            1.0,
            1.0,
            1.0,
            1.0,
            1.0,
            1.0,
            1.0,
            1.0,
            1.0,
            1.0,
            1.0,
            1.0,
            1.0,
            1.0,
            1.0,
            1.0
        ]
    ],
    "eval_steps": 2016
}