{"Action dimension": 99, "_timestamp": 1720507028.22544, "_runtime": 1.9322619438171387, "_step": 1, "Observation dimension": [58], "_wandb": {"runtime": 72}}