{"DoNothing/train/reward_0": 0.0, "DoNothing/train/reward_1": 0.0002394011793818232, "DoNothing/train/reward_2": 1.0, "DoNothing/train/grid2opsteps": 657, "_timestamp": 1721290619.219172, "_runtime": 4.025618076324463, "_step": 32, "_wandb": {"runtime": 2}, "DoNothing/eval/reward_0": 0.002742763772175537, "DoNothing/eval/reward_1": 0.0015783471663686774, "DoNothing/eval/reward_2": 5.411764705882353}