{
    "eval_chronic": "/home/trlautenbacher/data_grid2op/rte_case5_example_val/chronics/12",
    "eval_rewards": [
        [
            0.00023554368830363957,
            -0.0003809523809523809,
            -1.0
        ],
        [
            0.0,
            0.0,
            0.0
        ]
    ],
    "eval_actions": [
        39,
        17
    ],
    "eval_states": [
        [
            0.30000001192092896,
            27.77172088623047,
            7.800000190734863,
            8.300000190734863,
            8.100000381469727,
            12.784676551818848,
            4.274580478668213,
            1.5662440061569214,
            -8.1004638671875,
            -14.198620796203613,
            -4.933122158050537,
            -4.933122158050537,
            0.00046327876043505967,
            -10.71205997467041,
            -3.6829471588134766,
            -1.2224353551864624,
            8.11744213104248,
            14.987045288085938,
            4.962019920349121,
            4.962019920349121,
            4.654454447729217e-13,
            0.851610004901886,
            1.1522358655929565,
            1.042386531829834,
            0.2874038815498352,
            0.7603863477706909,
            0.30098623037338257,
            0.30098623037338257,
            1.6914300973833347e-14,
            0.0,
            1.0,
            1.0,
            0.0,
            0.0,
            0.0,
            0.0,
            0.0,
            1.0,
            1.0,
            1.0,
            1.0,
            1.0,
            1.0,
            1.0,
            1.0,
            1.0,
            1.0,
            1.0,
            1.0,
            1.0,
            2.0,
            2.0,
            2.0,
            1.0,
            2.0,
            1.0,
            1.0,
            1.0
        ],
        [
            0.0,
            0.0,
            0.0,
            0.0,
            0.0,
            0.0,
            0.0,
            0.0,
            0.0,
            0.0,
            0.0,
            0.0,
            0.0,
            0.0,
            0.0,
            0.0,
            0.0,
            0.0,
            0.0,
            0.0,
            0.0,
            0.0,
            0.0,
            0.0,
            0.0,
            0.0,
            0.0,
            0.0,
            0.0,
            0.0,
            0.0,
            0.0,
            0.0,
            0.0,
            0.0,
            0.0,
            0.0,
            -1.0,
            -1.0,
            -1.0,
            -1.0,
            -1.0,
            -1.0,
            -1.0,
            -1.0,
            -1.0,
            -1.0,
            -1.0,
            -1.0,
            -1.0,
            -1.0,
            -1.0,
            -1.0,
            -1.0,
            -1.0,
            -1.0,
            -1.0,
            -1.0
        ]
    ],
    "eval_steps": 2
}