{
    "eval_chronic": "/home/trlautenbacher/data_grid2op/rte_case5_example_val/chronics/19",
    "eval_rewards": [
        [
            0.00013581277738364443,
            -0.00019047619047619045,
            -1.0
        ],
        [
            0.00017661639565929766,
            -0.0003809523809523809,
            -1.0
        ],
        [
            0.0,
            0.0,
            0.0
        ]
    ],
    "eval_actions": [
        25,
        48,
        30
    ],
    "eval_states": [
        [
            2.0,
            25.911823272705078,
            8.600000381469727,
            8.199999809265137,
            7.800000190734863,
            6.815964698791504,
            5.9650702476501465,
            2.5141613483428955,
            -6.645111083984375,
            -17.97201919555664,
            -5.977941036224365,
            -5.977941036224365,
            -1.1548892259597778,
            -6.718832969665527,
            -4.8258585929870605,
            -1.7741416692733765,
            6.718832969665527,
            19.09585952758789,
            6.003474712371826,
            6.003474712371826,
            1.2417205572128296,
            0.1750270277261734,
            1.6141194105148315,
            1.561311960220337,
            0.6563513875007629,
            0.9065840840339661,
            0.2831985354423523,
            0.2831985354423523,
            0.6151441931724548,
            0.0,
            1.0,
            1.0,
            0.0,
            0.0,
            0.0,
            0.0,
            0.0,
            2.0,
            1.0,
            1.0,
            2.0,
            1.0,
            1.0,
            1.0,
            1.0,
            1.0,
            1.0,
            1.0,
            1.0,
            1.0,
            1.0,
            1.0,
            1.0,
            1.0,
            1.0,
            1.0,
            1.0,
            1.0
        ],
        [
            1.899999976158142,
            25.3884220123291,
            8.600000381469727,
            8.199999809265137,
            7.800000190734863,
            7.1295671463012695,
            5.2308454513549805,
            2.8942747116088867,
            -7.043934345245361,
            -17.331666946411133,
            -8.993793487548828,
            -2.8942747116088867,
            -0.7560659646987915,
            -7.079296112060547,
            -4.223695755004883,
            -2.476304531097412,
            7.079296112060547,
            18.258853912353516,
            9.035398483276367,
            3.0654234886169434,
            0.7937940359115601,
            0.12357490509748459,
            1.5153145790100098,
            1.1564877033233643,
            0.46340590715408325,
            0.8240224123001099,
            0.33522045612335205,
            0.7155196666717529,
            0.38903138041496277,
            0.0,
            2.0,
            2.0,
            0.0,
            0.0,
            0.0,
            0.0,
            0.0,
            2.0,
            1.0,
            1.0,
            2.0,
            1.0,
            1.0,
            1.0,
            1.0,
            1.0,
            1.0,
            1.0,
            1.0,
            1.0,
            2.0,
            1.0,
            2.0,
            1.0,
            1.0,
            1.0,
            1.0,
            1.0
        ],
        [
            0.0,
            0.0,
            0.0,
            0.0,
            0.0,
            0.0,
            0.0,
            0.0,
            0.0,
            0.0,
            0.0,
            0.0,
            0.0,
            0.0,
            0.0,
            0.0,
            0.0,
            0.0,
            0.0,
            0.0,
            0.0,
            0.0,
            0.0,
            0.0,
            0.0,
            0.0,
            0.0,
            0.0,
            0.0,
            0.0,
            0.0,
            0.0,
            0.0,
            0.0,
            0.0,
            0.0,
            0.0,
            -1.0,
            -1.0,
            -1.0,
            -1.0,
            -1.0,
            -1.0,
            -1.0,
            -1.0,
            -1.0,
            -1.0,
            -1.0,
            -1.0,
            -1.0,
            -1.0,
            -1.0,
            -1.0,
            -1.0,
            -1.0,
            -1.0,
            -1.0,
            -1.0
        ]
    ],
    "eval_steps": 3
}