{
    "eval_chronic": "/home/trlautenbacher/data_grid2op/rte_case5_example_val/chronics/12",
    "eval_rewards": [
        [
            0.00037941198164131334,
            -0.0003809523809523809,
            -1.0
        ],
        [
            0.00037726676299589706,
            -0.0003809523809523809,
            0.0
        ],
        [
            0.0003386509067234191,
            -0.0003809523809523809,
            0.0
        ],
        [
            0.0,
            0.0,
            0.0
        ]
    ],
    "eval_actions": [
        10,
        10,
        8,
        34
    ],
    "eval_states": [
        [
            0.30000001192092896,
            25.622663497924805,
            7.800000190734863,
            8.300000190734863,
            8.100000381469727,
            8.803028106689453,
            0.14274191856384277,
            2.3779897689819336,
            -2.372964859008789,
            -16.572837829589844,
            -8.206674575805664,
            -8.206674575805664,
            -5.7270355224609375,
            -7.7717604637146,
            0.27176016569137573,
            -2.375638723373413,
            2.375638723373413,
            16.81963539123535,
            8.215047836303711,
            8.215047836303711,
            5.735358715057373,
            0.5969299674034119,
            0.9579070210456848,
            0.09014551341533661,
            0.09014551341533661,
            0.4278746545314789,
            0.15530043840408325,
            0.15530043840408325,
            0.2043309211730957,
            0.0,
            0.0,
            0.0,
            0.0,
            0.0,
            0.0,
            0.0,
            0.0,
            2.0,
            2.0,
            1.0,
            1.0,
            2.0,
            2.0,
            1.0,
            1.0,
            1.0,
            1.0,
            1.0,
            1.0,
            1.0,
            1.0,
            1.0,
            1.0,
            1.0,
            1.0,
            1.0,
            1.0,
            1.0
        ],
        [
            0.30000001192092896,
            25.770662307739258,
            8.0,
            8.100000381469727,
            8.199999809265137,
            8.936492919921875,
            0.24921587109565735,
            2.4073774814605713,
            -2.402279853820801,
            -16.579330444335938,
            -8.156798362731934,
            -8.156798362731934,
            -5.797719955444336,
            -7.875494956970215,
            0.17549492418766022,
            -2.4049558639526367,
            2.4049558639526367,
            16.834169387817383,
            8.165057182312012,
            8.165057182312012,
            5.806218147277832,
            0.6056568622589111,
            0.9701138138771057,
            0.09075938910245895,
            0.09075938910245895,
            0.4347057640552521,
            0.15447483956813812,
            0.15447483956813812,
            0.20708081126213074,
            0.0,
            0.0,
            0.0,
            0.0,
            0.0,
            0.0,
            0.0,
            0.0,
            2.0,
            2.0,
            1.0,
            1.0,
            2.0,
            2.0,
            1.0,
            1.0,
            1.0,
            1.0,
            1.0,
            1.0,
            1.0,
            1.0,
            1.0,
            1.0,
            1.0,
            1.0,
            1.0,
            1.0,
            1.0
        ],
        [
            0.30000001192092896,
            24.88918685913086,
            7.900000095367432,
            8.100000381469727,
            8.300000190734863,
            10.023530006408691,
            2.3357183933258057,
            0.29021674394607544,
            -4.392584323883057,
            -14.726428985595703,
            -6.159446716308594,
            -6.159446716308594,
            -3.9074161052703857,
            -9.977611541748047,
            -2.3267812728881836,
            0.30000001192092896,
            4.404392242431641,
            14.865657806396484,
            6.19535493850708,
            6.19535493850708,
            3.928675889968872,
            0.12025704979896545,
            0.18309246003627777,
            1.386975646018982,
            0.28368836641311646,
            0.32268190383911133,
            0.3339163064956665,
            0.3339163064956665,
            0.2851675748825073,
            0.0,
            0.0,
            1.0,
            0.0,
            0.0,
            0.0,
            0.0,
            0.0,
            2.0,
            2.0,
            1.0,
            2.0,
            1.0,
            2.0,
            1.0,
            1.0,
            1.0,
            1.0,
            1.0,
            1.0,
            1.0,
            1.0,
            1.0,
            1.0,
            1.0,
            1.0,
            1.0,
            1.0,
            1.0
        ],
        [
            0.0,
            0.0,
            0.0,
            0.0,
            0.0,
            0.0,
            0.0,
            0.0,
            0.0,
            0.0,
            0.0,
            0.0,
            0.0,
            0.0,
            0.0,
            0.0,
            0.0,
            0.0,
            0.0,
            0.0,
            0.0,
            0.0,
            0.0,
            0.0,
            0.0,
            0.0,
            0.0,
            0.0,
            0.0,
            0.0,
            0.0,
            0.0,
            0.0,
            0.0,
            0.0,
            0.0,
            0.0,
            -1.0,
            -1.0,
            -1.0,
            -1.0,
            -1.0,
            -1.0,
            -1.0,
            -1.0,
            -1.0,
            -1.0,
            -1.0,
            -1.0,
            -1.0,
            -1.0,
            -1.0,
            -1.0,
            -1.0,
            -1.0,
            -1.0,
            -1.0,
            -1.0
        ]
    ],
    "eval_steps": 4
}