{
    "eval_chronic": "/home/trlautenbacher/data_grid2op/rte_case5_example_val/chronics/12",
    "eval_rewards": [
        [
            0.00033891565116626925,
            -0.0003809523809523809,
            -1.0
        ],
        [
            0.0,
            0.0,
            0.0
        ]
    ],
    "eval_actions": [
        8,
        21
    ],
    "eval_states": [
        [
            0.30000001192092896,
            24.789588928222656,
            7.800000190734863,
            8.300000190734863,
            8.100000381469727,
            9.93836498260498,
            2.266026735305786,
            0.2919437289237976,
            -4.338427543640137,
            -14.712267875671387,
            -6.187235355377197,
            -6.187235355377197,
            -3.7615725994110107,
            -9.892911911010742,
            -2.257189989089966,
            0.30000001192092896,
            4.350101470947266,
            14.851223945617676,
            6.223120212554932,
            6.223120212554932,
            3.782526969909668,
            0.11956821382045746,
            0.1824112832546234,
            1.389103651046753,
            0.28244712948799133,
            0.32237112522125244,
            0.33380207419395447,
            0.33380207419395447,
            0.2824764847755432,
            0.0,
            0.0,
            1.0,
            0.0,
            0.0,
            0.0,
            0.0,
            0.0,
            2.0,
            2.0,
            1.0,
            2.0,
            1.0,
            2.0,
            1.0,
            1.0,
            1.0,
            1.0,
            1.0,
            1.0,
            1.0,
            1.0,
            1.0,
            1.0,
            1.0,
            1.0,
            1.0,
            1.0,
            1.0
        ],
        [
            0.0,
            0.0,
            0.0,
            0.0,
            0.0,
            0.0,
            0.0,
            0.0,
            0.0,
            0.0,
            0.0,
            0.0,
            0.0,
            0.0,
            0.0,
            0.0,
            0.0,
            0.0,
            0.0,
            0.0,
            0.0,
            0.0,
            0.0,
            0.0,
            0.0,
            0.0,
            0.0,
            0.0,
            0.0,
            0.0,
            0.0,
            0.0,
            0.0,
            0.0,
            0.0,
            0.0,
            0.0,
            -1.0,
            -1.0,
            -1.0,
            -1.0,
            -1.0,
            -1.0,
            -1.0,
            -1.0,
            -1.0,
            -1.0,
            -1.0,
            -1.0,
            -1.0,
            -1.0,
            -1.0,
            -1.0,
            -1.0,
            -1.0,
            -1.0,
            -1.0,
            -1.0
        ]
    ],
    "eval_steps": 2
}