{"train/reward_0": 0.0, "train/reward_1": 0.00022739413511598287, "train/reward_2": 0.6, "train/grid2opsteps": 6, "_timestamp": 1721289570.8636544, "_runtime": 21.70851445198059, "_step": 6}