{"eval_steps": 104, "reward_0": 0.025793650793650792, "reward_1": 0.0, "reward_2": -1.0, "_timestamp": 1722411009.672553, "_runtime": 2.1724679470062256, "_step": 18, "_wandb": {"runtime": 1}}