{
    "eval_chronic": "C:\\Users\\thoma\\data_grid2op\\rte_case5_example_val\\chronics\\12",
    "eval_rewards": [
        [
            0.00019111550512371627,
            -0.0004761904761904762,
            -1.0
        ],
        [
            0.0001932182314022139,
            -0.0002857142857142857,
            0.0
        ],
        [
            0.00019107440650643253,
            -0.0002857142857142857,
            -1.0
        ],
        [
            0.0,
            0.0,
            0.0
        ]
    ],
    "eval_actions": [
        14,
        20,
        30,
        17
    ],
    "eval_states": [
        [
            0.30000001192092896,
            27.281768798828125,
            7.800000190734863,
            8.300000190734863,
            8.100000381469727,
            12.72269344329834,
            0.0006481412565335631,
            0.9145923256874084,
            -3.5359528064727783,
            -14.098603248596191,
            -6.951838970184326,
            -6.951838970184326,
            -4.564047336578369,
            -10.668633460998535,
            9.283308713761707e-13,
            -0.5260072946548462,
            3.6946403980255127,
            14.559075355529785,
            7.048977851867676,
            7.048977851867676,
            4.689085006713867,
            0.8477314114570618,
            2.428397550592338e-14,
            1.1124681234359741,
            0.8489853143692017,
            0.5825355648994446,
            0.5418708920478821,
            0.5418708920478821,
            0.8437339663505554,
            0.0,
            0.0,
            1.0,
            0.0,
            0.0,
            0.0,
            0.0,
            0.0,
            2.0,
            1.0,
            2.0,
            2.0,
            2.0,
            2.0,
            1.0,
            1.0,
            1.0,
            1.0,
            1.0,
            1.0,
            1.0,
            1.0,
            1.0,
            1.0,
            1.0,
            1.0,
            1.0,
            1.0,
            1.0
        ],
        [
            0.30000001192092896,
            26.091575622558594,
            8.0,
            8.100000381469727,
            8.199999809265137,
            9.387781143188477,
            4.231601715087891,
            -1.2222607135772705,
            -3.4475696086883545,
            -16.076690673828125,
            -5.9146809577941895,
            -5.9146809577941895,
            -4.752429962158203,
            -9.317010879516602,
            -3.3873536586761475,
            1.317010521888733,
            3.6873536109924316,
            16.703792572021484,
            5.922544956207275,
            5.922544956207275,
            4.951622486114502,
            0.14912696182727814,
            1.384017825126648,
            0.6514720916748047,
            1.0544276237487793,
            0.6787696480751038,
            0.15956316888332367,
            0.15956316888332367,
            1.0527598857879639,
            0.0,
            1.0,
            0.0,
            1.0,
            0.0,
            0.0,
            0.0,
            1.0,
            2.0,
            1.0,
            2.0,
            1.0,
            1.0,
            2.0,
            1.0,
            1.0,
            1.0,
            1.0,
            1.0,
            1.0,
            1.0,
            1.0,
            1.0,
            1.0,
            1.0,
            1.0,
            1.0,
            1.0,
            1.0
        ],
        [
            0.30000001192092896,
            26.11674690246582,
            7.900000095367432,
            8.100000381469727,
            8.300000190734863,
            9.345071792602539,
            4.2764105796813965,
            -1.278316617012024,
            -3.477372646331787,
            -16.137928009033203,
            -5.922874927520752,
            -5.922874927520752,
            -4.822627544403076,
            -9.273540496826172,
            -3.421050786972046,
            1.3735408782958984,
            3.72105073928833,
            16.77167510986328,
            5.930758476257324,
            5.930758476257324,
            5.0240654945373535,
            0.14993077516555786,
            1.393355131149292,
            0.6529151797294617,
            1.0633456707000732,
            0.6823241114616394,
            0.1597527712583542,
            0.1597527712583542,
            1.0583959817886353,
            0.0,
            2.0,
            0.0,
            2.0,
            0.0,
            0.0,
            0.0,
            2.0,
            2.0,
            1.0,
            2.0,
            1.0,
            1.0,
            2.0,
            1.0,
            1.0,
            1.0,
            1.0,
            1.0,
            1.0,
            1.0,
            1.0,
            1.0,
            1.0,
            1.0,
            1.0,
            1.0,
            1.0,
            1.0
        ],
        [
            0.0,
            0.0,
            0.0,
            0.0,
            0.0,
            0.0,
            0.0,
            0.0,
            0.0,
            0.0,
            0.0,
            0.0,
            0.0,
            0.0,
            0.0,
            0.0,
            0.0,
            0.0,
            0.0,
            0.0,
            0.0,
            0.0,
            0.0,
            0.0,
            0.0,
            0.0,
            0.0,
            0.0,
            0.0,
            0.0,
            0.0,
            0.0,
            0.0,
            0.0,
            0.0,
            0.0,
            0.0,
            -1.0,
            -1.0,
            -1.0,
            -1.0,
            -1.0,
            -1.0,
            -1.0,
            -1.0,
            -1.0,
            -1.0,
            -1.0,
            -1.0,
            -1.0,
            -1.0,
            -1.0,
            -1.0,
            -1.0,
            -1.0,
            -1.0,
            -1.0,
            -1.0
        ]
    ],
    "eval_steps": 4
}