{"Action dimension": 99, "_timestamp": 1720507221.0479114, "_runtime": 1.8010103702545166, "_step": 1, "Observation dimension": [58], "_wandb": {"runtime": 60}}