{"train/reward_0": 0.0, "train/reward_1": 0.028119773662378847, "train/reward_2": 0.02976190476190471, "train/grid2opsteps": 1242, "_timestamp": 1722416885.6480978, "_runtime": 4.650338649749756, "_step": 4, "_wandb": {"runtime": 4}}