{
    "eval_rewards": [
        [
            0.0,
            0.17277105558629322,
            0.0
        ],
        [
            0.0,
            0.0002481381539071887,
            -1.0
        ],
        [
            0.0,
            0.09186774431344925,
            0.0
        ],
        [
            1.0,
            0.5207208979610685,
            0.0
        ]
    ],
    "eval_actions": [
        2,
        6,
        24,
        40
    ],
    "eval_states": [
        [
            4.400000095367432,
            27.533924102783203,
            10.600000381469727,
            10.199999809265137,
            8.699999809265137,
            9.872773170471191,
            0.6461654305458069,
            -2.446171283721924,
            0.0004612483025994152,
            -17.164133071899414,
            -8.237024307250977,
            -8.237024307250977,
            -8.700461387634277,
            -8.592781066894531,
            -0.2772468030452728,
            2.6700279712677,
            0.0,
            17.661151885986328,
            8.258983612060547,
            8.258983612060547,
            8.720219612121582,
            0.6664946675300598,
            0.9014689326286316,
            0.8282383680343628,
            0.0,
            0.6048981547355652,
            0.26195451617240906,
            0.26195451617240906,
            0.3097395896911621,
            0.0,
            0.0,
            0.0,
            0.0,
            0.0,
            0.0,
            0.0,
            0.0,
            2.0,
            2.0,
            2.0,
            1.0,
            2.0,
            2.0,
            1.0,
            1.0,
            1.0,
            1.0,
            1.0,
            1.0,
            1.0,
            1.0,
            1.0,
            1.0,
            1.0,
            1.0,
            1.0,
            1.0,
            1.0
        ],
        [
            4.300000190734863,
            28.226150512695312,
            10.5,
            10.199999809265137,
            8.800000190734863,
            11.339576721191406,
            2.225989580154419,
            0.0013066288083791733,
            -5.054054260253906,
            -16.311235427856445,
            -7.024594306945801,
            -7.024594306945801,
            -3.745946168899536,
            -9.68084716796875,
            -1.712898850440979,
            -4.630663799458368e-13,
            5.193746089935303,
            16.88657569885254,
            7.042623043060303,
            7.042623043060303,
            3.847882032394409,
            0.7604957818984985,
            1.070229172706604,
            1.6409281295955494e-14,
            0.7942811250686646,
            0.6503974795341492,
            0.2386711686849594,
            0.2386711686849594,
            0.7665852904319763,
            0.0,
            1.0,
            0.0,
            0.0,
            0.0,
            0.0,
            0.0,
            0.0,
            2.0,
            2.0,
            1.0,
            2.0,
            2.0,
            2.0,
            1.0,
            1.0,
            1.0,
            1.0,
            1.0,
            1.0,
            1.0,
            1.0,
            1.0,
            1.0,
            1.0,
            1.0,
            1.0,
            1.0,
            1.0
        ],
        [
            1.2000000476837158,
            29.035919189453125,
            10.399999618530273,
            10.100000381469727,
            8.600000381469727,
            13.57536792755127,
            1.077677845954895,
            -1.650438904762268,
            -3.0960097312927246,
            -15.102431297302246,
            -7.002276420593262,
            -7.002276420593262,
            -5.503990650177002,
            -13.522505760192871,
            -0.7058277726173401,
            1.9058277606964111,
            3.1225061416625977,
            15.460550308227539,
            7.01237678527832,
            7.01237678527832,
            5.554991245269775,
            0.13375228643417358,
            0.9052062034606934,
            0.8890637159347534,
            0.4129393994808197,
            0.5143881440162659,
            0.17912991344928741,
            0.17912991344928741,
            0.4642059803009033,
            0.0,
            0.0,
            0.0,
            0.0,
            0.0,
            0.0,
            0.0,
            0.0,
            2.0,
            1.0,
            1.0,
            2.0,
            1.0,
            2.0,
            1.0,
            1.0,
            1.0,
            1.0,
            1.0,
            1.0,
            1.0,
            1.0,
            1.0,
            1.0,
            1.0,
            1.0,
            1.0,
            1.0,
            1.0
        ],
        [
            1.0,
            24.31180191040039,
            8.800000190734863,
            8.600000381469727,
            7.599999904632568,
            25.29127311706543,
            -0.5868296027183533,
            -0.39482221007347107,
            -16.224258422851562,
            0.9815289974212646,
            0.19741110503673553,
            0.19741110503673553,
            8.624258041381836,
            -25.10403823852539,
            0.5975317358970642,
            0.4024682939052582,
            16.30403709411621,
            -0.9794727563858032,
            -0.19734971225261688,
            -0.19734971225261688,
            -8.600000381469727,
            0.2652072012424469,
            0.19958539307117462,
            0.23408885300159454,
            0.6178918480873108,
            0.03225909546017647,
            0.003727404633536935,
            0.003727404633536935,
            0.3759210407733917,
            0.0,
            0.0,
            0.0,
            0.0,
            0.0,
            0.0,
            0.0,
            0.0,
            2.0,
            1.0,
            1.0,
            2.0,
            1.0,
            2.0,
            1.0,
            1.0,
            1.0,
            1.0,
            1.0,
            1.0,
            1.0,
            2.0,
            2.0,
            2.0,
            1.0,
            1.0,
            1.0,
            1.0,
            1.0
        ]
    ],
    "eval_steps": 2016
}