{
    "eval_rewards": [
        [
            0.0,
            0.0003948518211184713,
            -0.6666666666666666
        ],
        [
            0.0,
            0.0003918056793096451,
            -0.8333333333333334
        ],
        [
            0.000744047619047619,
            0.0,
            -1.0
        ]
    ],
    "eval_actions": [
        34,
        41,
        2
    ],
    "eval_states": [
        [
            4.199999809265137,
            29.30176544189453,
            8.699999809265137,
            8.300000190734863,
            7.300000190734863,
            29.301708221435547,
            -4.508047103881836,
            -4.363117694854736,
            -6.730887413024902,
            -9.277045277811258e-13,
            -2.2532107830047607,
            -2.2532107830047607,
            -0.5691128373146057,
            -20.12601661682129,
            4.5137248039245605,
            4.369776725769043,
            6.7425150871276855,
            5.814511314383708e-05,
            2.254023551940918,
            2.254023551940918,
            0.5695388317108154,
            1.806025743484497,
            0.12693391740322113,
            0.16812312602996826,
            0.23854978382587433,
            0.012950598262250423,
            0.04376797005534172,
            0.04376797005534172,
            0.02123863250017166,
            1.0,
            0.0,
            0.0,
            0.0,
            0.0,
            0.0,
            0.0,
            0.0,
            1.0,
            1.0,
            1.0,
            1.0,
            1.0,
            1.0,
            1.0,
            1.0,
            1.0,
            2.0,
            1.0,
            2.0,
            2.0,
            1.0,
            1.0,
            1.0,
            1.0,
            1.0,
            1.0,
            1.0,
            1.0
        ],
        [
            4.300000190734863,
            29.525564193725586,
            8.800000190734863,
            8.399999618530273,
            7.300000190734863,
            29.52550506591797,
            -4.082196235656738,
            -4.671989917755127,
            -6.9491472244262695,
            -9.277045277811258e-13,
            -4.079150676727295,
            -9.368696140057975e-13,
            -0.3508527874946594,
            -20.228282928466797,
            4.087001800537109,
            4.679656505584717,
            6.961625576019287,
            5.814511314383708e-05,
            4.082138538360596,
            5.801760926260613e-05,
            0.35114115476608276,
            1.8180314302444458,
            0.12170722335577011,
            0.17541566491127014,
            0.2462938278913498,
            0.012950598262250423,
            0.0862991139292717,
            0.02587278187274933,
            0.017515817657113075,
            2.0,
            0.0,
            0.0,
            0.0,
            0.0,
            0.0,
            0.0,
            0.0,
            1.0,
            1.0,
            1.0,
            1.0,
            1.0,
            1.0,
            1.0,
            1.0,
            1.0,
            2.0,
            1.0,
            2.0,
            2.0,
            2.0,
            2.0,
            1.0,
            2.0,
            2.0,
            1.0,
            1.0,
            1.0
        ],
        [
            0.0,
            0.0,
            0.0,
            0.0,
            0.0,
            0.0,
            0.0,
            0.0,
            0.0,
            0.0,
            0.0,
            0.0,
            0.0,
            0.0,
            0.0,
            0.0,
            0.0,
            0.0,
            0.0,
            0.0,
            0.0,
            0.0,
            0.0,
            0.0,
            0.0,
            0.0,
            0.0,
            0.0,
            0.0,
            0.0,
            0.0,
            0.0,
            0.0,
            0.0,
            0.0,
            0.0,
            0.0,
            -1.0,
            -1.0,
            -1.0,
            -1.0,
            -1.0,
            -1.0,
            -1.0,
            -1.0,
            -1.0,
            -1.0,
            -1.0,
            -1.0,
            -1.0,
            -1.0,
            -1.0,
            -1.0,
            -1.0,
            -1.0,
            -1.0,
            -1.0,
            -1.0
        ]
    ],
    "eval_steps": 3
}