{
    "eval_rewards": [
        [
            0.0,
            0.00017424882295626927,
            -0.6666666666666666
        ],
        [
            0.0,
            0.00017208184821899063,
            -0.6666666666666666
        ],
        [
            0.000744047619047619,
            0.0,
            -1.0
        ]
    ],
    "eval_actions": [
        36,
        35,
        41
    ],
    "eval_states": [
        [
            2.0,
            26.34185791015625,
            8.600000381469727,
            8.199999809265137,
            7.800000190734863,
            13.39727783203125,
            -0.0971764624118805,
            -0.04541398584842682,
            -3.9984028339385986,
            -12.453624725341797,
            -11.983375549316406,
            -0.035429056733846664,
            -3.8015973567962646,
            -11.137466430664062,
            0.2091614007949829,
            0.24387991428375244,
            4.08442497253418,
            12.944579124450684,
            12.453624725341797,
            0.0971764624118805,
            3.8642191886901855,
            0.889803946018219,
            0.4789448082447052,
            0.7754613757133484,
            0.6131350994110107,
            0.6013515591621399,
            1.1773402690887451,
            0.4090910255908966,
            0.6106588244438171,
            0.0,
            0.0,
            0.0,
            0.0,
            0.0,
            1.0,
            0.0,
            0.0,
            1.0,
            1.0,
            1.0,
            1.0,
            1.0,
            1.0,
            1.0,
            1.0,
            1.0,
            2.0,
            1.0,
            1.0,
            2.0,
            1.0,
            1.0,
            1.0,
            1.0,
            1.0,
            1.0,
            1.0,
            1.0
        ],
        [
            1.899999976158142,
            26.486684799194336,
            8.600000381469727,
            8.199999809265137,
            7.800000190734863,
            13.484716415405273,
            -0.08272501081228256,
            -0.028301451355218887,
            -3.9871432781219482,
            -12.504403114318848,
            -0.02046753466129303,
            -12.027687072753906,
            -3.812856912612915,
            -11.19762897491455,
            0.19573700428009033,
            0.22852759063243866,
            4.0733642578125,
            13.001968383789062,
            0.08272501081228256,
            12.504403114318848,
            3.8764560222625732,
            0.8952350616455078,
            0.4813164174556732,
            0.7791956067085266,
            0.6138874888420105,
            0.6053446531295776,
            0.4108305275440216,
            1.185323715209961,
            0.6150501370429993,
            0.0,
            0.0,
            0.0,
            0.0,
            0.0,
            0.0,
            1.0,
            0.0,
            1.0,
            1.0,
            1.0,
            1.0,
            1.0,
            1.0,
            1.0,
            1.0,
            1.0,
            2.0,
            1.0,
            2.0,
            1.0,
            1.0,
            1.0,
            1.0,
            1.0,
            1.0,
            1.0,
            1.0,
            1.0
        ],
        [
            0.0,
            0.0,
            0.0,
            0.0,
            0.0,
            0.0,
            0.0,
            0.0,
            0.0,
            0.0,
            0.0,
            0.0,
            0.0,
            0.0,
            0.0,
            0.0,
            0.0,
            0.0,
            0.0,
            0.0,
            0.0,
            0.0,
            0.0,
            0.0,
            0.0,
            0.0,
            0.0,
            0.0,
            0.0,
            0.0,
            0.0,
            0.0,
            0.0,
            0.0,
            0.0,
            0.0,
            0.0,
            -1.0,
            -1.0,
            -1.0,
            -1.0,
            -1.0,
            -1.0,
            -1.0,
            -1.0,
            -1.0,
            -1.0,
            -1.0,
            -1.0,
            -1.0,
            -1.0,
            -1.0,
            -1.0,
            -1.0,
            -1.0,
            -1.0,
            -1.0,
            -1.0
        ]
    ],
    "eval_steps": 3
}