{
    "eval_chronic": "C:\\Users\\thoma\\data_grid2op\\rte_case5_example_val\\chronics\\12",
    "eval_rewards": [
        [
            0.00022808311647731208,
            0.00047619047619047624,
            -1.0
        ],
        [
            8.838697867791607e-05,
            0.00042328042328042324,
            -1.0
        ],
        [
            0.0002566305083900889,
            0.00034391534391534393,
            -1.0
        ],
        [
            0.0,
            0.0,
            -1.0
        ]
    ],
    "eval_actions": [
        46,
        25,
        6,
        20
    ],
    "eval_states": [
        [
            0.30000001192092896,
            26.923524856567383,
            7.800000190734863,
            8.300000190734863,
            8.100000381469727,
            11.01897144317627,
            2.3903191089630127,
            0.2034924328327179,
            -3.945746660232544,
            -15.243951797485352,
            -8.300000190734863,
            -4.395274639129639,
            -4.154253959655762,
            -9.446654319763184,
            -1.9733175039291382,
            -0.08278089016675949,
            4.002752304077148,
            15.90455436706543,
            8.311651229858398,
            4.541980743408203,
            4.191782474517822,
            0.7400828003883362,
            0.9609616994857788,
            0.5896703600883484,
            0.49094295501708984,
            0.6965228915214539,
            0.17698507010936737,
            0.6633483171463013,
            0.4821312427520752,
            0.0,
            0.0,
            0.0,
            0.0,
            0.0,
            0.0,
            0.0,
            0.0,
            1.0,
            1.0,
            1.0,
            1.0,
            1.0,
            1.0,
            1.0,
            1.0,
            1.0,
            1.0,
            1.0,
            1.0,
            1.0,
            2.0,
            1.0,
            2.0,
            2.0,
            1.0,
            1.0,
            1.0,
            1.0
        ],
        [
            0.30000001192092896,
            27.869361877441406,
            8.0,
            8.100000381469727,
            8.199999809265137,
            7.076633930206299,
            6.564540386199951,
            3.3007712364196777,
            -6.84436559677124,
            -19.554622650146484,
            -8.100000381469727,
            -4.777805328369141,
            -1.355634331703186,
            -6.946621417999268,
            -5.152944564819336,
            -2.547055721282959,
            6.946621417999268,
            20.792728424072266,
            8.111004829406738,
            4.879078388214111,
            1.477034091949463,
            0.20422136783599854,
            1.8011977672576904,
            1.5763795375823975,
            0.7658301591873169,
            0.9512320160865784,
            0.1719142198562622,
            0.5532364845275879,
            0.7361712455749512,
            0.0,
            1.0,
            1.0,
            0.0,
            0.0,
            0.0,
            0.0,
            0.0,
            2.0,
            1.0,
            1.0,
            2.0,
            1.0,
            1.0,
            1.0,
            1.0,
            1.0,
            1.0,
            1.0,
            1.0,
            1.0,
            2.0,
            1.0,
            2.0,
            2.0,
            1.0,
            1.0,
            1.0,
            1.0
        ],
        [
            0.30000001192092896,
            26.91863441467285,
            7.900000095367432,
            8.100000381469727,
            8.300000190734863,
            11.174888610839844,
            2.6019515991210938,
            0.001308283070102334,
            -3.9504051208496094,
            -15.204407691955566,
            -8.100000381469727,
            -4.4252495765686035,
            -4.349595069885254,
            -9.560796737670898,
            -2.090904474258423,
            4.6403245829163e-13,
            4.051701068878174,
            15.743746757507324,
            8.111124038696289,
            4.491331577301025,
            4.423941135406494,
            0.7500192523002625,
            1.0680330991744995,
            1.6536981677149447e-14,
            0.6691552400588989,
            0.6299343705177307,
            0.17277394235134125,
            0.4492935240268707,
            0.6609985828399658,
            0.0,
            2.0,
            0.0,
            0.0,
            0.0,
            0.0,
            0.0,
            0.0,
            2.0,
            2.0,
            1.0,
            2.0,
            2.0,
            2.0,
            1.0,
            1.0,
            1.0,
            1.0,
            1.0,
            1.0,
            1.0,
            2.0,
            1.0,
            2.0,
            2.0,
            1.0,
            1.0,
            1.0,
            1.0
        ],
        [
            0.0,
            0.0,
            0.0,
            0.0,
            0.0,
            0.0,
            0.0,
            0.0,
            0.0,
            0.0,
            0.0,
            0.0,
            0.0,
            0.0,
            0.0,
            0.0,
            0.0,
            0.0,
            0.0,
            0.0,
            0.0,
            0.0,
            0.0,
            0.0,
            0.0,
            0.0,
            0.0,
            0.0,
            0.0,
            0.0,
            0.0,
            0.0,
            0.0,
            0.0,
            0.0,
            0.0,
            0.0,
            -1.0,
            -1.0,
            -1.0,
            -1.0,
            -1.0,
            -1.0,
            -1.0,
            -1.0,
            -1.0,
            -1.0,
            -1.0,
            -1.0,
            -1.0,
            -1.0,
            -1.0,
            -1.0,
            -1.0,
            -1.0,
            -1.0,
            -1.0,
            -1.0
        ]
    ],
    "eval_steps": 4
}