{
    "eval_chronic": "C:\\Users\\thoma\\data_grid2op\\rte_case5_example_val\\chronics\\12",
    "eval_rewards": [
        [
            0.020289977658582238,
            0.04222222222222222,
            0.0
        ],
        [
            0.00019192238418066175,
            0.0004497354497354497,
            -1.0
        ],
        [
            0.00016288921952927057,
            0.0003968253968253968,
            -1.0
        ],
        [
            0.0,
            0.0,
            -1.0
        ]
    ],
    "eval_actions": [
        48,
        45,
        35,
        13
    ],
    "eval_states": [
        [
            0.30000001192092896,
            27.11490821838379,
            7.800000190734863,
            8.300000190734863,
            8.100000381469727,
            11.231125831604004,
            2.574795722961426,
            1.4399030208587646,
            -5.470755577087402,
            -15.11562728881836,
            -10.99609375,
            -1.4399030208587646,
            -2.629244804382324,
            -9.601850509643555,
            -2.1859941482543945,
            -1.2824227809906006,
            5.570267200469971,
            15.883782386779785,
            11.030598640441895,
            1.5102324485778809,
            2.696094036102295,
            0.7535988688468933,
            0.9265605807304382,
            0.68340665102005,
            0.6638064980506897,
            0.7506129741668701,
            0.3253147304058075,
            0.4633224904537201,
            0.6300647258758545,
            0.0,
            0.0,
            0.0,
            0.0,
            0.0,
            0.0,
            0.0,
            0.0,
            1.0,
            1.0,
            1.0,
            1.0,
            1.0,
            1.0,
            1.0,
            1.0,
            1.0,
            1.0,
            1.0,
            1.0,
            1.0,
            2.0,
            1.0,
            2.0,
            1.0,
            1.0,
            1.0,
            1.0,
            1.0
        ],
        [
            0.5,
            28.26830291748047,
            8.199999809265137,
            8.300000190734863,
            8.399999618530273,
            12.600818634033203,
            3.8128530979156494,
            -0.973246693611145,
            -4.943634986877441,
            -14.808605194091797,
            -1.8566487323262715e-12,
            -10.8353910446167,
            -3.456364631652832,
            -10.583038330078125,
            -3.2869210243225098,
            1.1463583707809448,
            5.023601055145264,
            15.66748332977295,
            5.807855268358253e-05,
            10.995694160461426,
            3.5086376667022705,
            0.8400976657867432,
            1.0841132402420044,
            0.7198007702827454,
            0.5902806520462036,
            0.7933551073074341,
            0.02588636800646782,
            0.6923317313194275,
            0.5620115399360657,
            0.0,
            1.0,
            0.0,
            0.0,
            0.0,
            0.0,
            0.0,
            0.0,
            1.0,
            1.0,
            1.0,
            1.0,
            1.0,
            1.0,
            1.0,
            1.0,
            1.0,
            1.0,
            1.0,
            1.0,
            1.0,
            2.0,
            1.0,
            2.0,
            2.0,
            2.0,
            1.0,
            1.0,
            1.0
        ],
        [
            0.5,
            29.0681209564209,
            8.199999809265137,
            8.5,
            8.5,
            15.063244819641113,
            -5.8157125749858096e-05,
            0.25215476751327515,
            -4.214361667633057,
            -13.578956604003906,
            -9.337987197724495e-13,
            -13.17215347290039,
            -4.285638332366943,
            -12.260388374328613,
            0.0023893597535789013,
            0.1697542518377304,
            4.388245105743408,
            14.004877090454102,
            5.81571293878369e-05,
            13.578956604003906,
            4.419999122619629,
            0.9924256205558777,
            0.11426687985658646,
            1.1620606184005737,
            0.891108512878418,
            0.560495138168335,
            0.025903873145580292,
            1.0958237648010254,
            0.8730451464653015,
            0.0,
            0.0,
            1.0,
            0.0,
            0.0,
            0.0,
            1.0,
            0.0,
            1.0,
            1.0,
            1.0,
            1.0,
            1.0,
            1.0,
            1.0,
            1.0,
            1.0,
            2.0,
            1.0,
            2.0,
            1.0,
            2.0,
            1.0,
            2.0,
            2.0,
            2.0,
            1.0,
            1.0,
            1.0
        ],
        [
            0.0,
            0.0,
            0.0,
            0.0,
            0.0,
            0.0,
            0.0,
            0.0,
            0.0,
            0.0,
            0.0,
            0.0,
            0.0,
            0.0,
            0.0,
            0.0,
            0.0,
            0.0,
            0.0,
            0.0,
            0.0,
            0.0,
            0.0,
            0.0,
            0.0,
            0.0,
            0.0,
            0.0,
            0.0,
            0.0,
            0.0,
            0.0,
            0.0,
            0.0,
            0.0,
            0.0,
            0.0,
            -1.0,
            -1.0,
            -1.0,
            -1.0,
            -1.0,
            -1.0,
            -1.0,
            -1.0,
            -1.0,
            -1.0,
            -1.0,
            -1.0,
            -1.0,
            -1.0,
            -1.0,
            -1.0,
            -1.0,
            -1.0,
            -1.0,
            -1.0,
            -1.0
        ]
    ],
    "eval_steps": 87
}