{
    "eval_chronic": "C:\\Users\\thoma\\data_grid2op\\rte_case5_example_val\\chronics\\12",
    "eval_rewards": [
        [
            2.2734742063342878e-05,
            0.00047619047619047624,
            -1.0
        ],
        [
            0.00024853897590585924,
            0.0004497354497354497,
            -1.0
        ],
        [
            0.9596617014845135,
            0.9590476190476503,
            0.0
        ]
    ],
    "eval_actions": [
        12,
        22,
        26
    ],
    "eval_states": [
        [
            0.30000001192092896,
            27.031208038330078,
            7.800000190734863,
            8.300000190734863,
            8.100000381469727,
            8.494162559509277,
            -0.51697838306427,
            3.220421075820923,
            -2.1246743202209473,
            -17.824087142944336,
            -8.916014671325684,
            -8.916014671325684,
            -5.975326061248779,
            -8.413068771362305,
            0.6130685210227966,
            -2.210757255554199,
            2.5107572078704834,
            18.537044525146484,
            9.170533180236816,
            9.170533180236816,
            6.31160831451416,
            0.1596606969833374,
            0.5196017026901245,
            1.8352396488189697,
            1.3506803512573242,
            0.7233115434646606,
            0.8695045113563538,
            0.8695045113563538,
            1.3535935878753662,
            0.0,
            0.0,
            1.0,
            1.0,
            0.0,
            0.0,
            0.0,
            1.0,
            2.0,
            2.0,
            1.0,
            1.0,
            1.0,
            2.0,
            1.0,
            1.0,
            1.0,
            1.0,
            1.0,
            1.0,
            1.0,
            1.0,
            1.0,
            1.0,
            1.0,
            1.0,
            1.0,
            1.0,
            1.0
        ],
        [
            0.30000001192092896,
            27.05007553100586,
            8.0,
            8.100000381469727,
            8.199999809265137,
            13.228340148925781,
            1.227110505104065,
            -1.2189109325408936,
            -3.0151009559631348,
            -13.618227005004883,
            -6.163444995880127,
            -6.163444995880127,
            -5.184898853302002,
            -11.020835876464844,
            -1.2201268672943115,
            1.2201268672943115,
            3.3208353519439697,
            13.821735382080078,
            6.195558547973633,
            6.195558547973633,
            5.445800304412842,
            0.8792962431907654,
            0.09172026813030243,
            0.1261153668165207,
            1.196731686592102,
            0.38918137550354004,
            0.31633615493774414,
            0.31633615493774414,
            1.1979913711547852,
            0.0,
            0.0,
            0.0,
            2.0,
            0.0,
            0.0,
            0.0,
            2.0,
            2.0,
            1.0,
            1.0,
            2.0,
            2.0,
            2.0,
            1.0,
            1.0,
            1.0,
            1.0,
            1.0,
            1.0,
            1.0,
            1.0,
            1.0,
            1.0,
            1.0,
            1.0,
            1.0,
            1.0,
            1.0
        ],
        [
            0.699999988079071,
            24.762989044189453,
            8.0,
            8.199999809265137,
            8.300000190734863,
            8.202095985412598,
            3.4506707191467285,
            0.4155430793762207,
            -3.856813669204712,
            -16.525096893310547,
            -6.531895160675049,
            -6.531895160675049,
            -4.4431867599487305,
            -7.300000190734863,
            -3.4469308853149414,
            -0.4150170683860779,
            3.861948013305664,
            16.56089210510254,
            6.537213325500488,
            6.537213325500488,
            4.44824743270874,
            0.5574644207954407,
            0.08919637650251389,
            0.031208554282784462,
            0.1418694108724594,
            0.16229473054409027,
            0.12367726862430573,
            0.12367726862430573,
            0.159184992313385,
            0.0,
            0.0,
            0.0,
            0.0,
            0.0,
            0.0,
            0.0,
            0.0,
            2.0,
            1.0,
            1.0,
            1.0,
            2.0,
            2.0,
            1.0,
            1.0,
            1.0,
            1.0,
            1.0,
            1.0,
            1.0,
            1.0,
            1.0,
            1.0,
            1.0,
            1.0,
            1.0,
            1.0,
            1.0
        ]
    ],
    "eval_steps": 2016
}