{
    "eval_chronic": "C:\\Users\\thoma\\data_grid2op\\rte_case5_example_val\\chronics\\19",
    "eval_rewards": [
        [
            0.00022886861337522408,
            0.00047619047619047624,
            -1.0
        ],
        [
            0.000258669530112102,
            0.0004497354497354497,
            -1.0
        ],
        [
            0.00027563887383802454,
            0.0003968253968253968,
            -1.0
        ],
        [
            0.9413846381867205,
            0.6923015873015861,
            0.0
        ]
    ],
    "eval_actions": [
        31,
        52,
        28,
        18
    ],
    "eval_states": [
        [
            2.0,
            25.800434112548828,
            8.600000381469727,
            8.199999809265137,
            7.800000190734863,
            11.375960350036621,
            3.3511319160461426,
            -1.0986665487289429,
            -4.721121311187744,
            -13.714180946350098,
            -10.22237777709961,
            5.799335121992044e-05,
            -3.07887864112854,
            -9.707298278808594,
            -2.9159696102142334,
            1.2376306056976318,
            4.785636901855469,
            14.424474716186523,
            10.363049507141113,
            -2.7823520397374235e-12,
            3.120986223220825,
            0.7628076672554016,
            0.982571005821228,
            0.6378321051597595,
            0.5257518887519836,
            0.7220473289489746,
            0.6493295431137085,
            5.2691710586763585e-14,
            0.5092878937721252,
            0.0,
            0.0,
            0.0,
            0.0,
            0.0,
            0.0,
            0.0,
            0.0,
            1.0,
            1.0,
            1.0,
            1.0,
            1.0,
            1.0,
            1.0,
            1.0,
            1.0,
            2.0,
            2.0,
            2.0,
            1.0,
            1.0,
            1.0,
            1.0,
            1.0,
            1.0,
            1.0,
            1.0,
            1.0
        ],
        [
            1.899999976158142,
            25.533950805664062,
            8.600000381469727,
            8.199999809265137,
            7.800000190734863,
            11.004657745361328,
            3.00580096244812,
            9.29949368379257e-13,
            -5.111600399017334,
            -14.028947830200195,
            -10.975491523742676,
            5.792755473521538e-05,
            -2.6883997917175293,
            -9.436150550842285,
            -2.4947376251220703,
            0.001311096828430891,
            5.22957706451416,
            14.529293060302734,
            11.023146629333496,
            1.8541715472025766e-12,
            2.7754342555999756,
            0.739169716835022,
            1.0680712461471558,
            0.13720062375068665,
            0.7263654470443726,
            0.606982409954071,
            0.3815358877182007,
            3.52788951480873e-14,
            0.7122803926467896,
            0.0,
            1.0,
            0.0,
            0.0,
            0.0,
            0.0,
            0.0,
            0.0,
            1.0,
            1.0,
            1.0,
            1.0,
            1.0,
            1.0,
            1.0,
            1.0,
            1.0,
            2.0,
            2.0,
            2.0,
            1.0,
            2.0,
            1.0,
            1.0,
            1.0,
            1.0,
            1.0,
            1.0,
            1.0
        ],
        [
            1.899999976158142,
            24.102792739868164,
            8.5,
            8.0,
            7.900000095367432,
            8.523237228393555,
            3.728825092315674,
            -4.637610824878569e-13,
            -4.8434271812438965,
            -14.953670501708984,
            -11.166407585144043,
            5.79288971493952e-05,
            -3.0565731525421143,
            -8.5,
            -3.087280511856079,
            0.001311096828430891,
            4.985969543457031,
            15.57955551147461,
            11.224845886230469,
            -9.259081132015345e-13,
            3.1663501262664795,
            0.09837409108877182,
            1.2014341354370117,
            0.13720062375068665,
            0.8027020692825317,
            0.6781393885612488,
            0.4217011630535126,
            1.750323451172979e-14,
            0.7940229177474976,
            0.0,
            2.0,
            0.0,
            0.0,
            0.0,
            0.0,
            0.0,
            0.0,
            2.0,
            1.0,
            1.0,
            1.0,
            1.0,
            2.0,
            1.0,
            1.0,
            1.0,
            2.0,
            2.0,
            2.0,
            1.0,
            2.0,
            1.0,
            1.0,
            1.0,
            1.0,
            1.0,
            1.0,
            1.0
        ],
        [
            1.7999999523162842,
            23.215272903442383,
            8.5,
            8.0,
            7.699999809265137,
            7.453401565551758,
            4.308377742767334,
            4.655061600945809e-13,
            -4.297224998474121,
            -15.731108665466309,
            -11.405749320983887,
            5.775222962256521e-05,
            -3.4027748107910156,
            -6.701311111450195,
            -4.303143501281738,
            0.001311096828430891,
            4.303143501281738,
            15.761871337890625,
            11.422731399536133,
            9.246276704358292e-13,
            3.4056918621063232,
            0.5078933835029602,
            0.11368141323328018,
            0.13720062375068665,
            0.15631194412708282,
            0.14945320785045624,
            0.21885286271572113,
            1.8041920361129213e-14,
            0.12589320540428162,
            0.0,
            0.0,
            0.0,
            0.0,
            0.0,
            0.0,
            0.0,
            0.0,
            2.0,
            1.0,
            2.0,
            1.0,
            2.0,
            2.0,
            1.0,
            1.0,
            1.0,
            2.0,
            2.0,
            2.0,
            1.0,
            2.0,
            1.0,
            1.0,
            1.0,
            1.0,
            1.0,
            1.0,
            1.0
        ]
    ],
    "eval_steps": 2016
}