{
    "eval_chronic": "C:\\Users\\thoma\\data_grid2op\\rte_case5_example_val\\chronics\\12",
    "eval_rewards": [
        [
            0.00018178309354378053,
            0.000529100529100529,
            -1.0
        ],
        [
            0.00032091874002657236,
            0.00042328042328042324,
            -1.0
        ],
        [
            0.0,
            0.0,
            -1.0
        ]
    ],
    "eval_actions": [
        37,
        18,
        24
    ],
    "eval_states": [
        [
            0.30000001192092896,
            27.28756332397461,
            7.800000190734863,
            8.300000190734863,
            8.100000381469727,
            12.736221313476562,
            2.6843996640211467e-15,
            0.9236764907836914,
            -3.534424066543579,
            -14.12021541595459,
            -6.959481239318848,
            -6.959481239318848,
            -4.565576076507568,
            -10.678116798400879,
            0.0006492077955044806,
            -0.5209556221961975,
            3.698423385620117,
            14.551342964172363,
            7.060107707977295,
            7.060107707977295,
            4.695286273956299,
            0.8485782146453857,
            0.07894150167703629,
            1.1337578296661377,
            0.8638564348220825,
            0.5638597011566162,
            0.5513015985488892,
            0.5513015985488892,
            0.8585058450698853,
            0.0,
            0.0,
            1.0,
            0.0,
            0.0,
            0.0,
            0.0,
            0.0,
            1.0,
            1.0,
            1.0,
            1.0,
            1.0,
            1.0,
            1.0,
            1.0,
            1.0,
            2.0,
            1.0,
            1.0,
            1.0,
            1.0,
            1.0,
            1.0,
            1.0,
            1.0,
            1.0,
            1.0,
            1.0
        ],
        [
            0.30000001192092896,
            26.19426918029785,
            8.0,
            8.100000381469727,
            8.199999809265137,
            10.599637985229492,
            -9.246728816664218e-13,
            -1.0193970203399658,
            0.005475054960697889,
            -15.394312858581543,
            -7.651669502258301,
            -7.651669502258301,
            -8.205474853515625,
            -9.13730239868164,
            0.000644237152300775,
            1.4373024702072144,
            -0.000644237152300775,
            15.59463119506836,
            7.6971564292907715,
            7.6971564292907715,
            8.222735404968262,
            0.7132722735404968,
            0.0786387175321579,
            1.1562694311141968,
            0.10812823474407196,
            0.38605135679244995,
            0.374106228351593,
            0.374106228351593,
            0.3078549802303314,
            0.0,
            0.0,
            2.0,
            0.0,
            0.0,
            0.0,
            0.0,
            0.0,
            2.0,
            1.0,
            2.0,
            1.0,
            2.0,
            2.0,
            1.0,
            1.0,
            1.0,
            2.0,
            1.0,
            1.0,
            1.0,
            1.0,
            1.0,
            1.0,
            1.0,
            1.0,
            1.0,
            1.0,
            1.0
        ],
        [
            0.0,
            0.0,
            0.0,
            0.0,
            0.0,
            0.0,
            0.0,
            0.0,
            0.0,
            0.0,
            0.0,
            0.0,
            0.0,
            0.0,
            0.0,
            0.0,
            0.0,
            0.0,
            0.0,
            0.0,
            0.0,
            0.0,
            0.0,
            0.0,
            0.0,
            0.0,
            0.0,
            0.0,
            0.0,
            0.0,
            0.0,
            0.0,
            0.0,
            0.0,
            0.0,
            0.0,
            0.0,
            -1.0,
            -1.0,
            -1.0,
            -1.0,
            -1.0,
            -1.0,
            -1.0,
            -1.0,
            -1.0,
            -1.0,
            -1.0,
            -1.0,
            -1.0,
            -1.0,
            -1.0,
            -1.0,
            -1.0,
            -1.0,
            -1.0,
            -1.0,
            -1.0
        ]
    ],
    "eval_steps": 3
}