{
    "eval_chronic": "C:\\Users\\thoma\\data_grid2op\\rte_case5_example_val\\chronics\\12",
    "eval_rewards": [
        [
            0.0002533613496427267,
            0.0004497354497354497,
            -1.0
        ],
        [
            0.0001869831394378212,
            0.00042328042328042324,
            -1.0
        ],
        [
            0.0001751698535077051,
            0.0005026455026455026,
            -1.0
        ],
        [
            0.00022089075647097533,
            0.00047619047619047624,
            -1.0
        ],
        [
            0.0,
            0.00034391534391534393,
            -1.0
        ],
        [
            0.0,
            0.0,
            -1.0
        ]
    ],
    "eval_actions": [
        22,
        14,
        28,
        52,
        41,
        16
    ],
    "eval_states": [
        [
            0.30000001192092896,
            26.858312606811523,
            7.800000190734863,
            8.300000190734863,
            8.100000381469727,
            13.008560180664062,
            1.230185866355896,
            -1.2222137451171875,
            -3.0695948600769043,
            -13.652769088745117,
            -6.180328369140625,
            -6.180328369140625,
            -5.030405521392822,
            -10.868326187133789,
            -1.223370909690857,
            1.223370909690857,
            3.368326425552368,
            13.849752426147461,
            6.211291790008545,
            6.211291790008545,
            5.282870292663574,
            0.8655977249145508,
            0.09020742774009705,
            0.12403521686792374,
            1.1824023723602295,
            0.3829752206802368,
            0.31079331040382385,
            0.31079331040382385,
            1.179260015487671,
            0.0,
            0.0,
            0.0,
            1.0,
            0.0,
            0.0,
            0.0,
            1.0,
            2.0,
            1.0,
            1.0,
            2.0,
            2.0,
            2.0,
            1.0,
            1.0,
            1.0,
            1.0,
            1.0,
            1.0,
            1.0,
            1.0,
            1.0,
            1.0,
            1.0,
            1.0,
            1.0,
            1.0,
            1.0
        ],
        [
            0.30000001192092896,
            27.457515716552734,
            8.0,
            8.100000381469727,
            8.199999809265137,
            12.87749195098877,
            0.0006481548771262169,
            1.0048127174377441,
            -3.5251502990722656,
            -14.108068466186523,
            -6.953945636749268,
            -6.953945636749268,
            -4.674849510192871,
            -10.776954650878906,
            4.639442584448983e-13,
            -0.6089555621147156,
            3.68591046333313,
            14.580024719238281,
            7.053709983825684,
            7.053709983825684,
            4.803077697753906,
            0.8574130535125732,
            1.2026896304220564e-14,
            1.1234711408615112,
            0.854814350605011,
            0.5896812677383423,
            0.5489877462387085,
            0.5489877462387085,
            0.8538053631782532,
            0.0,
            0.0,
            1.0,
            0.0,
            0.0,
            0.0,
            0.0,
            0.0,
            2.0,
            1.0,
            2.0,
            2.0,
            2.0,
            2.0,
            1.0,
            1.0,
            1.0,
            1.0,
            1.0,
            1.0,
            1.0,
            1.0,
            1.0,
            1.0,
            1.0,
            1.0,
            1.0,
            1.0,
            1.0
        ],
        [
            0.30000001192092896,
            26.464197158813477,
            7.900000095367432,
            8.100000381469727,
            8.300000190734863,
            7.919703006744385,
            3.902181386947632,
            0.6210483312606812,
            -3.8083901405334473,
            -17.351198196411133,
            -6.65223503112793,
            -6.65223503112793,
            -4.491610050201416,
            -7.900000095367432,
            -3.296283483505249,
            -0.3332471549510956,
            3.929530620574951,
            18.54449462890625,
            6.724508285522461,
            6.724508285522461,
            4.583421230316162,
            0.09099996089935303,
            1.1664862632751465,
            0.9478293657302856,
            0.7359863519668579,
            0.9340010285377502,
            0.46903255581855774,
            0.46903255581855774,
            0.7294993996620178,
            0.0,
            1.0,
            0.0,
            0.0,
            0.0,
            0.0,
            0.0,
            0.0,
            2.0,
            1.0,
            1.0,
            1.0,
            1.0,
            2.0,
            1.0,
            1.0,
            1.0,
            1.0,
            1.0,
            1.0,
            1.0,
            1.0,
            1.0,
            1.0,
            1.0,
            1.0,
            1.0,
            1.0,
            1.0
        ],
        [
            0.30000001192092896,
            25.94420051574707,
            7.800000190734863,
            8.100000381469727,
            8.199999809265137,
            7.819312572479248,
            4.294268608093262,
            -4.637224848905164e-13,
            -3.5487029552459717,
            -17.264930725097656,
            -6.46334171295166,
            -6.46334171295166,
            -4.651297092437744,
            -7.800000190734863,
            -3.462374448776245,
            0.001311096828430891,
            3.76106333732605,
            18.124887466430664,
            6.485330581665039,
            6.485330581665039,
            4.8266825675964355,
            0.09022349119186401,
            1.3735699653625488,
            0.13720062375068665,
            0.9895245432853699,
            0.7938100099563599,
            0.26323115825653076,
            0.26323115825653076,
            0.9907426834106445,
            0.0,
            2.0,
            0.0,
            0.0,
            0.0,
            0.0,
            0.0,
            0.0,
            2.0,
            1.0,
            1.0,
            1.0,
            1.0,
            2.0,
            1.0,
            1.0,
            1.0,
            1.0,
            1.0,
            1.0,
            1.0,
            2.0,
            1.0,
            1.0,
            1.0,
            1.0,
            1.0,
            1.0,
            1.0
        ],
        [
            0.30000001192092896,
            27.57760238647461,
            7.599999904632568,
            8.0,
            8.0,
            7.618344306945801,
            0.0,
            3.31408429145813,
            -2.052325487136841,
            -18.76827049255371,
            -17.641584396362305,
            2.7804971866607353e-12,
            -5.94767427444458,
            -7.599999904632568,
            0.0,
            -2.181401491165161,
            2.4814014434814453,
            19.959259033203125,
            18.768213272094727,
            5.804581451229751e-05,
            6.327500820159912,
            0.08812946081161499,
            0.0,
            1.9478782415390015,
            1.4265142679214478,
            0.9330840110778809,
            1.8153983354568481,
            0.02587907202541828,
            1.4356310367584229,
            0.0,
            0.0,
            1.0,
            1.0,
            0.0,
            1.0,
            0.0,
            1.0,
            2.0,
            -1.0,
            1.0,
            1.0,
            1.0,
            2.0,
            1.0,
            1.0,
            1.0,
            -1.0,
            1.0,
            1.0,
            1.0,
            2.0,
            2.0,
            1.0,
            2.0,
            2.0,
            1.0,
            1.0,
            1.0
        ],
        [
            0.0,
