{
    "eval_chronic": "C:\\Users\\thoma\\data_grid2op\\rte_case5_example_val\\chronics\\12",
    "eval_rewards": [
        [
            0.02026960338449818,
            0.04000000000000005,
            -1.0
        ],
        [
            0.7977046449119186,
            0.766666666666664,
            -1.0
        ]
    ],
    "eval_actions": [
        43,
        11
    ],
    "eval_states": [
        [
            0.30000001192092896,
            27.20195198059082,
            7.800000190734863,
            8.300000190734863,
            8.100000381469727,
            11.414020538330078,
            2.770277500152588,
            -0.6093976497650146,
            -3.7252299785614014,
            -14.994261741638184,
            -7.6906023025512695,
            -4.43752384185791,
            -4.374770164489746,
            -9.734940528869629,
            -2.370974063873291,
            0.7936962842941284,
            3.812218189239502,
            15.787932395935059,
            7.7467851638793945,
            4.477198600769043,
            4.43752384185791,
            0.7652251124382019,
            0.9395295977592468,
            0.7448183298110962,
            0.6166549324989319,
            0.7628790140151978,
            0.4146508276462555,
            0.35084107518196106,
            0.6108279228210449,
            0.0,
            0.0,
            0.0,
            0.0,
            0.0,
            0.0,
            0.0,
            0.0,
            1.0,
            1.0,
            1.0,
            1.0,
            1.0,
            1.0,
            1.0,
            1.0,
            1.0,
            1.0,
            1.0,
            1.0,
            1.0,
            2.0,
            2.0,
            1.0,
            1.0,
            2.0,
            1.0,
            1.0,
            1.0
        ],
        [
            0.5,
            25.06722640991211,
            8.199999809265137,
            8.300000190734863,
            8.399999618530273,
            4.802193641662598,
            -4.823823928833008,
            6.5784759521484375,
            1.6386085748672485,
            -20.16575813293457,
            -14.8784761428833,
            -10.067262649536133,
            -10.03860855102539,
            -4.478859901428223,
            4.978859901428223,
            -6.562135696411133,
            -1.637864351272583,
            20.265031814575195,
            14.909369468688965,
            10.080211639404297,
            10.067262649536133,
            0.32859423756599426,
            0.5714455842971802,
            0.2682974934577942,
            0.08924689143896103,
            0.2721315622329712,
            0.294522762298584,
            0.1915542334318161,
            0.3671550154685974,
            0.0,
            0.0,
            0.0,
            0.0,
            0.0,
            0.0,
            0.0,
            0.0,
            2.0,
            2.0,
            1.0,
            1.0,
            2.0,
            1.0,
            1.0,
            1.0,
            1.0,
            1.0,
            1.0,
            1.0,
            1.0,
            2.0,
            2.0,
            1.0,
            1.0,
            2.0,
            1.0,
            1.0,
            1.0
        ]
    ],
    "eval_steps": 2016
}