{
    "eval_chronic": "C:\\Users\\thoma\\data_grid2op\\rte_case5_example_val\\chronics\\19",
    "eval_rewards": [
        [
            0.00021008535549027683,
            0.000529100529100529,
            -1.0
        ],
        [
            0.00025343562630010053,
            0.0005026455026455026,
            -1.0
        ],
        [
            0.0002386350249939205,
            0.0003703703703703704,
            -1.0
        ],
        [
            0.00020935356894415005,
            0.0003703703703703704,
            -1.0
        ],
        [
            0.00014043448516697505,
            0.0003968253968253968,
            -1.0
        ],
        [
            0.0,
            0.0,
            -1.0
        ]
    ],
    "eval_actions": [
        37,
        33,
        6,
        35,
        4,
        4
    ],
    "eval_states": [
        [
            2.0,
            25.50863265991211,
            8.600000381469727,
            8.199999809265137,
            7.800000190734863,
            11.72707748413086,
            0.0,
            0.6701554656028748,
            -3.544297933578491,
            -13.410122871398926,
            -6.618826389312744,
            -6.618826389312744,
            -4.255702495574951,
            -9.961252212524414,
            0.0006492077955044806,
            -0.32449933886528015,
            3.6851015090942383,
            13.78155517578125,
            6.705061435699463,
            6.705061435699463,
            4.367496967315674,
            0.785070538520813,
            0.07894150167703629,
            1.0453158617019653,
            0.7969982028007507,
            0.523811936378479,
            0.5112708806991577,
            0.5112708806991577,
            0.8004233241081238,
            0.0,
            0.0,
            1.0,
            0.0,
            0.0,
            0.0,
            0.0,
            0.0,
            1.0,
            1.0,
            1.0,
            1.0,
            1.0,
            1.0,
            1.0,
            1.0,
            1.0,
            2.0,
            1.0,
            1.0,
            1.0,
            1.0,
            1.0,
            1.0,
            1.0,
            1.0,
            1.0,
            1.0,
            1.0
        ],
        [
            1.899999976158142,
            28.924848556518555,
            8.600000381469727,
            8.199999809265137,
            7.800000190734863,
            17.86503028869629,
            10.300156593322754,
            -7.091286659240723,
            -8.909342765808105,
            -10.300156593322754,
            5.7854147598845884e-05,
            5.7854147598845884e-05,
            1.109342098236084,
            -14.04259204864502,
            -8.696220397949219,
            7.109028339385986,
            8.929783821105957,
            11.05981731414795,
            1.849842327927842e-12,
            1.849842327927842e-12,
            -1.1088290214538574,
            1.1611136198043823,
            1.9227479696273804,
            0.2559747099876404,
            0.3161945939064026,
            0.7465538382530212,
            3.500646902345958e-14,
            3.500646902345958e-14,
            0.042438115924596786,
            1.0,
            1.0,
            0.0,
            0.0,
            0.0,
            0.0,
            0.0,
            0.0,
            1.0,
            1.0,
            1.0,
            1.0,
            1.0,
            1.0,
            1.0,
            1.0,
            1.0,
            2.0,
            2.0,
            1.0,
            1.0,
            1.0,
            1.0,
            1.0,
            1.0,
            1.0,
            1.0,
            1.0,
            1.0
        ],
        [
            1.899999976158142,
            28.669462203979492,
            8.5,
            8.0,
            7.900000095367432,
            17.707284927368164,
            10.214364051818848,
            0.0012957497965544462,
            -15.91872501373291,
            -10.214364051818848,
            5.7464490964775905e-05,
            5.7464490964775905e-05,
            8.018725395202637,
            -13.94564151763916,
            -8.636164665222168,
            9.255915261671688e-13,
            15.981805801391602,
            10.962176322937012,
            9.291657070489845e-13,
            9.291657070489845e-13,
            -8.001410484313965,
            1.151740550994873,
            1.9069441556930542,
            3.3073963354298894e-14,
            0.5664681196212769,
            0.7407592535018921,
            1.8041920361129213e-14,
            1.8041920361129213e-14,
            0.28672048449516296,
            2.0,
            2.0,
            0.0,
            0.0,
            0.0,
            0.0,
            0.0,
            0.0,
            2.0,
            2.0,
            1.0,
            2.0,
            2.0,
            2.0,
            1.0,
            1.0,
            1.0,
            2.0,
            2.0,
            1.0,
            1.0,
            1.0,
            1.0,
            1.0,
            1.0,
            1.0,
            1.0,
            1.0,
            1.0
        ],
        [
            1.7999999523162842,
            25.787338256835938,
            8.5,
            8.0,
            7.699999809265137,
            13.201974868774414,
            -0.052452825009822845,
            0.0013073679292574525,
            -3.927983522415161,
            -12.246825218200684,
            0.046484142541885376,
            -11.925296783447266,
            -3.7720162868499756,
            -11.00258731842041,
            0.24028530716896057,
            4.655212847148871e-13,
            4.0623016357421875,
            12.585362434387207,
            0.052452825009822845,
            12.246825218200684,
            3.87750506401062,
            0.8776546120643616,
            0.6319312453269958,
            1.752512184308684e-14,
            0.7774800062179565,
            0.5003815293312073,
            0.5212756395339966,
            0.9756099581718445,
            0.7790349721908569,
            0.0,
            0.0,
            0.0,
            0.0,
            0.0,
            0.0,
            0.0,
            0.0,
            2.0,
            2.0,
            1.0,
            2.0,
            2.0,
            2.0,
            1.0,
            1.0,
            1.0,
            2.0,
            1.0,
            2.0,
            1.0,
            1.0,
            1.0,
            1.0,
            1.0,
            1.0,
            1.0,
            1.0,
            1.0
        ],
        [
            1.7000000476837158,
            24.214609146118164,
            8.5,
            7.900000095367432,
            7.5,
            11.123651504516602,
            -1.138216257095337,
            -1.2931166887283325,
            -0.9300841689109802,
            -12.916927337646484,
            -1.130713701248169,
            -12.754599571228027,
            -6.569915771484375,
            -10.998544692993164,
            1.165766954421997,
            1.3327778577804565,
            1.7000000476837158,
            13.090957641601562,
            1.138216257095337,
            12.916927337646484,
            7.2784295082092285,
            0.2012196034193039,
            0.29628798365592957,
            0.44531726837158203,
            1.9272609949111938,
            0.3603324890136719,
            0.15990443527698517,
            0.6963810920715332,
            1.943401575088501,
            0.0,
            0.0,
            0.0,
            1.0,
            0.0,
            0.0,
            0.0,
            1.0,
            2.0,
            2.0,
            2.0,
            1.0,
            1.0,
            2.0,
            1.0,
            1.0,
            1.0,
            2.0,
            1.0,
            2.0,
            1.0,
            1.0,
            1.0,
            1.0,
            1.0,
            1.0,
            1.0,
            1.0,
            1.0
