{
    "eval_chronic": "C:\\Users\\thoma\\data_grid2op\\rte_case5_example_val\\chronics\\19",
    "eval_rewards": [
        [
            0.00013401786581110575,
            0.00047619047619047624,
            -1.0
        ],
        [
            0.8347876793185894,
            0.9595238095238409,
            0.0
        ]
    ],
    "eval_actions": [
        12,
        11
    ],
    "eval_states": [
        [
            2.0,
            24.587257385253906,
            8.600000381469727,
            8.199999809265137,
            7.800000190734863,
            8.370132446289062,
            0.34803077578544617,
            1.7608593702316284,
            -2.875864028930664,
            -15.762970924377441,
            -7.547789096832275,
            -7.547789096832275,
            -4.924136161804199,
            -8.316417694091797,
            -0.2835831344127655,
            -1.1237329244613647,
            3.123732805252075,
            16.217124938964844,
            7.707470417022705,
            7.707470417022705,
            5.134718894958496,
            0.1287052482366562,
            0.432674765586853,
            1.4437363147735596,
            1.0727533102035522,
            0.5785201787948608,
            0.6913175582885742,
            0.6913175582885742,
            1.081087589263916,
            0.0,
            0.0,
            1.0,
            1.0,
            0.0,
            0.0,
            0.0,
            1.0,
            2.0,
            2.0,
            1.0,
            1.0,
            1.0,
            2.0,
            1.0,
            1.0,
            1.0,
            1.0,
            1.0,
            1.0,
            1.0,
            1.0,
            1.0,
            1.0,
            1.0,
            1.0,
            1.0,
            1.0,
            1.0
        ],
        [
            1.899999976158142,
            23.16231918334961,
            8.600000381469727,
            8.199999809265137,
            7.800000190734863,
            3.754653215408325,
            -5.352792739868164,
            7.34627103805542,
            1.2752357721328735,
            -19.332096099853516,
            -12.322221755981445,
            -12.322221755981445,
            -9.075236320495605,
            -3.5541393756866455,
            5.454139232635498,
            -7.325207710266113,
            -1.2747925519943237,
            19.407665252685547,
            12.34244441986084,
            12.34244441986084,
            9.098172187805176,
            0.25603824853897095,
            0.45547401905059814,
            0.3035292327404022,
            0.07678188383579254,
            0.23751331865787506,
            0.23852060735225677,
            0.23852060735225677,
            0.3287406265735626,
            0.0,
            0.0,
            0.0,
            0.0,
            0.0,
            0.0,
            0.0,
            0.0,
            2.0,
            2.0,
            1.0,
            1.0,
            2.0,
            1.0,
            1.0,
            1.0,
            1.0,
            1.0,
            1.0,
            1.0,
            1.0,
            1.0,
            1.0,
            1.0,
            1.0,
            1.0,
            1.0,
            1.0,
            1.0
        ]
    ],
    "eval_steps": 2016
}