{
    "eval_chronic": "C:\\Users\\thoma\\data_grid2op\\rte_case5_example_val\\chronics\\12",
    "eval_rewards": [
        [
            0.0002533613496427267,
            0.0004497354497354497,
            -1.0
        ],
        [
            0.9601313548882113,
            0.9595238095238409,
            0.0
        ]
    ],
    "eval_actions": [
        22,
        26
    ],
    "eval_states": [
        [
            0.30000001192092896,
            26.858312606811523,
            7.800000190734863,
            8.300000190734863,
            8.100000381469727,
            13.008560180664062,
            1.230185866355896,
            -1.2222137451171875,
            -3.0695948600769043,
            -13.652769088745117,
            -6.180328369140625,
            -6.180328369140625,
            -5.030405521392822,
            -10.868326187133789,
            -1.223370909690857,
            1.223370909690857,
            3.368326425552368,
            13.849752426147461,
            6.211291790008545,
            6.211291790008545,
            5.282870292663574,
            0.8655977249145508,
            0.09020742774009705,
            0.12403521686792374,
            1.1824023723602295,
            0.3829752206802368,
            0.31079331040382385,
            0.31079331040382385,
            1.179260015487671,
            0.0,
            0.0,
            0.0,
            1.0,
            0.0,
            0.0,
            0.0,
            1.0,
            2.0,
            1.0,
            1.0,
            2.0,
            2.0,
            2.0,
            1.0,
            1.0,
            1.0,
            1.0,
            1.0,
            1.0,
            1.0,
            1.0,
            1.0,
            1.0,
            1.0,
            1.0,
            1.0,
            1.0,
            1.0
        ],
        [
            0.699999988079071,
            24.762989044189453,
            8.0,
            8.199999809265137,
            8.300000190734863,
            8.202095985412598,
            3.4506707191467285,
            0.4155430793762207,
            -3.856813669204712,
            -16.525096893310547,
            -6.531895160675049,
            -6.531895160675049,
            -4.4431867599487305,
            -7.300000190734863,
            -3.4469308853149414,
            -0.4150170683860779,
            3.861948013305664,
            16.56089210510254,
            6.537213325500488,
            6.537213325500488,
            4.44824743270874,
            0.5574644207954407,
            0.08919637650251389,
            0.031208554282784462,
            0.1418694108724594,
            0.16229473054409027,
            0.12367726862430573,
            0.12367726862430573,
            0.159184992313385,
            0.0,
            0.0,
            0.0,
            0.0,
            0.0,
            0.0,
            0.0,
            0.0,
            2.0,
            1.0,
            1.0,
            1.0,
            2.0,
            2.0,
            1.0,
            1.0,
            1.0,
            1.0,
            1.0,
            1.0,
            1.0,
            1.0,
            1.0,
            1.0,
            1.0,
            1.0,
            1.0,
            1.0,
            1.0
        ]
    ],
    "eval_steps": 2016
}