{
    "eval_chronic": "C:\\Users\\thoma\\data_grid2op\\rte_case5_example_val\\chronics\\12",
    "eval_rewards": [
        [
            0.0001441449186463144,
            0.0005026455026455026,
            -1.0
        ],
        [
            0.00013451992162472336,
            0.0003968253968253968,
            -1.0
        ],
        [
            0.18979244932575426,
            0.16825396825396774,
            -1.0
        ],
        [
            0.0003488501455915492,
            0.00034391534391534393,
            -1.0
        ],
        [
            0.00041671604755617127,
            0.00034391534391534393,
            -1.0
        ],
        [
            0.0,
            0.0,
            -1.0
        ]
    ],
    "eval_actions": [
        51,
        4,
        16,
        33,
        15,
        8
    ],
    "eval_states": [
        [
            0.30000001192092896,
            28.820589065551758,
            7.800000190734863,
            8.300000190734863,
            8.100000381469727,
            14.780084609985352,
            6.353091716766357,
            -8.300000190734863,
            -1.5689610242843628,
            -13.105103492736816,
            -3.350290536880493,
            -3.350290536880493,
            -6.531039237976074,
            -12.072959899902344,
            -5.525485992431641,
            8.3291597366333,
            1.7692855596542358,
            14.040505409240723,
            3.3760061264038086,
            3.3760061264038086,
            6.700581073760986,
            0.9751092791557312,
            1.370049238204956,
            0.30174532532691956,
            0.9593677520751953,
            0.8276965022087097,
            0.28495681285858154,
            0.28495681285858154,
            0.9741767644882202,
            0.0,
            1.0,
            0.0,
            0.0,
            0.0,
            0.0,
            0.0,
            0.0,
            1.0,
            1.0,
            1.0,
            1.0,
            1.0,
            1.0,
            1.0,
            1.0,
            1.0,
            1.0,
            1.0,
            1.0,
            1.0,
            2.0,
            1.0,
            1.0,
            1.0,
            2.0,
            1.0,
            1.0,
            1.0
        ],
        [
            0.30000001192092896,
            26.00888442993164,
            8.0,
            8.100000381469727,
            8.199999809265137,
            11.867509841918945,
            4.361809730529785,
            -8.100000381469727,
            0.43794044852256775,
            -13.865687370300293,
            -4.658175468444824,
            -4.658175468444824,
            -8.637940406799316,
            -11.815670013427734,
            -4.311992645263672,
            8.127662658691406,
            0.30000001192092896,
            14.141375541687012,
            4.751939296722412,
            4.751939296722412,
            9.316350936889648,
            0.12970802187919617,
            0.3832490146160126,
            0.2942335605621338,
            1.8857752084732056,
            0.452058881521225,
            0.5328072309494019,
            0.5328072309494019,
            1.902430772781372,
            0.0,
            0.0,
            0.0,
            1.0,
            0.0,
            0.0,
            0.0,
            1.0,
            2.0,
            2.0,
            2.0,
            1.0,
            1.0,
            2.0,
            1.0,
            1.0,
            1.0,
            1.0,
            1.0,
            1.0,
            1.0,
            2.0,
            1.0,
            1.0,
            1.0,
            2.0,
            1.0,
            1.0,
            1.0
        ],
        [
            0.30000001192092896,
            24.283050537109375,
            7.900000095367432,
            8.100000381469727,
            8.300000190734863,
            15.667980194091797,
            -0.19779957830905914,
            -8.100000381469727,
            0.4238106608390808,
            -8.560795783996582,
            -4.376505374908447,
            -4.376505374908447,
            -8.723811149597168,
            -15.607032775878906,
            0.30000001192092896,
            8.128002166748047,
            -0.42096924781799316,
            8.615070343017578,
            4.379297733306885,
            4.379297733306885,
            8.753010749816895,
            0.14977432787418365,
            0.4557824432849884,
            0.29541611671447754,
            0.16813577711582184,
            0.2037561684846878,
            0.08555062860250473,
            0.08555062860250473,
            0.3581998348236084,
            0.0,
            0.0,
            0.0,
            0.0,
            0.0,
            0.0,
            0.0,
            0.0,
            2.0,
            1.0,
            2.0,
            2.0,
            1.0,
            2.0,
            1.0,
            1.0,
            1.0,
            1.0,
            1.0,
            1.0,
            1.0,
            2.0,
            1.0,
            1.0,
            1.0,
            2.0,
            1.0,
            1.0,
            1.0
        ],
        [
            7.800000190734863,
            22.743240356445312,
            9.300000190734863,
            9.800000190734863,
            9.899999618530273,
            29.295679092407227,
            -6.9172444343566895,
            -9.800000190734863,
            -9.904218673706055,
            6.9172444343566895,
            5.701041663996875e-05,
            5.701041663996875e-05,
            0.004218710586428642,
            -29.071407318115234,
            7.800000190734863,
            9.842470169067383,
            9.928937911987305,
            -6.552438735961914,
            -4.593173497796643e-12,
            -4.593173497796643e-12,
            -0.00011402082600397989,
            0.2876746952533722,
            1.4946142435073853,
            0.36571377515792847,
            0.35597291588783264,
            0.5064768195152283,
            8.77619645792832e-14,
            8.77619645792832e-14,
            0.09617708623409271,
            0.0,
            1.0,
            0.0,
            0.0,
            0.0,
            0.0,
            0.0,
            0.0,
            2.0,
            1.0,
            2.0,
            2.0,
            1.0,
            2.0,
            1.0,
            1.0,
            1.0,
            2.0,
            2.0,
            1.0,
            1.0,
            2.0,
            1.0,
            1.0,
            1.0,
            2.0,
            1.0,
            1.0,
            1.0
        ],
        [
            7.699999809265137,
            24.019914627075195,
            9.5,
            9.800000190734863,
            9.699999809265137,
            14.475388526916504,
            9.532266616821289,
            -9.800000190734863,
            -9.704282760620117,
            -9.532266616821289,
            5.788074486190453e-05,
            5.788074486190453e-05,
            0.0042831143364310265,
            -11.869723320007324,
            -9.5,
            9.842076301574707,
            9.727646827697754,
            9.544526100158691,
            -6.23357507444273e-15,
            -6.23357507444273e-15,
            -0.00011576148972380906,
            0.9564187526702881,
            0.2988255023956299,
            0.36339932680130005,
            0.3467472493648529,
            0.09236570447683334,
            4.3758086279324475e-15,
            4.3758086279324475e-15,
            0.09690842777490616,
            0.0,
            0.0,
            0.0,
            0.0,
            0.0,
            0.0,
            0.0,
            0.0,
            2.0,
            1.0,
            2.0,
            2.0,
            2.0,
            1.0,
            1.0,
            1.0,
            1.0,
            2.0,
            2.0,
            1.0,
            1.0,
            2.0,
            1.0,
            1.0,
            1.0,
            2.0,
