{
    "eval_chronic": "C:\\Users\\thoma\\data_grid2op\\rte_case5_example_val\\chronics\\19",
    "eval_rewards": [
        [
            0.0002791209363405961,
            0.0004497354497354497,
            -1.0
        ],
        [
            0.00027684674486310823,
            0.0004497354497354497,
            -1.0
        ],
        [
            0.0,
            0.0,
            -1.0
        ]
    ],
    "eval_actions": [
        22,
        22,
        40
    ],
    "eval_states": [
        [
            2.0,
            25.092609405517578,
            8.600000381469727,
            8.199999809265137,
            7.800000190734863,
            11.850764274597168,
            1.177778959274292,
            -1.1707379817962646,
            -3.1997947692871094,
            -13.071379661560059,
            -5.920549392700195,
            -5.920549392700195,
            -4.600205421447754,
            -10.050148963928223,
            -1.1716400384902954,
            1.1716400384902954,
            3.450148344039917,
            13.241846084594727,
            5.946800231933594,
            5.946800231933594,
            4.8118367195129395,
            0.792892336845398,
            0.0837702825665474,
            0.11518414318561554,
            1.0784096717834473,
            0.35666874051094055,
            0.28703248500823975,
            0.28703248500823975,
            1.0837409496307373,
            0.0,
            0.0,
            0.0,
            1.0,
            0.0,
            0.0,
            0.0,
            1.0,
            2.0,
            1.0,
            1.0,
            2.0,
            2.0,
            2.0,
            1.0,
            1.0,
            1.0,
            1.0,
            1.0,
            1.0,
            1.0,
            1.0,
            1.0,
            1.0,
            1.0,
            1.0,
            1.0,
            1.0,
            1.0
        ],
        [
            1.899999976158142,
            25.2318172454834,
            8.600000381469727,
            8.199999809265137,
            7.800000190734863,
            11.951871871948242,
            1.1809347867965698,
            -1.173783540725708,
            -3.169846534729004,
            -13.106297492980957,
            -5.9358720779418945,
            -5.9358720779418945,
            -4.630153656005859,
            -10.122600555419922,
            -1.1747130155563354,
            1.1747130155563354,
            3.422600269317627,
            13.279946327209473,
            5.962681293487549,
            5.962681293487549,
            4.8455281257629395,
            0.7992783188819885,
            0.08456695079803467,
            0.11627955734729767,
            1.0837900638580322,
            0.35993120074272156,
            0.2899608314037323,
            0.2899608314037323,
            1.09286367893219,
            0.0,
            0.0,
            0.0,
            2.0,
            0.0,
            0.0,
            0.0,
            2.0,
            2.0,
            1.0,
            1.0,
            2.0,
            2.0,
            2.0,
            1.0,
            1.0,
            1.0,
            1.0,
            1.0,
            1.0,
            1.0,
            1.0,
            1.0,
            1.0,
            1.0,
            1.0,
            1.0,
            1.0,
            1.0
        ],
        [
            0.0,
            0.0,
            0.0,
            0.0,
            0.0,
            0.0,
            0.0,
            0.0,
            0.0,
            0.0,
            0.0,
            0.0,
            0.0,
            0.0,
            0.0,
            0.0,
            0.0,
            0.0,
            0.0,
            0.0,
            0.0,
            0.0,
            0.0,
            0.0,
            0.0,
            0.0,
            0.0,
            0.0,
            0.0,
            0.0,
            0.0,
            0.0,
            0.0,
            0.0,
            0.0,
            0.0,
            0.0,
            -1.0,
            -1.0,
            -1.0,
            -1.0,
            -1.0,
            -1.0,
            -1.0,
            -1.0,
            -1.0,
            -1.0,
            -1.0,
            -1.0,
            -1.0,
            -1.0,
            -1.0,
            -1.0,
            -1.0,
            -1.0,
            -1.0,
            -1.0,
            -1.0
        ]
    ],
    "eval_steps": 3
}