{
    "eval_chronic": "C:\\Users\\thoma\\data_grid2op\\rte_case5_example_val\\chronics\\19",
    "eval_rewards": [
        [
            0.020853832432994445,
            0.03952380952380957,
            -1.0
        ],
        [
            0.00017078460724780355,
            0.00034391534391534393,
            -1.0
        ],
        [
            0.0003510059533348016,
            0.0003703703703703704,
            -1.0
        ],
        [
            0.0,
            0.0,
            -1.0
        ]
    ],
    "eval_actions": [
        47,
        14,
        8,
        36
    ],
    "eval_states": [
        [
            2.0,
            25.466136932373047,
            8.600000381469727,
            8.199999809265137,
            7.800000190734863,
            10.576891899108887,
            2.473440408706665,
            -0.7484026551246643,
            -3.6642322540283203,
            -14.198399543762207,
            -4.190253734588623,
            -7.451597213745117,
            -4.135767936706543,
            -9.120423316955566,
            -2.1279826164245605,
            0.9092222452163696,
            3.739182949066162,
            14.889244079589844,
            4.22525691986084,
            7.499702453613281,
            4.190253734588623,
            0.7118143439292908,
            0.8711322546005249,
            0.6912664771080017,
            0.569129228591919,
            0.7121699452400208,
            0.33029690384864807,
            0.38450706005096436,
            0.5723222494125366,
            0.0,
            0.0,
            0.0,
            0.0,
            0.0,
            0.0,
            0.0,
            0.0,
            1.0,
            1.0,
            1.0,
            1.0,
            1.0,
            1.0,
            1.0,
            1.0,
            1.0,
            1.0,
            1.0,
            1.0,
            1.0,
            2.0,
            1.0,
            2.0,
            1.0,
            2.0,
            1.0,
            1.0,
            1.0
        ],
        [
            0.6000000238418579,
            28.327255249023438,
            8.899999618530273,
            8.399999618530273,
            7.900000095367432,
            13.424540519714355,
            0.0006481487071141601,
            0.5256876349449158,
            -2.7940752506256104,
            -14.398358345031738,
            -5.25518798828125,
            -8.925686836242676,
            -5.105924606323242,
            -11.15623950958252,
            -4.63956130458687e-13,
            -0.11732684075832367,
            2.973567008972168,
            14.902714729309082,
            5.342537879943848,
            9.055171966552734,
            5.25518798828125,
            0.891497790813446,
            1.2026896304220564e-14,
            1.1421396732330322,
            0.9057382345199585,
            0.6093785166740417,
            0.5146406888961792,
            0.6235789656639099,
            0.917406439781189,
            0.0,
            0.0,
            1.0,
            0.0,
            0.0,
            0.0,
            0.0,
            0.0,
            2.0,
            1.0,
            2.0,
            2.0,
            2.0,
            2.0,
            1.0,
            1.0,
            1.0,
            1.0,
            1.0,
            1.0,
            1.0,
            2.0,
            1.0,
            2.0,
            1.0,
            2.0,
            1.0,
            1.0,
            1.0
        ],
        [
            0.6000000238418579,
            25.17479705810547,
            8.800000190734863,
            8.300000190734863,
            7.800000190734863,
            10.130569458007812,
            2.3575046062469482,
            -0.08745347708463669,
            -3.6323018074035645,
            -14.911126136779785,
            -4.1772589683532715,
            -8.212546348571777,
            -4.167698383331299,
            -10.093584060668945,
            -2.3428218364715576,
            0.6000000238418579,
            3.6364054679870605,
            15.04422664642334,
            4.1802239418029785,
            8.373397827148438,
            4.1772589683532715,
            0.1087305098772049,
            0.22535619139671326,
            1.2878319025039673,
            0.17152783274650574,
            0.3155805468559265,
            0.08646013587713242,
            0.693742573261261,
            0.18715980648994446,
            0.0,
            0.0,
            2.0,
            0.0,
            0.0,
            0.0,
            0.0,
            0.0,
            2.0,
            2.0,
            1.0,
            2.0,
            1.0,
            2.0,
            1.0,
            1.0,
            1.0,
            1.0,
            1.0,
            1.0,
            1.0,
            2.0,
            1.0,
            2.0,
            1.0,
            2.0,
            1.0,
            1.0,
            1.0
        ],
        [
            0.0,
            0.0,
            0.0,
            0.0,
            0.0,
            0.0,
            0.0,
            0.0,
            0.0,
            0.0,
            0.0,
            0.0,
            0.0,
            0.0,
            0.0,
            0.0,
            0.0,
            0.0,
            0.0,
            0.0,
            0.0,
            0.0,
            0.0,
            0.0,
            0.0,
            0.0,
            0.0,
            0.0,
            0.0,
            0.0,
            0.0,
            0.0,
            0.0,
            0.0,
            0.0,
            0.0,
            0.0,
            -1.0,
            -1.0,
            -1.0,
            -1.0,
            -1.0,
            -1.0,
            -1.0,
            -1.0,
            -1.0,
            -1.0,
            -1.0,
            -1.0,
            -1.0,
            -1.0,
            -1.0,
            -1.0,
            -1.0,
            -1.0,
            -1.0,
            -1.0,
            -1.0
        ]
    ],
    "eval_steps": 86
}