{
    "eval_chronic": "C:\\Users\\thoma\\data_grid2op\\rte_case5_example_val\\chronics\\19",
    "eval_rewards": [
        [
            0.021034988203226947,
            0.04222222222222222,
            0.0
        ],
        [
            5.702683003237724e-05,
            0.00042328042328042324,
            -1.0
        ],
        [
            0.000189604544543875,
            0.0004497354497354497,
            -1.0
        ],
        [
            0.00017444442381966935,
            0.0003703703703703704,
            -1.0
        ],
        [
            0.0002246861406902585,
            0.0003968253968253968,
            -1.0
        ],
        [
            0.0001697428303865316,
            0.0005026455026455026,
            -1.0
        ],
        [
            0.0,
            0.0,
            -1.0
        ]
    ],
    "eval_actions": [
        48,
        12,
        28,
        14,
        22,
        1,
        21
    ],
    "eval_states": [
        [
            0.6000000238418579,
            28.079423904418945,
            8.899999618530273,
            8.399999618530273,
            7.900000095367432,
            11.724664688110352,
            2.775108814239502,
            1.5518147945404053,
            -5.290587902069092,
            -15.522692680358887,
            -11.082793235778809,
            -1.5518147945404053,
            -2.6094119548797607,
            -9.959514617919922,
            -2.3540637493133545,
            -1.3808435201644897,
            5.39442253112793,
            16.354759216308594,
            11.12009048461914,
            1.6274936199188232,
            2.682793617248535,
            0.7849178314208984,
            0.9658216238021851,
            0.7149590253829956,
            0.6788578629493713,
            0.7809597253799438,
            0.3380434811115265,
            0.4801359176635742,
            0.6579051613807678,
            0.0,
            0.0,
            0.0,
            0.0,
            0.0,
            0.0,
            0.0,
            0.0,
            1.0,
            1.0,
            1.0,
            1.0,
            1.0,
            1.0,
            1.0,
            1.0,
            1.0,
            1.0,
            1.0,
            1.0,
            1.0,
            2.0,
            1.0,
            2.0,
            1.0,
            1.0,
            1.0,
            1.0,
            1.0
        ],
        [
            0.6000000238418579,
            26.99907684326172,
            8.800000190734863,
            8.300000190734863,
            7.800000190734863,
            8.9157133102417,
            0.03924289718270302,
            4.057986736297607,
            -3.5045735836029053,
            -17.47567367553711,
            -12.922447204589844,
            -4.057986736297607,
            -4.295426845550537,
            -8.845629692077637,
            0.04562951251864433,
            -3.2814252376556396,
            3.881425380706787,
            18.083362579345703,
            13.072261810302734,
            4.364169597625732,
            4.6224470138549805,
            0.1481238752603531,
            0.4907148778438568,
            1.6011877059936523,
            1.3339999914169312,
            0.6682407855987549,
            0.6693807244300842,
            0.9526668190956116,
            1.3357617855072021,
            0.0,
            0.0,
            1.0,
            1.0,
            0.0,
            0.0,
            0.0,
            1.0,
            2.0,
            2.0,
            1.0,
            1.0,
            1.0,
            2.0,
            1.0,
            1.0,
            1.0,
            1.0,
            1.0,
            1.0,
            1.0,
            2.0,
            1.0,
            2.0,
            1.0,
            1.0,
            1.0,
            1.0,
            1.0
        ],
        [
            0.6000000238418579,
            26.828659057617188,
            8.800000190734863,
            8.300000190734863,
            8.100000381469727,
            8.824760437011719,
            3.4724321365356445,
            1.9393752813339233,
            -5.112270355224609,
            -16.937599182128906,
            -11.383408546447754,
            -1.9393752813339233,
            -2.987730026245117,
            -8.800000190734863,
            -2.9260170459747314,
            -1.7158108949661255,
            5.241827964782715,
            18.00389862060547,
            11.429450988769531,
            2.0357165336608887,
            3.0834081172943115,
            0.10124827921390533,
            1.105754017829895,
            0.8274103999137878,
            0.763305127620697,
            0.8832436203956604,
            0.3749389946460724,
            0.540066659450531,
            0.7444232702255249,
            0.0,
            1.0,
            0.0,
            0.0,
            0.0,
            0.0,
            0.0,
            0.0,
            2.0,
            1.0,
            1.0,
            1.0,
            1.0,
            2.0,
            1.0,
            1.0,
            1.0,
            1.0,
            1.0,
            1.0,
            1.0,
            2.0,
            1.0,
            2.0,
            1.0,
            1.0,
            1.0,
            1.0,
            1.0
        ],
        [
            0.6000000238418579,
            28.292377471923828,
            8.800000190734863,
            8.5,
            8.0,
            13.134760856628418,
            0.0006480716401711106,
            2.5076050758361816,
            -4.705650329589844,
            -14.67734146118164,
            -11.948052406311035,
            -2.5076050758361816,
            -3.2943499088287354,
            -10.95600700378418,
            -1.391281729580529e-12,
            -2.144613265991211,
            4.900619983673096,
            15.157617568969727,
            12.018913269042969,
            2.657780408859253,
            3.448052167892456,
            0.8734675049781799,
            3.592616723319293e-14,
            1.0730644464492798,
            0.9464904069900513,
            0.5947891473770142,
            0.46334120631217957,
            0.6710678339004517,
            0.9308229684829712,
            0.0,
            0.0,
            1.0,
            0.0,
            0.0,
            0.0,
            0.0,
            0.0,
            2.0,
            1.0,
            2.0,
            2.0,
            2.0,
            2.0,
            1.0,
            1.0,
            1.0,
            1.0,
            1.0,
            1.0,
            1.0,
            2.0,
            1.0,
            2.0,
            1.0,
            1.0,
            1.0,
            1.0,
            1.0
        ],
        [
            0.6000000238418579,
            29.35273551940918,
            9.100000381469727,
            8.600000381469727,
            8.199999809265137,
            15.649470329284668,
            0.001769889029674232,
            0.00037787604378536344,
            -3.779808282852173,
            -13.475534439086914,
            -13.330080032348633,
            -0.00037787604378536344,
            -4.420191287994385,
            -12.644061088562012,
            0.00012780644465237856,
            -0.00012780644465237856,
            4.144060134887695,
            13.703266143798828,
            13.471900939941406,
            0.0018637148896232247,
            4.730079650878906,
            1.02811598777771,
            0.02805243246257305,
            0.03857209533452988,
            1.3107398748397827,
            0.41138604283332825,
            0.6514867544174194,
            0.07840406894683838,
            1.3015385866165161,
            1.0,
            0.0,
            0.0,
            1.0,
            0.0,
            0.0,
            0.0,
            1.0,
            2.0,
            1.0,
            1.0,
            2.0,
            2.0,
            2.0,
            1.0,
            1.0,
            1.0,
            1.0,
            1.0,
