{
    "eval_chronic": "C:\\Users\\thoma\\data_grid2op\\rte_case5_example_val\\chronics\\19",
    "eval_rewards": [
        [
            0.02103498827121473,
            0.04222222222222222,
            0.0
        ],
        [
            0.00375812157492758,
            0.004365079365079365,
            0.0
        ],
        [
            0.01367881585618502,
            0.0134920634920635,
            0.0
        ],
        [
            0.8302297013577071,
            0.7987301587301797,
            0.0
        ]
    ],
    "eval_actions": [
        44,
        18,
        16,
        19
    ],
    "eval_states": [
        [
            2.0,
            25.387449264526367,
            8.600000381469727,
            8.199999809265137,
            7.800000190734863,
            10.39999771118164,
            2.2812752723693848,
            1.2768239974975586,
            -5.388486862182617,
            -14.319948196411133,
            -1.2768239974975586,
            -10.670052528381348,
            -2.411513328552246,
            -8.988800048828125,
            -1.9452779293060303,
            -1.141396403312683,
            5.4754743576049805,
            14.987452507019043,
            1.3383519649505615,
            10.70032024383545,
            2.470053195953369,
            0.700463056564331,
            0.8585675954818726,
            0.6287684440612793,
            0.6178348660469055,
            0.70013827085495,
            0.43420055508613586,
            0.30505040287971497,
            0.5927112698554993,
            0.0,
            0.0,
            0.0,
            0.0,
            0.0,
            0.0,
            0.0,
            0.0,
            1.0,
            1.0,
            1.0,
            1.0,
            1.0,
            1.0,
            1.0,
            1.0,
            1.0,
            1.0,
            1.0,
            1.0,
            1.0,
            2.0,
            2.0,
            1.0,
            1.0,
            1.0,
            1.0,
            1.0,
            1.0
        ],
        [
            0.6000000238418579,
            25.97881317138672,
            8.800000190734863,
            8.300000190734863,
            7.800000190734863,
            9.301682472229004,
            4.391855239868164,
            0.29488229751586914,
            -4.380083084106445,
            -16.536170959472656,
            -0.29488229751586914,
            -11.722838401794434,
            -3.419917345046997,
            -8.157427787780762,
            -4.386488437652588,
            -0.04257255047559738,
            4.386488437652588,
            16.67713165283203,
            0.40245601534843445,
            11.741860389709473,
            3.4228384494781494,
            0.6294655799865723,
            0.11731155216693878,
            0.8830909729003906,
            0.16130338609218597,
            0.324473112821579,
            0.5699717998504639,
            0.23042243719100952,
            0.12812814116477966,
            0.0,
            0.0,
            0.0,
            0.0,
            0.0,
            0.0,
            0.0,
            0.0,
            2.0,
            1.0,
            2.0,
            1.0,
            2.0,
            2.0,
            1.0,
            1.0,
            1.0,
            1.0,
            1.0,
            1.0,
            1.0,
            2.0,
            2.0,
            1.0,
            1.0,
            1.0,
            1.0,
            1.0,
            1.0
        ],
        [
            0.6000000238418579,
            27.072566986083984,
            9.5,
            9.0,
            8.600000381469727,
            12.162582397460938,
            -0.24956977367401123,
            2.4735987186431885,
            -5.074857711791992,
            -14.786497116088867,
            -2.4735987186431885,
            -12.532546043395996,
            -3.5251424312591553,
            -12.120861053466797,
            0.6000000238418579,
            -2.4606480598449707,
            5.081508636474609,
            14.90998363494873,
            2.475428581237793,
            12.560638427734375,
            3.532546043395996,
            0.11868605017662048,
            0.8775928616523743,
            0.2795323431491852,
            0.19862021505832672,
            0.3041367530822754,
            0.06330592185258865,
            0.2777306139469147,
            0.15993230044841766,
            0.0,
            0.0,
            0.0,
            0.0,
            0.0,
            0.0,
            0.0,
            0.0,
            2.0,
            1.0,
            2.0,
            2.0,
            1.0,
            2.0,
            1.0,
            1.0,
            1.0,
            1.0,
            1.0,
            1.0,
            1.0,
            2.0,
            2.0,
            1.0,
            1.0,
            1.0,
            1.0,
            1.0,
            1.0
        ],
        [
            0.5,
            28.211633682250977,
            10.0,
            9.300000190734863,
            8.899999618530273,
            4.040731430053711,
            11.932820320129395,
            -4.2420220375061035,
            -1.885764479637146,
            -24.092065811157227,
            4.2420220375061035,
            -16.328371047973633,
            -7.014235019683838,
            -3.8094136714935303,
            -11.886853218078613,
            4.309413909912109,
            1.8868533372879028,
            24.170902252197266,
            -4.208759307861328,
            16.368003845214844,
            7.028371334075928,
            0.2759535312652588,
            0.3487793803215027,
            0.42715883255004883,
            0.06917577236890793,
            0.24040506780147552,
            0.32224950194358826,
            0.33314400911331177,
            0.254413902759552,
            0.0,
            0.0,
            0.0,
            0.0,
            0.0,
            0.0,
            0.0,
            0.0,
            2.0,
            1.0,
            2.0,
            1.0,
            2.0,
            1.0,
            1.0,
            1.0,
            1.0,
            1.0,
            1.0,
            1.0,
            1.0,
            2.0,
            2.0,
            1.0,
            1.0,
            1.0,
            1.0,
            1.0,
            1.0
        ]
    ],
    "eval_steps": 2016
}