{"step_1/reward_0": 0.0, "step_1/reward_1": 88.00763334333897, "step_1/reward_2": -13.999999999999966, "_timestamp": 1720776718.6098852, "_runtime": 28.108809232711792, "_step": 32, "losses_1/value_loss": 100806.6484375, "charts_1/learning_rate": 0.0003, "losses_1/policy_loss": 0.0015814229846000671, "losses_1/entropy": 3.969527006149292, "losses_1/old_approx_kl": -0.012686550617218018, "losses_1/approx_kl": 0.0003749281167984009, "losses_1/clipfrac": 0.0, "losses_1/explained_variance": 0.0015904903411865234, "global_step": 32, "_wandb": {"runtime": 27}}