{"Action dimension": 99, "_timestamp": 1720508714.7242317, "_runtime": 1.7692227363586426, "_step": 1, "Observation dimension": [58], "_wandb": {"runtime": 17}}