{"Action dimension": 99, "_timestamp": 1720509842.100224, "_runtime": 1.9756720066070557, "_step": 1, "Observation dimension": [58], "_wandb": {"runtime": 13}}