{
    "eval_chronic": "C:\\Users\\thoma\\data_grid2op\\rte_case5_example_val\\chronics\\19",
    "eval_rewards": [
        [
            0.0439852481012012,
            -0.034857142857142795,
            -1.0
        ],
        [
            0.00012446496983770233,
            -0.0005714285714285714,
            -1.0
        ],
        [
            0.0,
            0.0,
            0.0
        ]
    ],
    "eval_actions": [
        24,
        49,
        20
    ],
    "eval_states": [
        [
            2.0,
            23.16961669921875,
            8.600000381469727,
            8.199999809265137,
            7.800000190734863,
            11.293083190917969,
            0.19136935472488403,
            -1.8939123153686523,
            -2.644883155822754,
            -11.69424057006836,
            -5.745479583740234,
            -5.745479583740234,
            -5.155117034912109,
            -11.258390426635742,
            -0.01565445587038994,
            2.0156545639038086,
            2.6583902835845947,
            11.876533508300781,
            5.75143575668335,
            5.75143575668335,
            5.184871673583984,
            0.1085955798625946,
            0.6099115014076233,
            0.592920184135437,
            0.30737578868865967,
            0.3687324523925781,
            0.13873353600502014,
            0.13873353600502014,
            0.34645456075668335,
            0.0,
            0.0,
            0.0,
            0.0,
            0.0,
            0.0,
            0.0,
            0.0,
            2.0,
            1.0,
            1.0,
            2.0,
            1.0,
            2.0,
            1.0,
            1.0,
            1.0,
            1.0,
            1.0,
            1.0,
            1.0,
            1.0,
            1.0,
            1.0,
            1.0,
            1.0,
            1.0,
            1.0,
            1.0
        ],
        [
            0.6000000238418579,
            31.017807006835938,
            9.899999618530273,
            9.199999809265137,
            9.0,
            19.673912048339844,
            10.514045715332031,
            -9.060338020324707,
            -9.362594604492188,
            -10.514162063598633,
            -2.38596581626446e-15,
            -2.38596581626446e-15,
            0.3625950217247009,
            -19.45709800720215,
            -8.875553131103516,
            9.475552558898926,
            9.557098388671875,
            11.34389591217041,
            5.813903408125043e-05,
            5.813903408125043e-05,
            -0.1396617591381073,
            0.27003371715545654,
            1.9437754154205322,
            1.1550476551055908,
            1.0386635065078735,
            0.7799398899078369,
            0.025899842381477356,
            0.025899842381477356,
            1.0148522853851318,
            0.0,
            1.0,
            1.0,
            1.0,
            0.0,
            0.0,
            0.0,
            1.0,
            2.0,
            1.0,
            1.0,
            2.0,
            1.0,
            2.0,
            1.0,
            1.0,
            1.0,
            1.0,
            1.0,
            1.0,
            1.0,
            2.0,
            1.0,
            1.0,
            2.0,
            2.0,
            1.0,
            1.0,
            1.0
        ],
        [
            0.0,
            0.0,
            0.0,
            0.0,
            0.0,
            0.0,
            0.0,
            0.0,
            0.0,
            0.0,
            0.0,
            0.0,
            0.0,
            0.0,
            0.0,
            0.0,
            0.0,
            0.0,
            0.0,
            0.0,
            0.0,
            0.0,
            0.0,
            0.0,
            0.0,
            0.0,
            0.0,
            0.0,
            0.0,
            0.0,
            0.0,
            0.0,
            0.0,
            0.0,
            0.0,
            0.0,
            0.0,
            -1.0,
            -1.0,
            -1.0,
            -1.0,
            -1.0,
            -1.0,
            -1.0,
            -1.0,
            -1.0,
            -1.0,
            -1.0,
            -1.0,
            -1.0,
            -1.0,
            -1.0,
            -1.0,
            -1.0,
            -1.0,
            -1.0,
            -1.0,
            -1.0
        ]
    ],
    "eval_steps": 124
}