{
    "eval_chronic": "C:\\Users\\thoma\\data_grid2op\\rte_case5_example_val\\chronics\\19",
    "eval_rewards": [
        [
            0.00013714469212623714,
            -0.0002857142857142857,
            -1.0
        ],
        [
            0.0002112197657114315,
            -0.0004761904761904762,
            -1.0
        ],
        [
            0.0,
            0.0,
            0.0
        ]
    ],
    "eval_actions": [
        40,
        33,
        41
    ],
    "eval_states": [
        [
            2.0,
            27.852882385253906,
            8.600000381469727,
            8.199999809265137,
            7.800000190734863,
            14.98206901550293,
            7.035360813140869,
            4.645751953125,
            -16.02174949645996,
            -11.771077156066895,
            -2.3228759765625,
            -2.3228759765625,
            8.221749305725098,
            -12.206798553466797,
            -6.270693778991699,
            -4.221147537231445,
            16.0986385345459,
            12.870814323425293,
            2.367858409881592,
            2.367858409881592,
            -8.199999809265137,
            0.9874666333198547,
            1.3154834508895874,
            1.166517972946167,
            0.6061027646064758,
            0.8969480395317078,
            0.3730641305446625,
            0.3730641305446625,
            0.3576045632362366,
            0.0,
            1.0,
            1.0,
            0.0,
            0.0,
            0.0,
            0.0,
            0.0,
            1.0,
            1.0,
            1.0,
            1.0,
            1.0,
            1.0,
            1.0,
            1.0,
            1.0,
            1.0,
            1.0,
            1.0,
            1.0,
            2.0,
            2.0,
            2.0,
            1.0,
            1.0,
            1.0,
            1.0,
            1.0
        ],
        [
            1.899999976158142,
            29.033599853515625,
            8.600000381469727,
            8.199999809265137,
            7.800000190734863,
            17.93220329284668,
            10.33666706085205,
            -0.0001163390334113501,
            -16.021530151367188,
            -10.33666706085205,
            5.816951670567505e-05,
            5.816951670567505e-05,
            8.221529006958008,
            -14.083757400512695,
            -8.721719741821289,
            0.00777076231315732,
            16.097705841064453,
            11.101396560668945,
            -2.7973842860185005e-12,
            -2.7973842860185005e-12,
            -8.199999809265137,
            1.1651005744934082,
            1.929470419883728,
            0.23435886204242706,
            0.6036851406097412,
            0.7490187287330627,
            5.323400140838652e-14,
            5.323400140838652e-14,
            0.3555569350719452,
            1.0,
            2.0,
            0.0,
            0.0,
            0.0,
            0.0,
            0.0,
            0.0,
            1.0,
            1.0,
            1.0,
            1.0,
            1.0,
            1.0,
            1.0,
            1.0,
            1.0,
            2.0,
            2.0,
            1.0,
            1.0,
            2.0,
            2.0,
            2.0,
            1.0,
            1.0,
            1.0,
            1.0,
            1.0
        ],
        [
            0.0,
            0.0,
            0.0,
            0.0,
            0.0,
            0.0,
            0.0,
            0.0,
            0.0,
            0.0,
            0.0,
            0.0,
            0.0,
            0.0,
            0.0,
            0.0,
            0.0,
            0.0,
            0.0,
            0.0,
            0.0,
            0.0,
            0.0,
            0.0,
            0.0,
            0.0,
            0.0,
            0.0,
            0.0,
            0.0,
            0.0,
            0.0,
            0.0,
            0.0,
            0.0,
            0.0,
            0.0,
            -1.0,
            -1.0,
            -1.0,
            -1.0,
            -1.0,
            -1.0,
            -1.0,
            -1.0,
            -1.0,
            -1.0,
            -1.0,
            -1.0,
            -1.0,
            -1.0,
            -1.0,
            -1.0,
            -1.0,
            -1.0,
            -1.0,
            -1.0,
            -1.0
        ]
    ],
    "eval_steps": 3
}