{"Action dimension": 99, "_timestamp": 1720446956.8332233, "_runtime": 2.9721434116363525, "_step": 1, "Observation dimension": [58], "_wandb": {"runtime": 4}}