{
    "eval_chronic": "C:\\Users\\thoma\\data_grid2op\\rte_case5_example_val\\chronics\\19",
    "eval_rewards": [
        [
            525.104479342699,
            0.0,
            0.0
        ],
        [
            615.356461495161,
            2.0,
            0.0
        ]
    ],
    "eval_actions": [
        15,
        44
    ],
    "eval_states": [
        [
            0.30000001192092896,
            31.119651794433594,
            10.199999809265137,
            9.600000381469727,
            9.300000190734863,
            10.1911039352417,
            10.237348556518555,
            -2.3249056339263916,
            -6.386190414428711,
            -20.64502716064453,
            -5.137597560882568,
            -5.137597560882568,
            -2.9138095378875732,
            -8.832562446594238,
            -10.199999809265137,
            2.615230083465576,
            6.517332553863525,
            20.92854881286621,
            5.2038397789001465,
            5.2038397789001465,
            3.0001001358032227,
            0.6870289444923401,
            0.3198554217815399,
            0.9525731205940247,
            0.7689808011054993,
            0.4579998254776001,
            0.44972655177116394,
            0.44972655177116394,
            0.7093314528465271,
            0.0,
            0.0,
            0.0,
            0.0,
            0.0,
            0.0,
            0.0,
            0.0,
            2.0,
            1.0,
            2.0,
            2.0,
            2.0,
            1.0,
            1.0,
            1.0,
            1.0,
            1.0,
            1.0,
            1.0,
            1.0,
            1.0,
            1.0,
            1.0,
            1.0,
            1.0,
            1.0,
            1.0,
            1.0
        ],
        [
            1.0,
            25.529237747192383,
            8.699999809265137,
            8.399999618530273,
            8.0,
            7.819393157958984,
            8.727144241333008,
            -0.6945284008979797,
            -7.058084964752197,
            -17.5304012298584,
            0.6945284008979797,
            -9.40371036529541,
            -0.9419149160385132,
            -6.995506763458252,
            -8.699999809265137,
            0.8399648070335388,
            7.155541896820068,
            17.7098445892334,
            -0.6289856433868408,
            9.432243347167969,
            1.0037106275558472,
            0.532181978225708,
            0.27602648735046387,
            0.6540107131004333,
            0.6578820943832397,
            0.3654695749282837,
            0.4477328956127167,
            0.2971242666244507,
            0.6081066727638245,
            0.0,
            0.0,
            0.0,
            0.0,
            0.0,
            0.0,
            0.0,
            0.0,
            2.0,
            1.0,
            2.0,
            2.0,
            2.0,
            1.0,
            1.0,
            1.0,
            1.0,
            1.0,
            1.0,
            1.0,
            1.0,
            2.0,
            2.0,
            1.0,
            1.0,
            1.0,
            1.0,
            1.0,
            1.0
        ]
    ],
    "eval_steps": 2016
}