{
    "eval_chronic": "C:\\Users\\thoma\\data_grid2op\\rte_case5_example_val\\chronics\\19",
    "eval_rewards": [
        [
            0.020819831128790708,
            0.0,
            0.0
        ],
        [
            0.0,
            0.041666666666666664,
            -1.0
        ]
    ],
    "eval_actions": [
        47,
        9
    ],
    "eval_states": [
        [
            0.6000000238418579,
            27.65334701538086,
            8.800000190734863,
            8.199999809265137,
            7.800000190734863,
            11.696589469909668,
            2.93005108833313,
            -0.4927869737148285,
            -3.4792027473449707,
            -15.125301361083984,
            -4.387243270874023,
            -7.707212924957275,
            -4.320797443389893,
            -9.939294815063477,
            -2.5127742290496826,
            0.6845420598983765,
            3.5675265789031982,
            15.956756591796875,
            4.42901611328125,
            7.766234874725342,
            4.387243270874023,
            0.7831408977508545,
            0.9613245725631714,
            0.7610964179039001,
            0.6215823888778687,
            0.7806807160377502,
            0.3596973419189453,
            0.42473500967025757,
            0.627322256565094,
            0.0,
            0.0,
            0.0,
            0.0,
            0.0,
            0.0,
            0.0,
            0.0,
            1.0,
            1.0,
            1.0,
            1.0,
            1.0,
            1.0,
            1.0,
            1.0,
            1.0,
            1.0,
            1.0,
            1.0,
            1.0,
            2.0,
            1.0,
            2.0,
            1.0,
            2.0,
            1.0,
            1.0,
            1.0
        ],
        [
            0.0,
            0.0,
            0.0,
            0.0,
            0.0,
            0.0,
            0.0,
            0.0,
            0.0,
            0.0,
            0.0,
            0.0,
            0.0,
            0.0,
            0.0,
            0.0,
            0.0,
            0.0,
            0.0,
            0.0,
            0.0,
            0.0,
            0.0,
            0.0,
            0.0,
            0.0,
            0.0,
            0.0,
            0.0,
            0.0,
            0.0,
            0.0,
            0.0,
            0.0,
            0.0,
            0.0,
            0.0,
            -1.0,
            -1.0,
            -1.0,
            -1.0,
            -1.0,
            -1.0,
            -1.0,
            -1.0,
            -1.0,
            -1.0,
            -1.0,
            -1.0,
            -1.0,
            -1.0,
            -1.0,
            -1.0,
            -1.0,
            -1.0,
            -1.0,
            -1.0,
            -1.0
        ]
    ],
    "eval_steps": 84
}