{
    "eval_chronic": "C:\\Users\\thoma\\data_grid2op\\rte_case5_example_val\\chronics\\12",
    "eval_rewards": [
        [
            0.02039873432216859,
            0.0,
            0.0
        ],
        [
            0.854960078473289,
            2.0,
            0.0
        ]
    ],
    "eval_actions": [
        1,
        16
    ],
    "eval_states": [
        [
            0.5,
            28.24102783203125,
            8.300000190734863,
            8.399999618530273,
            8.5,
            11.84891128540039,
            2.861738920211792,
            -0.040393561124801636,
            -4.3463640213012695,
            -15.54110336303711,
            -6.288527488708496,
            -6.288527488708496,
            -4.1536359786987305,
            -10.048818588256836,
            -2.4337079524993896,
            0.24516801536083221,
            4.437358856201172,
            16.39211654663086,
            6.339682102203369,
            6.339682102203369,
            4.217449188232422,
            0.7927752733230591,
            0.9741305708885193,
            0.7887710928916931,
            0.6321009993553162,
            0.7897309064865112,
            0.3964475393295288,
            0.3964475393295288,
            0.615761399269104,
            0.0,
            0.0,
            0.0,
            0.0,
            0.0,
            0.0,
            0.0,
            0.0,
            1.0,
            1.0,
            1.0,
            1.0,
            1.0,
            1.0,
            1.0,
            1.0,
            1.0,
            1.0,
            1.0,
            1.0,
            1.0,
            1.0,
            1.0,
            1.0,
            1.0,
            1.0,
            1.0,
            1.0,
            1.0
        ],
        [
            0.699999988079071,
            24.2188777923584,
            8.0,
            8.199999809265137,
            8.300000190734863,
            10.990710258483887,
            -0.44611096382141113,
            0.7067685127258301,
            -3.654113292694092,
            -13.133767127990723,
            -6.781395435333252,
            -6.781395435333252,
            -4.6458868980407715,
            -10.956695556640625,
            0.699999988079071,
            -0.7010985016822815,
            3.65779447555542,
            13.228167533874512,
            6.789938926696777,
            6.789938926696777,
            4.656022548675537,
            0.10687535256147385,
            0.7411213517189026,
            0.21037738025188446,
            0.15862290561199188,
            0.26661500334739685,
            0.14990141987800598,
            0.14990141987800598,
            0.19667285680770874,
            0.0,
            0.0,
            0.0,
            0.0,
            0.0,
            0.0,
            0.0,
            0.0,
            2.0,
            1.0,
            2.0,
            2.0,
            1.0,
            2.0,
            1.0,
            1.0,
            1.0,
            1.0,
            1.0,
            1.0,
            1.0,
            1.0,
            1.0,
            1.0,
            1.0,
            1.0,
            1.0,
            1.0,
            1.0
        ]
    ],
    "eval_steps": 2016
}