{
    "eval_chronic": "C:\\Users\\thoma\\data_grid2op\\rte_case5_example_val\\chronics\\12",
    "eval_rewards": [
        [
            0.0,
            0.000201842822130965,
            -1.0
        ],
        [
            0.0,
            0.38294972291207496,
            0.0
        ],
        [
            1.0,
            0.3866909382869346,
            0.0
        ]
    ],
    "eval_actions": [
        45,
        23,
        44
    ],
    "eval_states": [
        [
            0.30000001192092896,
            27.579631805419922,
            7.800000190734863,
            8.300000190734863,
            8.100000381469727,
            12.265168190002441,
            3.692411422729492,
            -0.9950636029243469,
            -4.805835723876953,
            -14.494388580322266,
            2.3679706013000424e-15,
            -10.648336410522461,
            -3.2941648960113525,
            -10.345876693725586,
            -3.1937458515167236,
            1.1583867073059082,
            4.881235599517822,
            15.31446361541748,
            5.8079858717974275e-05,
            10.801918983459473,
            3.3433997631073,
            0.8190211653709412,
            1.0546026229858398,
            0.6971980333328247,
            0.5718404054641724,
            0.7753713726997375,
            0.02588666044175625,
            0.6779228448867798,
            0.5468790531158447,
            0.0,
            1.0,
            0.0,
            0.0,
            0.0,
            0.0,
            0.0,
            0.0,
            1.0,
            1.0,
            1.0,
            1.0,
            1.0,
            1.0,
            1.0,
            1.0,
            1.0,
            1.0,
            1.0,
            1.0,
            1.0,
            2.0,
            1.0,
            2.0,
            2.0,
            2.0,
            1.0,
            1.0,
            1.0
        ],
        [
            0.800000011920929,
            29.9650936126709,
            9.5,
            9.800000190734863,
            9.800000190734863,
            9.364161491394043,
            7.818885803222656,
            1.706394910812378,
            -8.808855056762695,
            -20.49371910095215,
            -1.8519949029210947e-12,
            -12.62513542175293,
            -0.991145133972168,
            -8.205384254455566,
            -7.801445960998535,
            -1.6985541582107544,
            9.005383491516113,
            20.600933074951172,
            5.7889345043804497e-05,
            12.674775123596191,
            1.118740200996399,
            0.6335287094116211,
            0.20163924992084503,
            0.23279611766338348,
            0.9523413777351379,
            0.28272220492362976,
            0.025844167917966843,
            0.38848575949668884,
            0.8526762127876282,
            0.0,
            0.0,
            0.0,
            0.0,
            0.0,
            0.0,
            0.0,
            0.0,
            2.0,
            1.0,
            1.0,
            2.0,
            2.0,
            1.0,
            1.0,
            1.0,
            1.0,
            1.0,
            1.0,
            1.0,
            1.0,
            2.0,
            1.0,
            2.0,
            2.0,
            2.0,
            1.0,
            1.0,
            1.0
        ],
        [
            0.699999988079071,
            24.877344131469727,
            8.0,
            8.199999809265137,
            8.300000190734863,
            7.458756923675537,
            5.0569891929626465,
            2.953974962234497,
            -7.283717632293701,
            -17.34187889099121,
            -2.953974962234497,
            -9.294877052307129,
            -1.016282558441162,
            -6.705637454986572,
            -5.049637794494629,
            -2.950362205505371,
            7.405637264251709,
            17.41858673095703,
            2.9552834033966064,
            9.329607009887695,
            1.0948773622512817,
            0.5082495808601379,
            0.14560066163539886,
            0.15414614975452423,
            0.7406344413757324,
            0.23986856639385223,
            0.06784237176179886,
            0.32732266187667847,
            0.6796188950538635,
            0.0,
            0.0,
            0.0,
            0.0,
            0.0,
            0.0,
            0.0,
            0.0,
            2.0,
            1.0,
            1.0,
            2.0,
            2.0,
            1.0,
            1.0,
            1.0,
            1.0,
            1.0,
            1.0,
            1.0,
            1.0,
            2.0,
            2.0,
            1.0,
            1.0,
            1.0,
            1.0,
            1.0,
            1.0
        ]
    ],
    "eval_steps": 2016
}