{
    "eval_chronic": "C:\\Users\\thoma\\data_grid2op\\rte_case5_example_val\\chronics\\19",
    "eval_rewards": [
        [
            0.03206520861467224,
            0.0,
            0.0
        ],
        [
            0.00021959558912729388,
            0.0,
            -1.0
        ],
        [
            0.0002036414730317925,
            0.0,
            -1.0
        ],
        [
            0.0,
            0.040674603174603176,
            -1.0
        ]
    ],
    "eval_actions": [
        10,
        20,
        41,
        31
    ],
    "eval_states": [
        [
            0.6000000238418579,
            25.02196502685547,
            8.399999618530273,
            8.0,
            7.5,
            8.817246437072754,
            0.4290142059326172,
            2.2016773223876953,
            -2.1971821784973145,
            -15.95547103881836,
            -7.7557692527771,
            -7.7557692527771,
            -5.3028178215026855,
            -7.782829284667969,
            -0.017170481383800507,
            -2.199495792388916,
            2.199495792388916,
            16.2047176361084,
            7.763228416442871,
            7.763228416442871,
            5.309861183166504,
            0.5978603363037109,
            0.9547025561332703,
            0.0824788510799408,
            0.0824788510799408,
            0.4300021231174469,
            0.14706651866436005,
            0.14706651866436005,
            0.19100520014762878,
            0.0,
            0.0,
            0.0,
            0.0,
            0.0,
            0.0,
            0.0,
            0.0,
            2.0,
            2.0,
            1.0,
            1.0,
            2.0,
            2.0,
            1.0,
            1.0,
            1.0,
            1.0,
            1.0,
            1.0,
            1.0,
            1.0,
            1.0,
            1.0,
            1.0,
            1.0,
            1.0,
            1.0,
            1.0
        ],
        [
            0.6000000238418579,
            25.4006290435791,
            8.600000381469727,
            8.0,
            7.599999904632568,
            9.539520263671875,
            3.707724094390869,
            -0.7938023209571838,
            -3.3784384727478027,
            -15.320895195007324,
            -5.799522399902344,
            -5.799522399902344,
            -4.221561431884766,
            -9.477221488952637,
            -2.9841525554656982,
            0.8772211670875549,
            3.5841526985168457,
            15.86110782623291,
            5.806585788726807,
            5.806585788726807,
            4.392847537994385,
            0.13972660899162292,
            1.278358817100525,
            0.6155827641487122,
            0.973131537437439,
            0.630436897277832,
            0.1513468623161316,
            0.1513468623161316,
            0.9797709584236145,
            0.0,
            1.0,
            0.0,
            0.0,
            0.0,
            0.0,
            0.0,
            0.0,
            2.0,
            1.0,
            2.0,
            1.0,
            1.0,
            2.0,
            1.0,
            1.0,
            1.0,
            1.0,
            1.0,
            1.0,
            1.0,
            1.0,
            1.0,
            1.0,
            1.0,
            1.0,
            1.0,
            1.0,
            1.0
        ],
        [
            0.6000000238418579,
            25.804590225219727,
            8.699999809265137,
            7.900000095367432,
            7.800000190734863,
            10.422686576843262,
            4.571341037750244,
            -1.5486146211624146,
            -4.12824010848999,
            -14.798930168151855,
            -10.205826759338379,
            0.0,
            -3.671760320663452,
            -10.347440719604492,
            -3.7491016387939453,
            1.6474413871765137,
            4.349101543426514,
            15.381903648376465,
            10.227531433105469,
            5.805289401905611e-05,
            3.8544414043426514,
            0.15450729429721832,
            1.3653615713119507,
            0.6637700200080872,
            1.0102112293243408,
            0.6546930074691772,
            0.25863581895828247,
            0.02588064782321453,
            1.0104326009750366,
            0.0,
            2.0,
            0.0,
            1.0,
            0.0,
            0.0,
            0.0,
            1.0,
            2.0,
            1.0,
            2.0,
            1.0,
            1.0,
            2.0,
            1.0,
            1.0,
            1.0,
            1.0,
            1.0,
            1.0,
            1.0,
            2.0,
            2.0,
            1.0,
            2.0,
            2.0,
            1.0,
            1.0,
            1.0
        ],
        [
            0.0,
            0.0,
            0.0,
            0.0,
            0.0,
            0.0,
            0.0,
            0.0,
            0.0,
            0.0,
            0.0,
            0.0,
            0.0,
            0.0,
            0.0,
            0.0,
            0.0,
            0.0,
            0.0,
            0.0,
            0.0,
            0.0,
            0.0,
            0.0,
            0.0,
            0.0,
            0.0,
            0.0,
            0.0,
            0.0,
            0.0,
            0.0,
            0.0,
            0.0,
            0.0,
            0.0,
            0.0,
            -1.0,
            -1.0,
            -1.0,
            -1.0,
            -1.0,
            -1.0,
            -1.0,
            -1.0,
            -1.0,
            -1.0,
            -1.0,
            -1.0,
            -1.0,
            -1.0,
            -1.0,
            -1.0,
            -1.0,
            -1.0,
            -1.0,
            -1.0,
            -1.0
        ]
    ],
    "eval_steps": 82
}