{
    "eval_chronic": "C:\\Users\\thoma\\data_grid2op\\rte_case5_example_val\\chronics\\12",
    "eval_rewards": [
        [
            0.0,
            0.00023554368830363957,
            -1.0
        ],
        [
            1.0,
            0.9290486878914855,
            0.0
        ]
    ],
    "eval_actions": [
        39,
        27
    ],
    "eval_states": [
        [
            0.30000001192092896,
            27.77172088623047,
            7.800000190734863,
            8.300000190734863,
            8.100000381469727,
            12.784676551818848,
            4.274580478668213,
            1.5662440061569214,
            -8.1004638671875,
            -14.198620796203613,
            -4.933122158050537,
            -4.933122158050537,
            0.00046327876043505967,
            -10.71205997467041,
            -3.6829471588134766,
            -1.2224353551864624,
            8.11744213104248,
            14.987045288085938,
            4.962019920349121,
            4.962019920349121,
            4.627857342134889e-13,
            0.851610004901886,
            1.1522358655929565,
            1.042386531829834,
            0.2874038815498352,
            0.7603863477706909,
            0.30098623037338257,
            0.30098623037338257,
            1.6409281295955494e-14,
            0.0,
            1.0,
            1.0,
            0.0,
            0.0,
            0.0,
            0.0,
            0.0,
            1.0,
            1.0,
            1.0,
            1.0,
            1.0,
            1.0,
            1.0,
            1.0,
            1.0,
            1.0,
            1.0,
            1.0,
            1.0,
            2.0,
            2.0,
            2.0,
            1.0,
            2.0,
            1.0,
            1.0,
            1.0
        ],
        [
            0.699999988079071,
            23.958288192749023,
            8.0,
            8.199999809265137,
            8.300000190734863,
            -0.6927192807197571,
            10.526479721069336,
            5.836108684539795,
            -8.300457954406738,
            -24.57560157775879,
            -7.018054008483887,
            -7.018054008483887,
            0.0004576150677166879,
            0.699999988079071,
            -10.494734764099121,
            -5.823868274688721,
            8.318602561950684,
            24.6510066986084,
            7.024560451507568,
            7.024560451507568,
            -1.3802378294111572e-12,
            0.06410057842731476,
            0.2855829894542694,
            0.2298724204301834,
            0.2966010868549347,
            0.23280085623264313,
            0.13446398079395294,
            0.13446398079395294,
            4.9610943337382446e-14,
            0.0,
            0.0,
            0.0,
            0.0,
            0.0,
            0.0,
            0.0,
            0.0,
            2.0,
            1.0,
            1.0,
            1.0,
            2.0,
            1.0,
            1.0,
            1.0,
            1.0,
            1.0,
            1.0,
            1.0,
            1.0,
            2.0,
            2.0,
            2.0,
            1.0,
            2.0,
            1.0,
            1.0,
            1.0
        ]
    ],
    "eval_steps": 2016
}