{
    "eval_chronic": "C:\\Users\\thoma\\data_grid2op\\rte_case5_example_val\\chronics\\19",
    "eval_rewards": [
        [
            0.0001931163856971832,
            0.0,
            -1.0
        ],
        [
            0.06023219532922336,
            0.0,
            0.0
        ],
        [
            0.7437777313735973,
            2.0,
            0.0
        ]
    ],
    "eval_actions": [
        4,
        16,
        23
    ],
    "eval_states": [
        [
            2.0,
            24.15598487854004,
            8.600000381469727,
            8.199999809265137,
            7.800000190734863,
            8.944064140319824,
            1.2156894207000732,
            -1.4591425657272339,
            -1.3819103240966797,
            -15.028570175170898,
            -6.860119342803955,
            -6.860119342803955,
            -6.418089866638184,
            -8.883251190185547,
            -1.210186243057251,
            1.4934370517730713,
            2.0,
            15.211920738220215,
            6.906440734863281,
            6.906440734863281,
            6.979381561279297,
            0.1376236528158188,
            0.15321505069732666,
            0.4186830520629883,
            1.7217785120010376,
            0.3695772886276245,
            0.37764132022857666,
            0.37764132022857666,
            1.734969139099121,
            0.0,
            0.0,
            0.0,
            1.0,
            0.0,
            0.0,
            0.0,
            1.0,
            2.0,
            2.0,
            2.0,
            1.0,
            1.0,
            2.0,
            1.0,
            1.0,
            1.0,
            1.0,
            1.0,
            1.0,
            1.0,
            1.0,
            1.0,
            1.0,
            1.0,
            1.0,
            1.0,
            1.0,
            1.0
        ],
        [
            0.5,
            28.749420166015625,
            10.0,
            9.5,
            9.100000381469727,
            13.042945861816406,
            -0.08960198611021042,
            0.9220516681671143,
            -3.9040141105651855,
            -15.56716251373291,
            -7.816053867340088,
            -7.816053867340088,
            -5.195986270904541,
            -12.995939254760742,
            0.5,
            -0.9126372933387756,
            3.908576488494873,
            15.706475257873535,
            7.8283820152282715,
            7.8283820152282715,
            5.210055828094482,
            0.126540407538414,
            0.9529595375061035,
            0.2514382302761078,
            0.1775457262992859,
            0.3226960599422455,
            0.1808404177427292,
            0.1808404177427292,
            0.23452110588550568,
            0.0,
            0.0,
            0.0,
            0.0,
            0.0,
            0.0,
            0.0,
            0.0,
            2.0,
            1.0,
            2.0,
            2.0,
            1.0,
            2.0,
            1.0,
            1.0,
            1.0,
            1.0,
            1.0,
            1.0,
            1.0,
            1.0,
            1.0,
            1.0,
            1.0,
            1.0,
            1.0,
            1.0,
            1.0
        ],
        [
            1.0,
            25.00057029724121,
            8.699999809265137,
            8.399999618530273,
            8.0,
            6.647363185882568,
            6.0712809562683105,
            2.6436493396759033,
            -6.932031631469727,
            -18.276947021484375,
            -6.092646598815918,
            -6.092646598815918,
            -1.0679682493209839,
            -6.0428547859191895,
            -6.061060428619385,
            -2.638939380645752,
            7.0428547859191895,
            18.353206634521484,
            6.102833271026611,
            6.102833271026611,
            1.1416445970535278,
            0.45401448011398315,
            0.16281446814537048,
            0.1841215044260025,
            0.7039952278137207,
            0.2389208972454071,
            0.181181401014328,
            0.181181401014328,
            0.6595407724380493,
            0.0,
            0.0,
            0.0,
            0.0,
            0.0,
            0.0,
            0.0,
            0.0,
            2.0,
            1.0,
            1.0,
            2.0,
            2.0,
            1.0,
            1.0,
            1.0,
            1.0,
            1.0,
            1.0,
            1.0,
            1.0,
            1.0,
            1.0,
            1.0,
            1.0,
            1.0,
            1.0,
            1.0,
            1.0
        ]
    ],
    "eval_steps": 2016
}