{
    "eval_chronic": "C:\\Users\\thoma\\data_grid2op\\rte_case5_example_val\\chronics\\12",
    "eval_rewards": [
        [
            0.3187371492385864,
            0.0,
            -1.0
        ],
        [
            0.3057140111923218,
            0.0,
            -1.0
        ],
        [
            1647.4479758441448,
            2.0,
            0.0
        ]
    ],
    "eval_actions": [
        37,
        47,
        26
    ],
    "eval_states": [
        [
            0.30000001192092896,
            27.28756332397461,
            7.800000190734863,
            8.300000190734863,
            8.100000381469727,
            12.736221313476562,
            2.6843996640211467e-15,
            0.9236764907836914,
            -3.534424066543579,
            -14.12021541595459,
            -6.959481239318848,
            -6.959481239318848,
            -4.565576076507568,
            -10.678116798400879,
            0.0006492077955044806,
            -0.5209556221961975,
            3.698423385620117,
            14.551342964172363,
            7.060107707977295,
            7.060107707977295,
            4.695286273956299,
            0.8485782146453857,
            0.07894150167703629,
            1.1337578296661377,
            0.8638564348220825,
            0.5638597011566162,
            0.5513015985488892,
            0.5513015985488892,
            0.8585058450698853,
            0.0,
            0.0,
            1.0,
            0.0,
            0.0,
            0.0,
            0.0,
            0.0,
            1.0,
            1.0,
            1.0,
            1.0,
            1.0,
            1.0,
            1.0,
            1.0,
            1.0,
            2.0,
            1.0,
            1.0,
            1.0,
            1.0,
            1.0,
            1.0,
            1.0,
            1.0,
            1.0,
            1.0,
            1.0
        ],
        [
            0.30000001192092896,
            27.497966766357422,
            8.0,
            8.100000381469727,
            8.199999809265137,
            12.969101905822754,
            -4.637391816039726e-13,
            0.48808425664901733,
            -3.057645559310913,
            -14.08417797088623,
            -5.285982131958008,
            -8.58808422088623,
            -5.142354488372803,
            -10.840851783752441,
            0.0006492077955044806,
            -0.09354249387979507,
            3.2337453365325928,
            14.528864860534668,
            5.370267391204834,
            8.713911056518555,
            5.285982131958008,
            0.8631348609924316,
            0.07894150167703629,
            1.1214773654937744,
            0.8967459797859192,
            0.572566568851471,
            0.505742609500885,
            0.61490797996521,
            0.9007709622383118,
            0.0,
            0.0,
            2.0,
            0.0,
            0.0,
            0.0,
            0.0,
            0.0,
            1.0,
            1.0,
            1.0,
            1.0,
            1.0,
            1.0,
            1.0,
            1.0,
            1.0,
            2.0,
            1.0,
            1.0,
            1.0,
            2.0,
            1.0,
            2.0,
            1.0,
            2.0,
            1.0,
            1.0,
            1.0
        ],
        [
            0.699999988079071,
            24.775257110595703,
            8.0,
            8.199999809265137,
            8.300000190734863,
            8.202095985412598,
            0.0,
            1.8996284008026123,
            -1.890849232673645,
            -16.537336349487305,
            -6.419378757476807,
            -10.099628448486328,
            -6.409151077270508,
            -7.300000190734863,
            0.0006443369202315807,
            -1.894964575767517,
            1.8943201303482056,
            16.573162078857422,
            6.4250335693359375,
            10.112302780151367,
            6.419378757476807,
            0.5574644207954407,
            0.07864480465650558,
            0.0794159471988678,
            0.09421110898256302,
            0.16235624253749847,
            0.13228000700473785,
            0.1914098858833313,
            0.23311474919319153,
            0.0,
            0.0,
            0.0,
            0.0,
            0.0,
            0.0,
            0.0,
            0.0,
            2.0,
            1.0,
            1.0,
            1.0,
            2.0,
            2.0,
            1.0,
            1.0,
            1.0,
            2.0,
            1.0,
            1.0,
            1.0,
            2.0,
            1.0,
            2.0,
            1.0,
            2.0,
            1.0,
            1.0,
            1.0
        ]
    ],
    "eval_steps": 2016
}