{
    "eval_chronic": "C:\\Users\\thoma\\data_grid2op\\rte_case5_example_val\\chronics\\12",
    "eval_rewards": [
        [
            0.00018178309354378053,
            0.0,
            -1.0
        ],
        [
            0.039125571267244884,
            0.0,
            0.0
        ],
        [
            0.00024370368448944858,
            0.0,
            -1.0
        ],
        [
            0.00023723230097109446,
            0.0,
            -1.0
        ],
        [
            0.00012046898765266946,
            0.0,
            -1.0
        ],
        [
            0.0003499334289968273,
            0.0,
            -1.0
        ],
        [
            0.00024525316015066494,
            0.0,
            -1.0
        ],
        [
            0.0,
            0.05803571428571429,
            -1.0
        ]
    ],
    "eval_actions": [
        37,
        7,
        31,
        32,
        14,
        10,
        40,
        33
    ],
    "eval_states": [
        [
            0.30000001192092896,
            27.28756332397461,
            7.800000190734863,
            8.300000190734863,
            8.100000381469727,
            12.736221313476562,
            2.6843996640211467e-15,
            0.9236764907836914,
            -3.534424066543579,
            -14.12021541595459,
            -6.959481239318848,
            -6.959481239318848,
            -4.565576076507568,
            -10.678116798400879,
            0.0006492077955044806,
            -0.5209556221961975,
            3.698423385620117,
            14.551342964172363,
            7.060107707977295,
            7.060107707977295,
            4.695286273956299,
            0.8485782146453857,
            0.07894150167703629,
            1.1337578296661377,
            0.8638564348220825,
            0.5638597011566162,
            0.5513015985488892,
            0.5513015985488892,
            0.8585058450698853,
            0.0,
            0.0,
            1.0,
            0.0,
            0.0,
            0.0,
            0.0,
            0.0,
            1.0,
            1.0,
            1.0,
            1.0,
            1.0,
            1.0,
            1.0,
            1.0,
            1.0,
            2.0,
            1.0,
            1.0,
            1.0,
            1.0,
            1.0,
            1.0,
            1.0,
            1.0,
            1.0,
            1.0,
            1.0
        ],
        [
            0.5,
            28.838375091552734,
            9.100000381469727,
            9.199999809265137,
            9.5,
            8.815877914428711,
            4.647628310851248e-13,
            9.136058807373047,
            -8.084179878234863,
            -19.928525924682617,
            -9.94305419921875,
            -9.94305419921875,
            -1.4158198833465576,
            -7.781764030456543,
            0.0006492077955044806,
            -9.100000381469727,
            8.28111457824707,
            20.022497177124023,
            9.964262962341309,
            9.964262962341309,
            1.5500502586364746,
            0.5977708101272583,
            0.07894150167703629,
            0.3941729962825775,
            0.9529463648796082,
            0.2648143470287323,
            0.2559012174606323,
            0.2559012174606323,
            0.8732916712760925,
            0.0,
            0.0,
            0.0,
            0.0,
            0.0,
            0.0,
            0.0,
            0.0,
            2.0,
            2.0,
            1.0,
            2.0,
            2.0,
            1.0,
            1.0,
            1.0,
            1.0,
            2.0,
            1.0,
            1.0,
            1.0,
            1.0,
            1.0,
            1.0,
            1.0,
            1.0,
            1.0,
            1.0,
            1.0
        ],
        [
            0.5,
            29.51595115661621,
            8.800000190734863,
            9.300000190734863,
            9.300000190734863,
            10.324441909790039,
            0.35070744156837463,
            8.834173202514648,
            -9.173443794250488,
            -18.752910614013672,
            -18.3414306640625,
            5.773684461019002e-05,
            -0.12655684351921082,
            -8.932390213012695,
            0.12013733386993408,
            -8.800000190734863,
            9.31225299835205,
            19.191509246826172,
            18.402204513549805,
            -1.850910700748609e-12,
            0.2071983814239502,
            0.6956077218055725,
            1.0235329866409302,
            0.3854953646659851,
            0.7945080399513245,
            0.5685266256332397,
            0.4260302484035492,
            3.52788951480873e-14,
            0.6878328323364258,
            0.0,
            1.0,
            0.0,
            0.0,
            0.0,
            0.0,
            0.0,
            0.0,
            2.0,
            2.0,
            1.0,
            2.0,
            2.0,
            1.0,
            1.0,
            1.0,
            1.0,
            2.0,
            2.0,
            2.0,
            1.0,
            1.0,
            1.0,
            1.0,
            1.0,
            1.0,
            1.0,
            1.0,
            1.0
        ],
        [
            0.5,
            30.118961334228516,
            9.199999809265137,
            9.300000190734863,
            9.399999618530273,
            10.538294792175293,
            0.3560027778148651,
            9.236735343933105,
            -9.316402435302734,
            -19.123672485351562,
            5.772912118118256e-05,
            -18.703916549682617,
            -0.083597332239151,
            -9.091756820678711,
            0.13239642977714539,
            -9.199999809265137,
            9.45936107635498,
            19.580665588378906,
            0.0,
            18.767669677734375,
            0.16712330281734467,
            0.7093395590782166,
            1.0431675910949707,
            0.3972499966621399,
            0.8069565892219543,
            0.5801995396614075,
            0.0,
            0.4362297058105469,
            0.6991662383079529,
            0.0,
            2.0,
            0.0,
            0.0,
            0.0,
            0.0,
            0.0,
            0.0,
            2.0,
            2.0,
            1.0,
            2.0,
            2.0,
            1.0,
            1.0,
            1.0,
            1.0,
            2.0,
            2.0,
            1.0,
            2.0,
            1.0,
            1.0,
            1.0,
            1.0,
            1.0,
            1.0,
            1.0,
            1.0
        ],
        [
            0.5,
            33.26469039916992,
            9.300000190734863,
            9.300000190734863,
            9.5,
            17.381834030151367,
            0.0006481084856204689,
            0.42735832929611206,
            -4.625190258026123,
            -15.2901029586792,
            5.794810931547545e-05,
            -14.768302917480469,
            -4.874809741973877,
            -13.744369506835938,
            4.634559337864108e-13,
            0.09980897605419159,
            4.844560146331787,
            15.882857322692871,
            -1.859728083336565e-12,
            15.289454460144043,
            5.040886402130127,
            1.1323567628860474,
            1.1934023376718866e-14,
            1.307033658027649,
            1.0067665576934814,
            0.6601016521453857,
            3.6083840722258426e-14,
            1.2386560440063477,
            0.9652495384216309,
            1.0,
            0.0,
            1.0,
            1.0,
            0.0,
            0.0,
            1.0,
            0.0,
            2.0,
            1.0,
            2.0,
            2.0,
            2.0,
            2.0,
            1.0,
            1.0,
            1.0,
            2.0,
            2.0,
            1.0,
            2.0,
            1.0,
            1.0,
