{
    "eval_chronic": "C:\\Users\\thoma\\data_grid2op\\rte_case5_example_val\\chronics\\19",
    "eval_rewards": [
        [
            0.0,
            0.022245124785339174,
            0.0
        ],
        [
            0.020089285714285716,
            0.0,
            -1.0
        ]
    ],
    "eval_actions": [
        46,
        49
    ],
    "eval_states": [
        [
            0.6000000238418579,
            26.601116180419922,
            8.600000381469727,
            8.0,
            7.599999904632568,
            10.98029613494873,
            2.484992027282715,
            0.30589476227760315,
            -3.6233935356140137,
            -14.962239265441895,
            -8.0,
            -4.320231914520264,
            -3.9766063690185547,
            -9.418266296386719,
            -2.0722901821136475,
            -0.18705888092517853,
            3.6776154041290283,
            15.620819091796875,
            8.0108003616333,
            4.466447353363037,
            4.014337062835693,
            0.7376153469085693,
            0.9557968378067017,
            0.5845394134521484,
            0.4774421751499176,
            0.6954704523086548,
            0.17019544541835785,
            0.6622637510299683,
            0.48354196548461914,
            0.0,
            0.0,
            0.0,
            0.0,
            0.0,
            0.0,
            0.0,
            0.0,
            1.0,
            1.0,
            1.0,
            1.0,
            1.0,
            1.0,
            1.0,
            1.0,
            1.0,
            1.0,
            1.0,
            1.0,
            1.0,
            2.0,
            1.0,
            2.0,
            2.0,
            1.0,
            1.0,
            1.0,
            1.0
        ],
        [
            0.0,
            0.0,
            0.0,
            0.0,
            0.0,
            0.0,
            0.0,
            0.0,
            0.0,
            0.0,
            0.0,
            0.0,
            0.0,
            0.0,
            0.0,
            0.0,
            0.0,
            0.0,
            0.0,
            0.0,
            0.0,
            0.0,
            0.0,
            0.0,
            0.0,
            0.0,
            0.0,
            0.0,
            0.0,
            0.0,
            0.0,
            0.0,
            0.0,
            0.0,
            0.0,
            0.0,
            0.0,
            -1.0,
            -1.0,
            -1.0,
            -1.0,
            -1.0,
            -1.0,
            -1.0,
            -1.0,
            -1.0,
            -1.0,
            -1.0,
            -1.0,
            -1.0,
            -1.0,
            -1.0,
            -1.0,
            -1.0,
            -1.0,
            -1.0,
            -1.0,
            -1.0
        ]
    ],
    "eval_steps": 81
}