{
    "eval_chronic": "C:\\Users\\thoma\\data_grid2op\\rte_case5_example_val\\chronics\\12",
    "eval_rewards": [
        [
            0.9606008564326882,
            2.0,
            0.0
        ]
    ],
    "eval_actions": [
        26
    ],
    "eval_states": [
        [
            0.699999988079071,
            24.762989044189453,
            8.0,
            8.199999809265137,
            8.300000190734863,
            8.202095985412598,
            3.4506707191467285,
            0.4155430793762207,
            -3.856813669204712,
            -16.525096893310547,
            -6.531895160675049,
            -6.531895160675049,
            -4.4431867599487305,
            -7.300000190734863,
            -3.4469308853149414,
            -0.4150170683860779,
            3.861948013305664,
            16.56089210510254,
            6.537213325500488,
            6.537213325500488,
            4.44824743270874,
            0.5574644207954407,
            0.08919637650251389,
            0.031208554282784462,
            0.1418694108724594,
            0.16229473054409027,
            0.12367726862430573,
            0.12367726862430573,
            0.159184992313385,
            0.0,
            0.0,
            0.0,
            0.0,
            0.0,
            0.0,
            0.0,
            0.0,
            2.0,
            1.0,
            1.0,
            1.0,
            2.0,
            2.0,
            1.0,
            1.0,
            1.0,
            1.0,
            1.0,
            1.0,
            1.0,
            1.0,
            1.0,
            1.0,
            1.0,
            1.0,
            1.0,
            1.0,
            1.0
        ]
    ],
    "eval_steps": 2016
}