{
    "eval_chronic": "C:\\Users\\thoma\\data_grid2op\\rte_case5_example_val\\chronics\\19",
    "eval_rewards": [
        [
            0.00013714469212623714,
            0.0,
            -1.0
        ],
        [
            0.00026950613748706555,
            0.0,
            -1.0
        ],
        [
            0.0,
            0.001488095238095238,
            -1.0
        ]
    ],
    "eval_actions": [
        40,
        7,
        12
    ],
    "eval_states": [
        [
            2.0,
            27.852882385253906,
            8.600000381469727,
            8.199999809265137,
            7.800000190734863,
            14.98206901550293,
            7.035360813140869,
            4.645751953125,
            -16.02174949645996,
            -11.771077156066895,
            -2.3228759765625,
            -2.3228759765625,
            8.221749305725098,
            -12.206798553466797,
            -6.270693778991699,
            -4.221147537231445,
            16.0986385345459,
            12.870814323425293,
            2.367858409881592,
            2.367858409881592,
            -8.199999809265137,
            0.9874666333198547,
            1.3154834508895874,
            1.166517972946167,
            0.6061027646064758,
            0.8969480395317078,
            0.3730641305446625,
            0.3730641305446625,
            0.3576045632362366,
            0.0,
            1.0,
            1.0,
            0.0,
            0.0,
            0.0,
            0.0,
            0.0,
            1.0,
            1.0,
            1.0,
            1.0,
            1.0,
            1.0,
            1.0,
            1.0,
            1.0,
            1.0,
            1.0,
            1.0,
            1.0,
            2.0,
            2.0,
            2.0,
            1.0,
            1.0,
            1.0,
            1.0,
            1.0
        ],
        [
            1.899999976158142,
            25.994491577148438,
            8.600000381469727,
            8.199999809265137,
            7.800000190734863,
            12.365107536315918,
            4.579520225524902,
            8.632162094116211,
            -16.021530151367188,
            -13.216340065002441,
            -4.3160810470581055,
            -4.3160810470581055,
            8.221529006958008,
            -10.41671085357666,
            -3.7809953689575195,
            -8.600000381469727,
            16.097705841064453,
            13.62938404083252,
            4.3184099197387695,
            4.3184099197387695,
            -8.199999809265137,
            0.8253047466278076,
            1.3449606895446777,
            0.3746902346611023,
            0.6036851406097412,
            0.5520578622817993,
            0.08167173713445663,
            0.08167173713445663,
            0.3555569350719452,
            0.0,
            2.0,
            0.0,
            0.0,
            0.0,
            0.0,
            0.0,
            0.0,
            2.0,
            2.0,
            1.0,
            2.0,
            2.0,
            1.0,
            1.0,
            1.0,
            1.0,
            1.0,
            1.0,
            1.0,
            1.0,
            2.0,
            2.0,
            2.0,
            1.0,
            1.0,
            1.0,
            1.0,
            1.0
        ],
        [
            0.0,
            0.0,
            0.0,
            0.0,
            0.0,
            0.0,
            0.0,
            0.0,
            0.0,
            0.0,
            0.0,
            0.0,
            0.0,
            0.0,
            0.0,
            0.0,
            0.0,
            0.0,
            0.0,
            0.0,
            0.0,
            0.0,
            0.0,
            0.0,
            0.0,
            0.0,
            0.0,
            0.0,
            0.0,
            0.0,
            0.0,
            0.0,
            0.0,
            0.0,
            0.0,
            0.0,
            0.0,
            -1.0,
            -1.0,
            -1.0,
            -1.0,
            -1.0,
            -1.0,
            -1.0,
            -1.0,
            -1.0,
            -1.0,
            -1.0,
            -1.0,
            -1.0,
            -1.0,
            -1.0,
            -1.0,
            -1.0,
            -1.0,
            -1.0,
            -1.0,
            -1.0
        ]
    ],
    "eval_steps": 3
}