{"train/reward_0": 0.0, "train/reward_1": 0.00018337710120552769, "train/reward_2": -1.0, "train/grid2opsteps": 2, "_timestamp": 1722428649.6773517, "_runtime": 49.52203869819641, "_step": 128, "_wandb": {"runtime": 49}}