{"Action dimension": 99, "_timestamp": 1720509288.9506874, "_runtime": 1.8255424499511719, "_step": 1, "Observation dimension": [58], "_wandb": {"runtime": 5}}