{"DoNothing/train/reward_0": 0.21279761904761904, "DoNothing/train/reward_1": 0.0, "DoNothing/train/reward_2": -1.0, "DoNothing/train/grid2opsteps": 32906, "_timestamp": 1721204057.007269, "_runtime": 4.76075291633606, "_step": 101, "_wandb": {"runtime": 3}, "DoNothing/eval/reward_0": 0.002742763772175537, "DoNothing/eval/reward_1": 2.3202971109823016, "DoNothing/eval/reward_2": -0.6058823529411754}