{"DoNothing/train/reward_0": 0.0, "DoNothing/train/reward_1": 0.00018112986688561302, "DoNothing/train/reward_2": 0.0, "DoNothing/train/grid2opsteps": 6120, "_timestamp": 1721370386.7902794, "_runtime": 4.661875486373901, "_step": 16, "_wandb": {"runtime": 3}, "DoNothing/eval/reward_0": 0.0013713818860877686, "DoNothing/eval/reward_1": 0.0013233185644743713, "DoNothing/eval/reward_2": -0.058823529411764705}