{"Action dimension": 99, "_timestamp": 1720449101.464095, "_runtime": 2.114800214767456, "_step": 1, "Observation dimension": [58], "_wandb": {"runtime": 55}}