{"Action dimension": 99, "_timestamp": 1720510191.7245798, "_runtime": 1.9752247333526611, "_step": 1, "Observation dimension": [58], "_wandb": {"runtime": 16}}