{"DoNothing/train/reward_0": 0.0, "DoNothing/train/reward_1": 0.3041633367538452, "DoNothing/train/reward_2": -0.1, "DoNothing/train/grid2opsteps": 961, "_timestamp": 1721204767.8635612, "_runtime": 3.1741392612457275, "_step": 16, "_wandb": {"runtime": 2}, "DoNothing/eval/reward_0": 0.002742763772175537, "DoNothing/eval/reward_1": 2.3202971109823016, "DoNothing/eval/reward_2": -0.6058823529411754}