{"DoNothing/train/reward_0": 0.0, "DoNothing/train/reward_1": 0.3203797936439514, "DoNothing/train/reward_2": -0.1, "DoNothing/train/grid2opsteps": 3022, "_timestamp": 1721287184.742222, "_runtime": 3.0583720207214355, "_step": 32, "_wandb": {"runtime": 2}, "DoNothing/eval/reward_0": 0.002742763772175537, "DoNothing/eval/reward_1": 2.3202971109823016, "DoNothing/eval/reward_2": -0.6058823529411754}