{"DoNothing/train/reward_0": 0.0, "DoNothing/train/reward_1": 0.0002006051044673576, "DoNothing/train/reward_2": 0.0, "DoNothing/train/grid2opsteps": 1782, "_timestamp": 1721644506.6400757, "_runtime": 2.60185170173645, "_step": 16, "_wandb": {"runtime": 1}, "DoNothing/eval/reward_0": 0.0013713818860877686, "DoNothing/eval/reward_1": 0.0013233185644743713, "DoNothing/eval/reward_2": -0.058823529411764705}