{
    "eval_chronic": "/home/trlautenbacher/data_grid2op/rte_case5_example_val/chronics/19",
    "eval_rewards": [
        [
            0.02226696460416131,
            -0.012698412698412685,
            -1.0
        ],
        [
            0.01718125997552166,
            -0.015555555555555548,
            -1.0
        ],
        [
            0.8814359443574387,
            -0.5010582010581857,
            -1.0
        ]
    ],
    "eval_actions": [
        46,
        16,
        27
    ],
    "eval_states": [
        [
            2.0,
            25.20671844482422,
            8.600000381469727,
            8.199999809265137,
            7.800000190734863,
            10.172842979431152,
            2.0717008113861084,
            0.0902976542711258,
            -3.8700194358825684,
            -14.463855743408203,
            -8.199999809265137,
            -4.052676677703857,
            -3.929980754852295,
            -8.818862915039062,
            -1.7127827405929565,
            0.0127633698284626,
            3.91888165473938,
            15.033875465393066,
            8.21157169342041,
            4.180583477020264,
            3.962378978729248,
            0.6858530044555664,
            0.8886731266975403,
            0.5396425724029541,
            0.45130738615989685,
            0.6474528312683105,
            0.17619629204273224,
            0.6202442646026611,
            0.45114612579345703,
            0.0,
            0.0,
            0.0,
            0.0,
            0.0,
            0.0,
            0.0,
            0.0,
            1.0,
            1.0,
            1.0,
            1.0,
            1.0,
            1.0,
            1.0,
            1.0,
            1.0,
            1.0,
            1.0,
            1.0,
            1.0,
            2.0,
            1.0,
            2.0,
            2.0,
            1.0,
            1.0,
            1.0,
            1.0
        ],
        [
            0.6000000238418579,
            24.23790740966797,
            8.699999809265137,
            7.900000095367432,
            7.800000190734863,
            10.909784317016602,
            -0.33305594325065613,
            1.0184025764465332,
            -3.184361696243286,
            -13.228099822998047,
            -7.900000095367432,
            -5.6438798904418945,
            -4.615638256072998,
            -10.875564575195312,
            0.6000000238418579,
            -1.0119562149047852,
            3.187520980834961,
            13.328123092651367,
            7.910858154296875,
            5.650297164916992,
            4.625477313995361,
            0.10687322914600372,
            0.7609353065490723,
            0.21920561790466309,
            0.15452668070793152,
            0.27430832386016846,
            0.17039749026298523,
            0.12843690812587738,
            0.1937379390001297,
            0.0,
            0.0,
            0.0,
            0.0,
            0.0,
            0.0,
            0.0,
            0.0,
            2.0,
            1.0,
            2.0,
            2.0,
            1.0,
            2.0,
            1.0,
            1.0,
            1.0,
            1.0,
            1.0,
            1.0,
            1.0,
            2.0,
            1.0,
            2.0,
            2.0,
            1.0,
            1.0,
            1.0,
            1.0
        ],
        [
            0.6000000238418579,
            27.674983978271484,
            9.899999618530273,
            9.199999809265137,
            9.0,
            -0.5946429967880249,
            8.763869285583496,
            3.322286367416382,
            -2.1582565307617188,
            -28.169103622436523,
            -9.199999809265137,
            -10.177558898925781,
            -6.841743469238281,
            0.6000000238418579,
            -8.741795539855957,
            -3.3178248405456543,
            2.159620761871338,
            28.26962661743164,
            9.214767456054688,
            10.19046688079834,
            6.85527229309082,
            0.056816522032022476,
            0.24045129120349884,
            0.16392329335212708,
            0.0786164253950119,
            0.26842713356018066,
            0.19979438185691833,
            0.19336028397083282,
            0.24830546975135803,
            0.0,
            0.0,
            0.0,
            0.0,
            0.0,
            0.0,
            0.0,
            0.0,
            2.0,
            1.0,
            1.0,
            1.0,
            2.0,
            1.0,
            1.0,
            1.0,
            1.0,
            1.0,
            1.0,
            1.0,
            1.0,
            2.0,
            1.0,
            2.0,
            2.0,
            1.0,
            1.0,
            1.0,
            1.0
        ]
    ],
    "eval_steps": 2016
}