{
    "eval_chronic": "/home/trlautenbacher/data_grid2op/rte_case5_example_val/chronics/19",
    "eval_rewards": [
        [
            0.00013401786581110575,
            -0.00015873015873015873,
            -1.0
        ],
        [
            0.0001997775571231429,
            -0.00031746031746031746,
            -1.0
        ],
        [
            0.030993976758524014,
            -0.028518518518518554,
            -1.0
        ],
        [
            0.8304598370254741,
            -0.6149206349206296,
            -1.0
        ]
    ],
    "eval_actions": [
        12,
        42,
        10,
        19
    ],
    "eval_states": [
        [
            2.0,
            24.587257385253906,
            8.600000381469727,
            8.199999809265137,
            7.800000190734863,
            8.370132446289062,
            0.34803077578544617,
            1.7608593702316284,
            -2.875864028930664,
            -15.762970924377441,
            -7.547789096832275,
            -7.547789096832275,
            -4.924136161804199,
            -8.316417694091797,
            -0.2835831344127655,
            -1.1237329244613647,
            3.123732805252075,
            16.217124938964844,
            7.707470417022705,
            7.707470417022705,
            5.134718894958496,
            0.1287052482366562,
            0.432674765586853,
            1.4437363147735596,
            1.0727533102035522,
            0.5785201787948608,
            0.6913175582885742,
            0.6913175582885742,
            1.081087589263916,
            0.0,
            0.0,
            1.0,
            1.0,
            0.0,
            0.0,
            0.0,
            1.0,
            2.0,
            2.0,
            1.0,
            1.0,
            1.0,
            2.0,
            1.0,
            1.0,
            1.0,
            1.0,
            1.0,
            1.0,
            1.0,
            1.0,
            1.0,
            1.0,
            1.0,
            1.0,
            1.0,
            1.0,
            1.0
        ],
        [
            1.899999976158142,
            24.28567886352539,
            8.600000381469727,
            8.199999809265137,
            7.800000190734863,
            8.313591003417969,
            0.36960703134536743,
            1.5946589708328247,
            -2.916018486022949,
            -15.666369438171387,
            -6.614963531494141,
            -8.199999809265137,
            -4.883981704711914,
            -8.274602890014648,
            -0.32539716362953186,
            -1.1805617809295654,
            3.080561637878418,
            15.972087860107422,
            7.085305690765381,
            8.211456298828125,
            5.0203046798706055,
            0.10918059945106506,
            0.36511701345443726,
            1.1506562232971191,
            0.8652036786079407,
            0.4756704270839691,
            1.1776267290115356,
            0.17539271712303162,
            0.8788443803787231,
            0.0,
            0.0,
            2.0,
            0.0,
            0.0,
            1.0,
            0.0,
            0.0,
            2.0,
            2.0,
            1.0,
            1.0,
            1.0,
            2.0,
            1.0,
            1.0,
            1.0,
            1.0,
            1.0,
            1.0,
            1.0,
            2.0,
            2.0,
            1.0,
            2.0,
            1.0,
            1.0,
            1.0,
            1.0
        ],
        [
            1.899999976158142,
            23.940860748291016,
            8.5,
            8.0,
            7.900000095367432,
            7.975608825683594,
            -0.18082816898822784,
            2.319213628768921,
            -2.3143937587738037,
            -15.753134727478027,
            -7.912646770477295,
            -8.0,
            -5.585606575012207,
            -7.120182514190674,
            0.5201826095581055,
            -2.3168699741363525,
            2.3168699741363525,
            15.965251922607422,
            7.923027515411377,
            8.010934829711914,
            5.593433380126953,
            0.5425161123275757,
            0.8629828691482544,
            0.0867590457201004,
            0.0867590457201004,
            0.3970890939235687,
            0.17987629771232605,
            0.1711888462305069,
            0.20053067803382874,
            0.0,
            0.0,
            0.0,
            0.0,
            0.0,
            0.0,
            0.0,
            0.0,
            2.0,
            2.0,
            1.0,
            1.0,
            2.0,
            2.0,
            1.0,
            1.0,
            1.0,
            1.0,
            1.0,
            1.0,
            1.0,
            2.0,
            2.0,
            1.0,
            2.0,
            1.0,
            1.0,
            1.0,
            1.0
        ],
        [
            0.6000000238418579,
            24.126102447509766,
            8.600000381469727,
            8.0,
            7.599999904632568,
            4.579742431640625,
            8.456250190734863,
            -4.79737663269043,
            0.16521193087100983,
            -19.481521606445312,
            -2.989471912384033,
            -8.0,
            -7.765212059020996,
            -4.284780502319336,
            -8.436323165893555,
            4.884780406951904,
            -0.16367746889591217,
            19.54636001586914,
            3.014437198638916,
            8.010834693908691,
            7.786848545074463,
            0.3132706582546234,
            0.225108340382576,
            0.4953363537788391,
            0.13648070394992828,
            0.2196826934814453,
            0.2809915244579315,
            0.17048205435276031,
            0.3071313202381134,
            0.0,
            0.0,
            0.0,
            0.0,
            0.0,
            0.0,
            0.0,
            0.0,
            2.0,
            1.0,
            2.0,
            1.0,
            2.0,
            1.0,
            1.0,
            1.0,
            1.0,
            1.0,
            1.0,
            1.0,
            1.0,
            2.0,
            2.0,
            1.0,
            2.0,
            1.0,
            1.0,
            1.0,
            1.0
        ]
    ],
    "eval_steps": 2016
}