{
    "eval_chronic": "/home/trlautenbacher/data_grid2op/rte_case5_example_val/chronics/12",
    "eval_rewards": [
        [
            0.00019422744211347937,
            -0.00015873015873015873,
            -1.0
        ],
        [
            8.801817892695544e-05,
            -0.00010582010582010581,
            -1.0
        ],
        [
            0.0,
            0.0,
            -1.0
        ]
    ],
    "eval_actions": [
        20,
        25,
        42
    ],
    "eval_states": [
        [
            0.30000001192092896,
            25.980878829956055,
            7.800000190734863,
            8.300000190734863,
            8.100000381469727,
            9.274837493896484,
            4.199976444244385,
            -1.3111532926559448,
            -3.4187796115875244,
            -16.083478927612305,
            -5.933969974517822,
            -5.933969974517822,
            -4.681220531463623,
            -9.204680442810059,
            -3.358767509460449,
            1.4046802520751953,
            3.6587674617767334,
            16.70604133605957,
            5.941751003265381,
            5.941751003265381,
            4.879092693328857,
            0.14839403331279755,
            1.3814526796340942,
            0.647668719291687,
            1.054890751838684,
            0.6763303875923157,
            0.15868434309959412,
            0.15868434309959412,
            1.0494391918182373,
            0.0,
            1.0,
            0.0,
            1.0,
            0.0,
            0.0,
            0.0,
            1.0,
            2.0,
            1.0,
            2.0,
            1.0,
            1.0,
            2.0,
            1.0,
            1.0,
            1.0,
            1.0,
            1.0,
            1.0,
            1.0,
            1.0,
            1.0,
            1.0,
            1.0,
            1.0,
            1.0,
            1.0,
            1.0
        ],
        [
            0.30000001192092896,
            28.06428337097168,
            8.0,
            8.100000381469727,
            8.199999809265137,
            7.2800612449646,
            6.88139009475708,
            3.1283366680145264,
            -7.072409152984619,
            -19.407106399536133,
            -6.231524467468262,
            -6.231524467468262,
            -1.1275906562805176,
            -7.163261413574219,
            -5.480048656463623,
            -2.2199513912200928,
            7.163261413574219,
            20.784221649169922,
            6.2628583908081055,
            6.2628583908081055,
            1.2347121238708496,
            0.1930505484342575,
            1.7945150136947632,
            1.7372411489486694,
            0.7239395380020142,
            1.0028799772262573,
            0.31257471442222595,
            0.31257471442222595,
            0.6885809302330017,
            0.0,
            2.0,
            1.0,
            0.0,
            1.0,
            0.0,
            0.0,
            0.0,
            2.0,
            1.0,
            1.0,
            2.0,
            1.0,
            1.0,
            1.0,
            1.0,
            1.0,
            1.0,
            1.0,
            1.0,
            1.0,
            1.0,
            1.0,
            1.0,
            1.0,
            1.0,
            1.0,
            1.0,
            1.0
        ],
        [
            0.0,
            0.0,
            0.0,
            0.0,
            0.0,
            0.0,
            0.0,
            0.0,
            0.0,
            0.0,
            0.0,
            0.0,
            0.0,
            0.0,
            0.0,
            0.0,
            0.0,
            0.0,
            0.0,
            0.0,
            0.0,
            0.0,
            0.0,
            0.0,
            0.0,
            0.0,
            0.0,
            0.0,
            0.0,
            0.0,
            0.0,
            0.0,
            0.0,
            0.0,
            0.0,
            0.0,
            0.0,
            -1.0,
            -1.0,
            -1.0,
            -1.0,
            -1.0,
            -1.0,
            -1.0,
            -1.0,
            -1.0,
            -1.0,
            -1.0,
            -1.0,
            -1.0,
            -1.0,
            -1.0,
            -1.0,
            -1.0,
            -1.0,
            -1.0,
            -1.0,
            -1.0
        ]
    ],
    "eval_steps": 3
}