{
    "eval_chronic": "/home/trlautenbacher/data_grid2op/rte_case5_example_val/chronics/12",
    "eval_rewards": [
        [
            0.00020383044508595326,
            -0.00015873015873015873,
            -1.0
        ],
        [
            0.25392286074214276,
            -0.2970370370370384,
            -1.0
        ],
        [
            0.0002705841858327393,
            -0.000529100529100529,
            -1.0
        ],
        [
            0.00018833864594252717,
            -0.000529100529100529,
            -1.0
        ],
        [
            0.5463804368229491,
            -0.5125925925926046,
            -1.0
        ]
    ],
    "eval_actions": [
        32,
        3,
        43,
        15,
        27
    ],
    "eval_states": [
        [
            0.30000001192092896,
            27.579082489013672,
            7.800000190734863,
            8.300000190734863,
            8.100000381469727,
            12.265398979187012,
            3.6931354999542236,
            -0.9974709749221802,
            -4.806310176849365,
            -14.499184608459473,
            5.7989454944618046e-05,
            -10.64437198638916,
            -3.2936899662017822,
            -10.346039772033691,
            -3.191481351852417,
            1.1572057008743286,
            4.880315780639648,
            15.313682556152344,
            -9.297397920993156e-13,
            10.806049346923828,
            3.341785192489624,
            0.8190357089042664,
            1.0578747987747192,
            0.6887421011924744,
            0.5661367774009705,
            0.7727517485618591,
            1.8041920361129213e-14,
            0.6952664256095886,
            0.5410341024398804,
            0.0,
            1.0,
            0.0,
            0.0,
            0.0,
            0.0,
            0.0,
            0.0,
            1.0,
            1.0,
            1.0,
            1.0,
            1.0,
            1.0,
            1.0,
            1.0,
            1.0,
            2.0,
            2.0,
            1.0,
            2.0,
            1.0,
            1.0,
            1.0,
            1.0,
            1.0,
            1.0,
            1.0,
            1.0
        ],
        [
            0.30000001192092896,
            25.904224395751953,
            8.0,
            8.100000381469727,
            8.199999809265137,
            8.38412857055664,
            -0.5435932874679565,
            -6.733553409576416,
            8.020663261413574,
            -17.18438720703125,
            5.775846875621937e-05,
            -17.666292190551758,
            -16.22066307067871,
            -7.443719863891602,
            0.839350163936615,
            6.904369354248047,
            -8.0,
            17.52009391784668,
            -1.8510874257027243e-12,
            17.727981567382812,
            16.299787521362305,
            0.5694491863250732,
            0.8030301332473755,
            0.7181990742683411,
            0.3488580882549286,
            0.49812692403793335,
            3.52788951480873e-14,
            0.429818719625473,
            0.6152864694595337,
            0.0,
            0.0,
            0.0,
            0.0,
            0.0,
            0.0,
            0.0,
            0.0,
            2.0,
            2.0,
            2.0,
            1.0,
            2.0,
            1.0,
            1.0,
            1.0,
            1.0,
            2.0,
            2.0,
            1.0,
            2.0,
            1.0,
            1.0,
            1.0,
            1.0,
            1.0,
            1.0,
            1.0,
            1.0
        ],
        [
            1.0,
            30.03030776977539,
            9.300000190734863,
            9.5,
            9.699999809265137,
            10.35938835144043,
            0.20091626048088074,
            -9.5000581741333,
            9.328849792480469,
            -19.395200729370117,
            5.774131932412274e-05,
            -19.1419734954834,
            -19.028850555419922,
            -8.95849609375,
            0.4226677715778351,
            9.535828590393066,
            -9.300000190734863,
            19.670917510986328,
            9.24317046513412e-13,
            19.194284439086914,
            19.1419734954834,
            0.6978539824485779,
            1.1838598251342773,
            0.3413689136505127,
            0.4082339406013489,
            0.4517964720726013,
            1.750323451172979e-14,
            0.3840174973011017,
            0.7373465895652771,
            0.0,
            1.0,
            0.0,
            0.0,
            0.0,
            0.0,
            0.0,
            0.0,
            2.0,
            2.0,
            2.0,
            1.0,
            2.0,
            1.0,
            1.0,
            1.0,
            1.0,
            2.0,
            2.0,
            1.0,
            2.0,
            2.0,
            2.0,
            1.0,
            1.0,
            2.0,
            1.0,
            1.0,
            1.0
        ],
        [
            1.0,
            31.867704391479492,
            9.399999618530273,
            9.600000381469727,
            9.800000190734863,
            15.557808876037598,
            9.431475639343262,
            -9.600058555603027,
            -3.5745809078216553,
            -16.13135528564453,
            5.7737248425837606e-05,
            -6.5297088623046875,
            -6.225419044494629,
            -12.584455490112305,
            -9.399999618530273,
            9.636502265930176,
            3.9479527473449707,
            16.30989646911621,
            2.7723218685993256e-12,
            6.699878692626953,
            6.5297088623046875,
            1.0225496292114258,
            0.2952900528907776,
            0.34489062428474426,
            1.3276139497756958,
            0.3646789789199829,
            5.250970353518937e-14,
            0.7133336663246155,
            1.289790391921997,
            1.0,
            0.0,
            0.0,
            1.0,
            0.0,
            0.0,
            0.0,
            1.0,
            2.0,
            1.0,
            2.0,
            2.0,
            2.0,
            1.0,
            1.0,
            1.0,
            1.0,
            2.0,
            2.0,
            1.0,
            2.0,
            2.0,
            2.0,
            1.0,
            1.0,
            2.0,
            1.0,
            1.0,
            1.0
        ],
        [
            0.8999999761581421,
            28.20521354675293,
            9.399999618530273,
            9.600000381469727,
            9.800000190734863,
            -0.887999951839447,
            17.309452056884766,
            -9.600056648254395,
            1.8199305534362793,
            -28.985885620117188,
            5.673507257597521e-05,
            -11.658761978149414,
            -11.6199312210083,
            0.8999999761581421,
            -17.21845245361328,
            9.637537002563477,
            -1.8190847635269165,
            29.093212127685547,
            0.0,
            11.676434516906738,
            11.658761978149414,
            0.07863816618919373,
            0.480228066444397,
            0.349031001329422,
            0.08625955879688263,
            0.2772162854671478,
            0.0,
            0.223531574010849,
            0.42888563871383667,
            0.0,
            0.0,
            0.0,
            0.0,
            0.0,
            0.0,
            0.0,
            0.0,
            2.0,
            1.0,
            1.0,
            1.0,
            2.0,
            1.0,
            1.0,
            1.0,
            1.0,
            2.0,
            2.0,
            1.0,
            2.0,
            2.0,
            2.0,
            1.0,
            1.0,
            2.0,
            1.0,
            1.0,
            1.0
        ]
    ],
    "eval_steps": 2016
}