{
    "eval_chronic": "/home/trlautenbacher/data_grid2op/rte_case5_example_val/chronics/19",
    "eval_rewards": [
        [
            0.037871872989301995,
            -0.02539682539682537,
            -1.0
        ],
        [
            0.885910733609358,
            -0.2006349206349259,
            -1.0
        ]
    ],
    "eval_actions": [
        7,
        27
    ],
    "eval_states": [
        [
            2.0,
            23.946029663085938,
            8.600000381469727,
            8.199999809265137,
            7.800000190734863,
            7.15512752532959,
            -1.2611192464828491,
            8.631957054138184,
            -6.889942646026611,
            -16.55118179321289,
            -8.894150733947754,
            -8.894150733947754,
            -0.9100576639175415,
            -6.459352970123291,
            1.4909571409225464,
            -8.600000381469727,
            6.968395709991455,
            16.790903091430664,
            8.906149864196777,
            8.906149864196777,
            0.9563447833061218,
            0.48801809549331665,
            0.7032737135887146,
            0.37307316064834595,
            0.5863129496574402,
            0.42176949977874756,
            0.19191575050354004,
            0.19191575050354004,
            0.5327913165092468,
            0.0,
            0.0,
            0.0,
            0.0,
            0.0,
            0.0,
            0.0,
            0.0,
            2.0,
            2.0,
            1.0,
            2.0,
            2.0,
            1.0,
            1.0,
            1.0,
            1.0,
            1.0,
            1.0,
            1.0,
            1.0,
            1.0,
            1.0,
            1.0,
            1.0,
            1.0,
            1.0,
            1.0,
            1.0
        ],
        [
            0.6000000238418579,
            27.67313575744629,
            9.800000190734863,
            9.199999809265137,
            9.100000381469727,
            -0.5946429967880249,
            8.633984565734863,
            3.369194984436035,
            -2.1750736236572266,
            -28.167070388793945,
            -9.753819465637207,
            -9.753819465637207,
            -6.9249267578125,
            0.6000000238418579,
            -8.611692428588867,
            -3.364879846572876,
            2.176572561264038,
            28.267780303955078,
            9.7665433883667,
            9.7665433883667,
            6.938444137573242,
            0.056816522032022476,
            0.244699627161026,
            0.15734727680683136,
            0.07791009545326233,
            0.26863035559654236,
            0.18862028419971466,
            0.18862028419971466,
            0.2497802972793579,
            0.0,
            0.0,
            0.0,
            0.0,
            0.0,
            0.0,
            0.0,
            0.0,
            2.0,
            1.0,
            1.0,
            1.0,
            2.0,
            1.0,
            1.0,
            1.0,
            1.0,
            1.0,
            1.0,
            1.0,
            1.0,
            1.0,
            1.0,
            1.0,
            1.0,
            1.0,
            1.0,
            1.0,
            1.0
        ]
    ],
    "eval_steps": 2016
}