{
    "eval_chronic": "/home/trlautenbacher/data_grid2op/rte_case5_example_val/chronics/19",
    "eval_rewards": [
        [
            0.0439852481012012,
            -0.019365079365079384,
            -1.0
        ],
        [
            0.7946546262185146,
            -0.5010582010581857,
            -1.0
        ]
    ],
    "eval_actions": [
        24,
        44
    ],
    "eval_states": [
        [
            2.0,
            23.16961669921875,
            8.600000381469727,
            8.199999809265137,
            7.800000190734863,
            11.293083190917969,
            0.19136935472488403,
            -1.8939123153686523,
            -2.644883155822754,
            -11.69424057006836,
            -5.745479583740234,
            -5.745479583740234,
            -5.155117034912109,
            -11.258390426635742,
            -0.01565445587038994,
            2.0156545639038086,
            2.6583902835845947,
            11.876533508300781,
            5.75143575668335,
            5.75143575668335,
            5.184871673583984,
            0.1085955798625946,
            0.6099115014076233,
            0.592920184135437,
            0.30737578868865967,
            0.3687324523925781,
            0.13873353600502014,
            0.13873353600502014,
            0.34645456075668335,
            0.0,
            0.0,
            0.0,
            0.0,
            0.0,
            0.0,
            0.0,
            0.0,
            2.0,
            1.0,
            1.0,
            2.0,
            1.0,
            2.0,
            1.0,
            1.0,
            1.0,
            1.0,
            1.0,
            1.0,
            1.0,
            1.0,
            1.0,
            1.0,
            1.0,
            1.0,
            1.0,
            1.0,
            1.0
        ],
        [
            0.6000000238418579,
            28.187963485717773,
            9.899999618530273,
            9.199999809265137,
            9.0,
            14.270474433898926,
            -0.15531042218208313,
            -0.12924827635288239,
            -4.31064510345459,
            -13.712575912475586,
            0.12924827635288239,
            -13.910836219787598,
            -4.68935489654541,
            -14.22017765045166,
            0.3811301290988922,
            0.2188699096441269,
            4.320178031921387,
            13.917488098144531,
            -0.0862930566072464,
            13.954179763793945,
            4.710836410522461,
            0.1349557787179947,
            0.6967009902000427,
            0.49860715866088867,
            0.256753534078598,
            0.3904975354671478,
            0.3649369478225708,
            0.3450980484485626,
            0.28932613134384155,
            0.0,
            0.0,
            0.0,
            0.0,
            0.0,
            0.0,
            0.0,
            0.0,
            2.0,
            1.0,
            1.0,
            2.0,
            1.0,
            2.0,
            1.0,
            1.0,
            1.0,
            1.0,
            1.0,
            1.0,
            1.0,
            2.0,
            2.0,
            1.0,
            1.0,
            1.0,
            1.0,
            1.0,
            1.0
        ]
    ],
    "eval_steps": 2016
}