{
    "eval_chronic": "/home/trlautenbacher/data_grid2op/rte_case5_example_val/chronics/12",
    "eval_rewards": [
        [
            0.0003161354422703234,
            -0.00010582010582010581,
            -1.0
        ],
        [
            0.00023182373653411045,
            -0.00021164021164021162,
            -1.0
        ],
        [
            0.0,
            0.0,
            -1.0
        ]
    ],
    "eval_actions": [
        50,
        39,
        12
    ],
    "eval_states": [
        [
            0.30000001192092896,
            27.655668258666992,
            7.800000190734863,
            8.300000190734863,
            8.100000381469727,
            13.543827056884766,
            5.357969760894775,
            -2.3756279945373535,
            -5.727036476135254,
            -13.663393020629883,
            -4.150000095367432,
            -4.150000095367432,
            -2.3729639053344727,
            -11.2382230758667,
            -4.375067234039307,
            2.377977132797241,
            5.7353129386901855,
            14.11184024810791,
            4.152711391448975,
            4.152711391448975,
            2.3756279945373535,
            0.8989037275314331,
            1.4964956045150757,
            0.13487061858177185,
            0.20391280949115753,
            0.5749689936637878,
            0.08324697613716125,
            0.08324697613716125,
            0.08987759798765182,
            0.0,
            1.0,
            0.0,
            0.0,
            0.0,
            0.0,
            0.0,
            0.0,
            1.0,
            1.0,
            1.0,
            1.0,
            1.0,
            1.0,
            1.0,
            1.0,
            1.0,
            1.0,
            1.0,
            1.0,
            1.0,
            2.0,
            1.0,
            1.0,
            2.0,
            1.0,
            1.0,
            1.0,
            1.0
        ],
        [
            0.30000001192092896,
            27.956287384033203,
            8.0,
            8.100000381469727,
            8.199999809265137,
            12.935924530029297,
            4.38494348526001,
            1.6690109968185425,
            -8.20046329498291,
            -14.213373184204102,
            -4.884505748748779,
            -4.884505748748779,
            0.000463258707895875,
            -10.817728996276855,
            -3.7811577320098877,
            -1.3188775777816772,
            8.217764854431152,
            15.020362854003906,
            4.914214611053467,
            4.914214611053467,
            4.600810292638979e-13,
            0.8610633611679077,
            1.1644151210784912,
            1.0525662899017334,
            0.29083070158958435,
            0.7692142128944397,
            0.3050430119037628,
            0.3050430119037628,
            1.6914300973833347e-14,
            0.0,
            2.0,
            1.0,
            0.0,
            0.0,
            0.0,
            0.0,
            0.0,
            1.0,
            1.0,
            1.0,
            1.0,
            1.0,
            1.0,
            1.0,
            1.0,
            1.0,
            1.0,
            1.0,
            1.0,
            1.0,
            2.0,
            2.0,
            2.0,
            1.0,
            2.0,
            1.0,
            1.0,
            1.0
        ],
        [
            0.0,
            0.0,
            0.0,
            0.0,
            0.0,
            0.0,
            0.0,
            0.0,
            0.0,
            0.0,
            0.0,
            0.0,
            0.0,
            0.0,
            0.0,
            0.0,
            0.0,
            0.0,
            0.0,
            0.0,
            0.0,
            0.0,
            0.0,
            0.0,
            0.0,
            0.0,
            0.0,
            0.0,
            0.0,
            0.0,
            0.0,
            0.0,
            0.0,
            0.0,
            0.0,
            0.0,
            0.0,
            -1.0,
            -1.0,
            -1.0,
            -1.0,
            -1.0,
            -1.0,
            -1.0,
            -1.0,
            -1.0,
            -1.0,
            -1.0,
            -1.0,
            -1.0,
            -1.0,
            -1.0,
            -1.0,
            -1.0,
            -1.0,
            -1.0,
            -1.0,
            -1.0
        ]
    ],
    "eval_steps": 3
}