{
    "eval_chronic": "/home/trlautenbacher/data_grid2op/rte_case5_example_val/chronics/12",
    "eval_rewards": [
        [
            0.00025253760961458787,
            -0.0002645502645502645,
            -1.0
        ],
        [
            0.8370646441623857,
            -0.31984126984126543,
            -1.0
        ]
    ],
    "eval_actions": [
        6,
        11
    ],
    "eval_states": [
        [
            0.30000001192092896,
            26.875375747680664,
            7.800000190734863,
            8.300000190734863,
            8.100000381469727,
            11.252840042114258,
            2.7187910079956055,
            0.0013073498848825693,
            -4.205928802490234,
            -15.04826545715332,
            -6.147083759307861,
            -6.147083759307861,
            -3.8940718173980713,
            -9.617685317993164,
            -2.219716787338257,
            4.631938821213211e-13,
            4.33740234375,
            15.622536659240723,
            6.164737224578857,
            6.164737224578857,
            3.9928598403930664,
            0.7549805045127869,
            1.0549906492233276,
            1.6409281295955494e-14,
            0.7688273191452026,
            0.6498278975486755,
            0.2368367314338684,
            0.2368367314338684,
            0.7553196549415588,
            0.0,
            1.0,
            0.0,
            0.0,
            0.0,
            0.0,
            0.0,
            0.0,
            2.0,
            2.0,
            1.0,
            2.0,
            2.0,
            2.0,
            1.0,
            1.0,
            1.0,
            1.0,
            1.0,
            1.0,
            1.0,
            1.0,
            1.0,
            1.0,
            1.0,
            1.0,
            1.0,
            1.0,
            1.0
        ],
        [
            0.30000001192092896,
            24.65823745727539,
            8.0,
            8.100000381469727,
            8.199999809265137,
            4.809258460998535,
            -4.632847785949707,
            7.110553741455078,
            0.9091799259185791,
            -19.74918556213379,
            -12.171414375305176,
            -12.171414375305176,
            -9.109179496765137,
            -4.48500394821167,
            4.785004138946533,
            -7.091028690338135,
            -0.9089714288711548,
            19.84897804260254,
            12.191017150878906,
            12.191017150878906,
            9.132275581359863,
            0.32908013463020325,
            0.5656985640525818,
            0.29259148240089417,
            0.06076226383447647,
            0.27293360233306885,
            0.2349482774734497,
            0.2349482774734497,
            0.3299441933631897,
            0.0,
            0.0,
            0.0,
            0.0,
            0.0,
            0.0,
            0.0,
            0.0,
            2.0,
            2.0,
            1.0,
            1.0,
            2.0,
            1.0,
            1.0,
            1.0,
            1.0,
            1.0,
            1.0,
            1.0,
            1.0,
            1.0,
            1.0,
            1.0,
            1.0,
            1.0,
            1.0,
            1.0,
            1.0
        ]
    ],
    "eval_steps": 2016
}