{
    "eval_chronic": "/home/trlautenbacher/data_grid2op/rte_case5_example_val/chronics/12",
    "eval_rewards": [
        [
            0.00022808311647731208,
            -0.0002857142857142857,
            -1.0
        ],
        [
            0.00025643195005795125,
            -0.0007619047619047618,
            -1.0
        ],
        [
            0.0002531100327878228,
            -0.0006666666666666666,
            0.0
        ],
        [
            0.02209022457271122,
            -0.061714285714285735,
            0.0
        ],
        [
            0.00022307996321462584,
            -0.0007619047619047618,
            0.0
        ],
        [
            0.00024532213376064733,
            -0.0006666666666666666,
            0.0
        ],
        [
            0.00022515087120877474,
            -0.0007619047619047618,
            -0.5
        ],
        [
            0.0,
            0.0,
            0.0
        ]
    ],
    "eval_actions": [
        46,
        6,
        22,
        14,
        14,
        22,
        45,
        9
    ],
    "eval_states": [
        [
            0.30000001192092896,
            26.923524856567383,
            7.800000190734863,
            8.300000190734863,
            8.100000381469727,
            11.01897144317627,
            2.3903191089630127,
            0.2034924328327179,
            -3.945746660232544,
            -15.243951797485352,
            -8.300000190734863,
            -4.395274639129639,
            -4.154253959655762,
            -9.446654319763184,
            -1.9733175039291382,
            -0.08278089016675949,
            4.002752304077148,
            15.90455436706543,
            8.311651229858398,
            4.541980743408203,
            4.191782474517822,
            0.7400828003883362,
            0.9609616994857788,
            0.5896703600883484,
            0.49094295501708984,
            0.6965228915214539,
            0.17698507010936737,
            0.6633483171463013,
            0.4821312427520752,
            0.0,
            0.0,
            0.0,
            0.0,
            0.0,
            0.0,
            0.0,
            0.0,
            1.0,
            1.0,
            1.0,
            1.0,
            1.0,
            1.0,
            1.0,
            1.0,
            1.0,
            1.0,
            1.0,
            1.0,
            1.0,
            2.0,
            1.0,
            2.0,
            2.0,
            1.0,
            1.0,
            1.0,
            1.0
        ],
        [
            0.30000001192092896,
            26.9267520904541,
            8.0,
            8.100000381469727,
            8.199999809265137,
            11.192615509033203,
            2.6209557056427,
            0.0013083064695820212,
            -3.882312059402466,
            -15.192004203796387,
            -8.100000381469727,
            -4.393705368041992,
            -4.317687511444092,
            -9.573744773864746,
            -2.109257698059082,
            4.626754708525471e-13,
            3.983002185821533,
            15.734136581420898,
            8.111003875732422,
            4.460045337677002,
            4.392396926879883,
            0.7511478662490845,
            1.0687390565872192,
            1.6536981677149447e-14,
            0.6669789552688599,
            0.6315483450889587,
            0.17190545797348022,
            0.45014896988868713,
            0.6625241041183472,
            0.0,
            1.0,
            0.0,
            0.0,
            0.0,
            0.0,
            0.0,
            0.0,
            2.0,
            2.0,
            1.0,
            2.0,
            2.0,
            2.0,
            1.0,
            1.0,
            1.0,
            1.0,
            1.0,
            1.0,
            1.0,
            2.0,
            1.0,
            2.0,
            2.0,
            1.0,
            1.0,
            1.0,
            1.0
        ],
        [
            0.30000001192092896,
            26.849498748779297,
            7.900000095367432,
            8.100000381469727,
            8.300000190734863,
            12.8485689163208,
            0.9472251534461975,
            -0.9253117442131042,
            -2.9101970195770264,
            -13.830641746520996,
            -8.100000381469727,
            -4.67078161239624,
            -5.389802932739258,
            -10.756749153137207,
            -0.9313567280769348,
            0.9313567280769348,
            3.1567494869232178,
            14.00092887878418,
            8.111130714416504,
            4.772285461425781,
            5.59609317779541,
            0.8556052446365356,
            0.1560976505279541,
            0.2146342694759369,
            1.0697786808013916,
            0.3564322292804718,
            0.17282995581626892,
            0.5538588762283325,
            1.0703530311584473,
            0.0,
            0.0,
            0.0,
            1.0,
            0.0,
            0.0,
            0.0,
            1.0,
            2.0,
            1.0,
            1.0,
            2.0,
            2.0,
            2.0,
            1.0,
            1.0,
            1.0,
            1.0,
            1.0,
            1.0,
            1.0,
            2.0,
            1.0,
            2.0,
            2.0,
            1.0,
            1.0,
            1.0,
            1.0
        ],
        [
            0.30000001192092896,
            26.826087951660156,
            7.800000190734863,
            8.100000381469727,
            8.199999809265137,
            12.317057609558105,
            0.0006479284493252635,
            0.9815214276313782,
            -3.495028018951416,
            -14.184344291687012,
            -8.100000381469727,
            -5.770625591278076,
            -4.704971790313721,
            -10.382678031921387,
            -1.3917595374779435e-12,
            -0.721322238445282,
            3.6040000915527344,
            14.50903034210205,
            8.111126899719238,
            6.072569370269775,
            4.789103984832764,
            0.8222845196723938,
            3.629591066719659e-14,
            0.8978811502456665,
            0.6955311894416809,
            0.49009451270103455,
            0.17279380559921265,
            0.9460927248001099,
            0.7001037001609802,
            0.0,
            0.0,
            0.0,
            0.0,
            0.0,
            0.0,
            0.0,
            0.0,
            2.0,
            1.0,
            2.0,
            2.0,
            2.0,
            2.0,
            1.0,
            1.0,
            1.0,
            1.0,
            1.0,
            1.0,
            1.0,
            2.0,
            1.0,
            2.0,
            2.0,
            1.0,
            1.0,
            1.0,
            1.0
        ],
        [
            0.5,
            27.60066032409668,
            8.199999809265137,
            8.300000190734863,
            8.399999618530273,
            12.695594787597656,
            0.0006478868308477104,
            1.0194149017333984,
            -3.573737382888794,
            -14.566685676574707,
            -8.300000190734863,
            -5.934515476226807,
            -4.8262619972229,
            -10.649624824523926,
            -9.27961592116222e-13,
            -0.7415149807929993,
            3.6911401748657227,
            14.905065536499023,
            8.312042236328125,
            6.253995895385742,
            4.915100574493408,
            0.8460350036621094,
            2.428397550592338e-14,
            0.9302126169204712,
            0.7237271666526794,
            0.5001888871192932,
            0.1797289252281189,
            0.9728101491928101,
            0.7181227803230286,
            0.0,
            0.0,
            0.0,
            0.0,
            0.0,
            0.0,
            0.0,
            0.0,
            2.0,
            1.0,
            2.0,
            2.0,
            2.0,
