{
    "eval_chronic": "/home/trlautenbacher/data_grid2op/rte_case5_example_val/chronics/12",
    "eval_rewards": [
        [
            0.00025253760961458787,
            -0.0004761904761904762,
            -1.0
        ],
        [
            0.0,
            0.0,
            0.0
        ]
    ],
    "eval_actions": [
        6,
        40
    ],
    "eval_states": [
        [
            0.30000001192092896,
            26.875375747680664,
            7.800000190734863,
            8.300000190734863,
            8.100000381469727,
            11.252840042114258,
            2.7187910079956055,
            0.0013073498848825693,
            -4.205928802490234,
            -15.04826545715332,
            -6.147083759307861,
            -6.147083759307861,
            -3.8940718173980713,
            -9.617685317993164,
            -2.219716787338257,
            4.631938821213211e-13,
            4.33740234375,
            15.622536659240723,
            6.164737224578857,
            6.164737224578857,
            3.9928598403930664,
            0.7549805045127869,
            1.0549906492233276,
            1.6409281295955494e-14,
            0.7688273191452026,
            0.6498278975486755,
            0.2368367314338684,
            0.2368367314338684,
            0.7553196549415588,
            0.0,
            1.0,
            0.0,
            0.0,
            0.0,
            0.0,
            0.0,
            0.0,
            2.0,
            2.0,
            1.0,
            2.0,
            2.0,
            2.0,
            1.0,
            1.0,
            1.0,
            1.0,
            1.0,
            1.0,
            1.0,
            1.0,
            1.0,
            1.0,
            1.0,
            1.0,
            1.0,
            1.0,
            1.0
        ],
        [
            0.0,
            0.0,
            0.0,
            0.0,
            0.0,
            0.0,
            0.0,
            0.0,
            0.0,
            0.0,
            0.0,
            0.0,
            0.0,
            0.0,
            0.0,
            0.0,
            0.0,
            0.0,
            0.0,
            0.0,
            0.0,
            0.0,
            0.0,
            0.0,
            0.0,
            0.0,
            0.0,
            0.0,
            0.0,
            0.0,
            0.0,
            0.0,
            0.0,
            0.0,
            0.0,
            0.0,
            0.0,
            -1.0,
            -1.0,
            -1.0,
            -1.0,
            -1.0,
            -1.0,
            -1.0,
            -1.0,
            -1.0,
            -1.0,
            -1.0,
            -1.0,
            -1.0,
            -1.0,
            -1.0,
            -1.0,
            -1.0,
            -1.0,
            -1.0,
            -1.0,
            -1.0
        ]
    ],
    "eval_steps": 2
}