{
    "eval_chronic": "/home/trlautenbacher/data_grid2op/rte_case5_example_val/chronics/19",
    "eval_rewards": [
        [
            0.0002268793247194526,
            -0.0003809523809523809,
            -1.0
        ],
        [
            0.022014633337480483,
            -0.022571428571428537,
            0.0
        ],
        [
            0.0002503994277051333,
            -0.0006666666666666666,
            -1.0
        ],
        [
            0.000175392513510359,
            -0.0006666666666666666,
            -0.3333333333333333
        ],
        [
            0.0,
            0.0,
            0.0
        ]
    ],
    "eval_actions": [
        41,
        42,
        22,
        49,
        37
    ],
    "eval_states": [
        [
            2.0,
            25.801000595092773,
            8.600000381469727,
            8.199999809265137,
            7.800000190734863,
            11.375762939453125,
            3.3504576683044434,
            -1.096423625946045,
            -4.7206830978393555,
            -13.709735870361328,
            -10.226067543029785,
            -9.271490910081615e-13,
            -3.0793168544769287,
            -9.707155227661133,
            -2.918076515197754,
            1.2387354373931885,
            4.786495685577393,
            14.425237655639648,
            10.359219551086426,
            5.808201967738569e-05,
            3.1224918365478516,
            0.7627951502799988,
            0.9793006777763367,
            0.6462855935096741,
            0.5314240455627441,
            0.7246679067611694,
            0.6320348978042603,
            0.0258871391415596,
            0.5151363015174866,
            0.0,
            0.0,
            0.0,
            0.0,
            0.0,
            0.0,
            0.0,
            0.0,
            1.0,
            1.0,
            1.0,
            1.0,
            1.0,
            1.0,
            1.0,
            1.0,
            1.0,
            1.0,
            1.0,
            1.0,
            1.0,
            2.0,
            2.0,
            1.0,
            2.0,
            2.0,
            1.0,
            1.0,
            1.0
        ],
        [
            1.899999976158142,
            25.339658737182617,
            8.600000381469727,
            8.199999809265137,
            7.800000190734863,
            10.242335319519043,
            2.101553440093994,
            0.10416430979967117,
            -3.8607423305511475,
            -14.518933296203613,
            -4.0764336585998535,
            -8.199999809265137,
            -3.939257860183716,
            -8.87096118927002,
            -1.7386456727981567,
            -5.6893615692388266e-05,
            3.909662961959839,
            15.097323417663574,
            4.205933570861816,
            8.211445808410645,
            3.9722695350646973,
            0.6903266310691833,
            0.8938180804252625,
            0.5427225232124329,
            0.45159125328063965,
            0.6521442532539368,
            0.6240140795707703,
            0.17530490458011627,
            0.4550015330314636,
            0.0,
            0.0,
            0.0,
            0.0,
            0.0,
            0.0,
            0.0,
            0.0,
            1.0,
            1.0,
            1.0,
            1.0,
            1.0,
            1.0,
            1.0,
            1.0,
            1.0,
            1.0,
            1.0,
            1.0,
            1.0,
            2.0,
            2.0,
            1.0,
            2.0,
            1.0,
            1.0,
            1.0,
            1.0
        ],
        [
            0.6000000238418579,
            26.705102920532227,
            8.699999809265137,
            7.900000095367432,
            7.800000190734863,
            12.991593360900879,
            0.9325080513954163,
            -0.9100578427314758,
            -2.5093259811401367,
            -13.540971755981445,
            -4.593388557434082,
            -7.900000095367432,
            -5.290674209594727,
            -10.856515884399414,
            -0.9163179993629456,
            0.9163179993629456,
            2.756516456604004,
            13.713510513305664,
            4.69760799407959,
            7.910855770111084,
            5.503446578979492,
            0.8645389080047607,
            0.15804320573806763,
            0.2173094004392624,
            1.0711640119552612,
            0.3587668240070343,
            0.5610588788986206,
            0.170375794172287,
            1.0863548517227173,
            0.0,
            0.0,
            0.0,
            1.0,
            0.0,
            0.0,
            0.0,
            1.0,
            2.0,
            1.0,
            1.0,
            2.0,
            2.0,
            2.0,
            1.0,
            1.0,
            1.0,
            1.0,
            1.0,
            1.0,
            1.0,
            2.0,
            2.0,
            1.0,
            2.0,
            1.0,
            1.0,
            1.0,
            1.0
        ],
        [
            0.6000000238418579,
            29.844623565673828,
            8.5,
            8.0,
            7.800000190734863,
            20.925086975097656,
            8.771581649780273,
            -8.2805814743042,
            -7.706368446350098,
            -8.771697998046875,
            0.0,
            0.0,
            -0.09363193064928055,
            -15.847712516784668,
            -8.526037216186523,
            8.526037216186523,
            7.947712421417236,
            8.919535636901855,
            5.808022615383379e-05,
            5.808022615383379e-05,
            0.28058165311813354,
            1.3401682376861572,
            0.7299880385398865,
            1.003733515739441,
            1.059319257736206,
            0.33277255296707153,
            0.025886740535497665,
            0.025886740535497665,
            1.021989107131958,
            1.0,
            0.0,
            1.0,
            2.0,
            0.0,
            0.0,
            0.0,
            2.0,
            2.0,
            1.0,
            1.0,
            2.0,
            2.0,
            2.0,
            1.0,
            1.0,
            1.0,
            1.0,
            1.0,
            1.0,
            1.0,
            2.0,
            1.0,
            1.0,
            2.0,
            2.0,
            1.0,
            1.0,
            1.0
        ],
        [
            0.0,
            0.0,
            0.0,
            0.0,
            0.0,
            0.0,
            0.0,
            0.0,
            0.0,
            0.0,
            0.0,
            0.0,
            0.0,
            0.0,
            0.0,
            0.0,
            0.0,
            0.0,
            0.0,
            0.0,
            0.0,
            0.0,
            0.0,
            0.0,
            0.0,
            0.0,
            0.0,
            0.0,
            0.0,
            0.0,
            0.0,
            0.0,
            0.0,
            0.0,
            0.0,
            0.0,
            0.0,
            -1.0,
            -1.0,
            -1.0,
            -1.0,
            -1.0,
            -1.0,
            -1.0,
            -1.0,
            -1.0,
            -1.0,
            -1.0,
            -1.0,
            -1.0,
            -1.0,
            -1.0,
            -1.0,
            -1.0,
            -1.0,
            -1.0,
            -1.0,
            -1.0
        ]
    ],
    "eval_steps": 83
}