{"step_1/reward_0": 0.00248015873015873, "step_1/reward_1": 0.0, "step_1/reward_2": -1.0, "_timestamp": 1720777131.7891436, "_runtime": 10.552101612091064, "_step": 32, "losses_1/value_loss": 51958.3125, "charts_1/learning_rate": 0.0003, "losses_1/policy_loss": -0.00920562632381916, "losses_1/entropy": 3.969583511352539, "losses_1/old_approx_kl": 0.0014492273330688477, "losses_1/approx_kl": 0.00023337453603744507, "losses_1/clipfrac": 0.0, "losses_1/explained_variance": 0.0010049939155578613, "global_step": 32, "_wandb": {"runtime": 9}}