{"train/reward_0": 1.0, "train/reward_1": 0.9559697725088852, "train/reward_2": 0.0, "train/grid2opsteps": 2016, "_timestamp": 1721654943.4700203, "_runtime": 15.098555326461792, "_step": 8, "_wandb": {"runtime": 34}}