{"train/reward_0": 0.0, "train/reward_1": 1005.8382985442877, "train/reward_2": -130.49999999999687, "train/grid2opsteps": 1305, "_timestamp": 1721215962.8295448, "_runtime": 11.705299854278564, "_step": 8, "_wandb": {"runtime": 10}}