{"Action dimension": 99, "_timestamp": 1720509528.1776295, "_runtime": 1.8749513626098633, "_step": 1, "Observation dimension": [58], "_wandb": {"runtime": 9}}