{
    "eval_chronic": "C:\\Users\\thoma\\data_grid2op\\rte_case5_example_val\\chronics\\19",
    "eval_rewards": [
        [
            0.00024969439435321855,
            -0.00015873015873015873,
            -4.0
        ],
        [
            0.0001295036127252391,
            -0.0002645502645502645,
            -5.0
        ],
        [
            0.0,
            0.0,
            0.0
        ]
    ],
    "eval_actions": [
        49,
        36,
        0
    ],
    "eval_states": [
        [
            2.0,
            28.75756072998047,
            8.600000381469727,
            8.199999809265137,
            7.800000190734863,
            17.74978256225586,
            10.220011711120605,
            -7.090912818908691,
            -8.909404754638672,
            -10.220128059387207,
            1.8552097792029487e-12,
            1.8552097792029487e-12,
            1.1094046831130981,
            -13.97179889678955,
            -8.669865608215332,
            7.110354423522949,
            8.931309700012207,
            11.007777214050293,
            5.8139688917435706e-05,
            5.8139688917435706e-05,
            -1.1090868711471558,
            1.1542670726776123,
            1.8895765542984009,
            0.2518334984779358,
            0.32113906741142273,
            0.7600681781768799,
            0.025899989530444145,
            0.025899989530444145,
            0.06881707906723022,
            1.0,
            1.0,
            0.0,
            0.0,
            0.0,
            0.0,
            0.0,
            0.0,
            1.0,
            1.0,
            1.0,
            1.0,
            1.0,
            1.0,
            1.0,
            1.0,
            1.0,
            1.0,
            1.0,
            1.0,
            1.0,
            2.0,
            1.0,
            1.0,
            2.0,
            2.0,
            1.0,
            1.0,
            1.0
        ],
        [
            1.899999976158142,
            30.390384674072266,
            8.600000381469727,
            8.199999809265137,
            7.800000190734863,
            21.959333419799805,
            7.153963565826416,
            -7.090916633605957,
            -8.90939998626709,
            -7.985561370849609,
            -7.560013771057129,
            7.560013771057129,
            1.1093995571136475,
            -16.426572799682617,
            -6.314788818359375,
            7.110219955444336,
            8.931140899658203,
            8.431052207946777,
            7.985561370849609,
            -7.153963565826416,
            -1.1090829372406006,
            1.3995407819747925,
            1.3799254894256592,
            0.2516982853412628,
            0.32044750452041626,
            0.5732054114341736,
            1.120753526687622,
            1.0693979263305664,
            0.06846548616886139,
            2.0,
            2.0,
            0.0,
            0.0,
            0.0,
            1.0,
            1.0,
            0.0,
            1.0,
            1.0,
            1.0,
            1.0,
            1.0,
            1.0,
            1.0,
            1.0,
            1.0,
            2.0,
            1.0,
            1.0,
            2.0,
            2.0,
            1.0,
            1.0,
            2.0,
            2.0,
            1.0,
            1.0,
            1.0
        ],
        [
            0.0,
            0.0,
            0.0,
            0.0,
            0.0,
            0.0,
            0.0,
            0.0,
            0.0,
            0.0,
            0.0,
            0.0,
            0.0,
            0.0,
            0.0,
            0.0,
            0.0,
            0.0,
            0.0,
            0.0,
            0.0,
            0.0,
            0.0,
            0.0,
            0.0,
            0.0,
            0.0,
            0.0,
            0.0,
            0.0,
            0.0,
            0.0,
            0.0,
            0.0,
            0.0,
            0.0,
            0.0,
            -1.0,
            -1.0,
            -1.0,
            -1.0,
            -1.0,
            -1.0,
            -1.0,
            -1.0,
            -1.0,
            -1.0,
            -1.0,
            -1.0,
            -1.0,
            -1.0,
            -1.0,
            -1.0,
            -1.0,
            -1.0,
            -1.0,
            -1.0,
            -1.0
        ]
    ],
    "eval_steps": 3
}