{
    "eval_chronic": "C:\\Users\\thoma\\data_grid2op\\rte_case5_example_val\\chronics\\19",
    "eval_rewards": [
        [
            0.00013581277738364443,
            -0.00010582010582010581,
            -4.0
        ],
        [
            0.00018541207765421014,
            -0.00021164021164021162,
            0.0
        ],
        [
            0.0,
            0.0,
            0.0
        ]
    ],
    "eval_actions": [
        25,
        4,
        49
    ],
    "eval_states": [
        [
            2.0,
            25.911823272705078,
            8.600000381469727,
            8.199999809265137,
            7.800000190734863,
            6.815964698791504,
            5.9650702476501465,
            2.5141613483428955,
            -6.645111083984375,
            -17.97201919555664,
            -5.977941036224365,
            -5.977941036224365,
            -1.1548892259597778,
            -6.718832969665527,
            -4.8258585929870605,
            -1.7741416692733765,
            6.718832969665527,
            19.09585952758789,
            6.003474712371826,
            6.003474712371826,
            1.2417205572128296,
            0.1750270277261734,
            1.6141194105148315,
            1.561311960220337,
            0.6563513875007629,
            0.9065840840339661,
            0.2831985354423523,
            0.2831985354423523,
            0.6151441931724548,
            0.0,
            1.0,
            1.0,
            0.0,
            0.0,
            0.0,
            0.0,
            0.0,
            2.0,
            1.0,
            1.0,
            2.0,
            1.0,
            1.0,
            1.0,
            1.0,
            1.0,
            1.0,
            1.0,
            1.0,
            1.0,
            1.0,
            1.0,
            1.0,
            1.0,
            1.0,
            1.0,
            1.0,
            1.0
        ],
        [
            1.899999976158142,
            24.31987762451172,
            8.600000381469727,
            8.199999809265137,
            7.800000190734863,
            8.98932933807373,
            1.2040880918502808,
            -1.4889158010482788,
            -1.258467674255371,
            -15.139896392822266,
            -6.919461727142334,
            -6.919461727142334,
            -6.541532516479492,
            -8.926639556884766,
            -1.1983193159103394,
            1.5249587297439575,
            1.899999976158142,
            15.330549240112305,
            6.967904090881348,
            6.967904090881348,
            7.1278395652771,
            0.1398327648639679,
            0.1560225784778595,
            0.4275185167789459,
            1.7550325393676758,
            0.37676018476486206,
            0.3859398365020752,
            0.3859398365020752,
            1.7721519470214844,
            0.0,
            0.0,
            0.0,
            1.0,
            0.0,
            0.0,
            0.0,
            1.0,
            2.0,
            2.0,
            2.0,
            1.0,
            1.0,
            2.0,
            1.0,
            1.0,
            1.0,
            1.0,
            1.0,
            1.0,
            1.0,
            1.0,
            1.0,
            1.0,
            1.0,
            1.0,
            1.0,
            1.0,
            1.0
        ],
        [
            0.0,
            0.0,
            0.0,
            0.0,
            0.0,
            0.0,
            0.0,
            0.0,
            0.0,
            0.0,
            0.0,
            0.0,
            0.0,
            0.0,
            0.0,
            0.0,
            0.0,
            0.0,
            0.0,
            0.0,
            0.0,
            0.0,
            0.0,
            0.0,
            0.0,
            0.0,
            0.0,
            0.0,
            0.0,
            0.0,
            0.0,
            0.0,
            0.0,
            0.0,
            0.0,
            0.0,
            0.0,
            -1.0,
            -1.0,
            -1.0,
            -1.0,
            -1.0,
            -1.0,
            -1.0,
            -1.0,
            -1.0,
            -1.0,
            -1.0,
            -1.0,
            -1.0,
            -1.0,
            -1.0,
            -1.0,
            -1.0,
            -1.0,
            -1.0,
            -1.0,
            -1.0
        ]
    ],
    "eval_steps": 3
}