{
    "eval_chronic": "C:\\Users\\thoma\\data_grid2op\\rte_case5_example_val\\chronics\\12",
    "eval_rewards": [
        [
            0.020413685006514727,
            0.0,
            -1.0
        ],
        [
            1.7853184957831125e-05,
            -0.00015873015873015873,
            -1.0
        ],
        [
            0.0,
            0.0,
            0.0
        ]
    ],
    "eval_actions": [
        30,
        12,
        5
    ],
    "eval_states": [
        [
            0.30000001192092896,
            27.17757797241211,
            7.800000190734863,
            8.300000190734863,
            8.100000381469727,
            11.366332054138184,
            2.72005295753479,
            -0.08114790171384811,
            -4.169963359832764,
            -15.022329330444336,
            -6.103853225708008,
            -6.103853225708008,
            -3.930037260055542,
            -9.700301170349121,
            -2.324437141418457,
            0.27054455876350403,
            4.254193305969238,
            15.811246871948242,
            6.1511383056640625,
            6.1511383056640625,
            3.988853931427002,
            0.7621960043907166,
            0.9349967837333679,
            0.7559517025947571,
            0.606358528137207,
            0.7606089115142822,
            0.3816232681274414,
            0.3816232681274414,
            0.5930918455123901,
            0.0,
            0.0,
            0.0,
            0.0,
            0.0,
            0.0,
            0.0,
            0.0,
            1.0,
            1.0,
            1.0,
            1.0,
            1.0,
            1.0,
            1.0,
            1.0,
            1.0,
            1.0,
            1.0,
            1.0,
            1.0,
            1.0,
            1.0,
            1.0,
            1.0,
            1.0,
            1.0,
            1.0,
            1.0
        ],
        [
            0.5,
            27.585569381713867,
            8.199999809265137,
            8.300000190734863,
            8.399999618530273,
            8.771127700805664,
            -0.3909083604812622,
            3.212277889251709,
            -2.2873332500457764,
            -18.09246826171875,
            -8.983839988708496,
            -8.983839988708496,
            -6.112666130065918,
            -8.68848991394043,
            0.48849016427993774,
            -2.182124614715576,
            2.682124614715576,
            18.814441680908203,
            9.24168872833252,
            9.24168872833252,
            6.455402851104736,
            0.16135993599891663,
            0.5233194828033447,
            1.854456901550293,
            1.3663831949234009,
            0.727827250957489,
            0.8750898241996765,
            0.8750898241996765,
            1.3660446405410767,
            0.0,
            0.0,
            1.0,
            1.0,
            0.0,
            0.0,
            0.0,
            1.0,
            2.0,
            2.0,
            1.0,
            1.0,
            1.0,
            2.0,
            1.0,
            1.0,
            1.0,
            1.0,
            1.0,
            1.0,
            1.0,
            1.0,
            1.0,
            1.0,
            1.0,
            1.0,
            1.0,
            1.0,
            1.0
        ],
        [
            0.0,
            0.0,
            0.0,
            0.0,
            0.0,
            0.0,
            0.0,
            0.0,
            0.0,
            0.0,
            0.0,
            0.0,
            0.0,
            0.0,
            0.0,
            0.0,
            0.0,
            0.0,
            0.0,
            0.0,
            0.0,
            0.0,
            0.0,
            0.0,
            0.0,
            0.0,
            0.0,
            0.0,
            0.0,
            0.0,
            0.0,
            0.0,
            0.0,
            0.0,
            0.0,
            0.0,
            0.0,
            -1.0,
            -1.0,
            -1.0,
            -1.0,
            -1.0,
            -1.0,
            -1.0,
            -1.0,
            -1.0,
            -1.0,
            -1.0,
            -1.0,
            -1.0,
            -1.0,
            -1.0,
            -1.0,
            -1.0,
            -1.0,
            -1.0,
            -1.0,
            -1.0
        ]
    ],
    "eval_steps": 86
}