{
    "eval_chronic": "C:\\Users\\thoma\\data_grid2op\\rte_case5_example_val\\chronics\\12",
    "eval_rewards": [
        [
            0.029177140059487374,
            -0.02354497354497357,
            -1.0
        ],
        [
            0.006619497020107259,
            -0.00529100529100529,
            0.0
        ],
        [
            0.00019930075877242173,
            -0.00037037037037037035,
            -1.0
        ],
        [
            0.0,
            0.0,
            0.0
        ]
    ],
    "eval_actions": [
        2,
        7,
        40,
        22
    ],
    "eval_states": [
        [
            0.30000001192092896,
            26.32218360900879,
            7.800000190734863,
            8.300000190734863,
            8.100000381469727,
            9.874114990234375,
            1.1896162033081055,
            -1.7056965827941895,
            0.0004616523801814765,
            -15.944766998291016,
            -7.355907917022705,
            -7.355907917022705,
            -8.100461959838867,
            -8.593796730041504,
            -0.8269320726394653,
            1.9207289218902588,
            -9.252493519615324e-13,
            16.448068618774414,
            7.377575397491455,
            7.377575397491455,
            8.117512702941895,
            0.666581392288208,
            0.8934939503669739,
            0.8102020025253296,
            3.3073963354298894e-14,
            0.6087077260017395,
            0.2608397603034973,
            0.2608397603034973,
            0.2879382073879242,
            0.0,
            0.0,
            0.0,
            0.0,
            0.0,
            0.0,
            0.0,
            0.0,
            2.0,
            2.0,
            2.0,
            1.0,
            2.0,
            2.0,
            1.0,
            1.0,
            1.0,
            1.0,
            1.0,
            1.0,
            1.0,
            1.0,
            1.0,
            1.0,
            1.0,
            1.0,
            1.0,
            1.0,
            1.0
        ],
        [
            0.5,
            27.248632431030273,
            8.5,
            8.5,
            8.800000190734863,
            8.783137321472168,
            -0.6259834170341492,
            8.53135871887207,
            -7.181142807006836,
            -18.121774673461914,
            -9.359331130981445,
            -9.359331130981445,
            -1.6188573837280273,
            -7.75626802444458,
            0.9650916457176208,
            -8.5,
            7.2911763191223145,
            18.465496063232422,
            9.373879432678223,
            9.373879432678223,
            1.687302589416504,
            0.5956281423568726,
            0.8626665472984314,
            0.3701849579811096,
            0.7015613317489624,
            0.5039321780204773,
            0.21164867281913757,
            0.21164867281913757,
            0.6373152732849121,
            0.0,
            0.0,
            0.0,
            0.0,
            0.0,
            0.0,
            0.0,
            0.0,
            2.0,
            2.0,
            1.0,
            2.0,
            2.0,
            1.0,
            1.0,
            1.0,
            1.0,
            1.0,
            1.0,
            1.0,
            1.0,
            1.0,
            1.0,
            1.0,
            1.0,
            1.0,
            1.0,
            1.0,
            1.0
        ],
        [
            0.5,
            32.61016845703125,
            9.0,
            9.300000190734863,
            9.399999618530273,
            16.27970314025879,
            6.624948501586914,
            9.035892486572266,
            -18.728050231933594,
            -15.665994644165039,
            -4.517946243286133,
            -4.517946243286133,
            9.32805061340332,
            -13.050071716308594,
            -5.28530216217041,
            -9.0,
            18.83537483215332,
            16.33046531677246,
            4.5205230712890625,
            4.5205230712890625,
            -9.300000190734863,
            1.0662484169006348,
            1.7536885738372803,
            0.3946261405944824,
            0.7181867957115173,
            0.6985327005386353,
            0.08536683768033981,
            0.08536683768033981,
            0.4023635983467102,
            1.0,
            1.0,
            0.0,
            0.0,
            0.0,
            0.0,
            0.0,
            0.0,
            2.0,
            2.0,
            1.0,
            2.0,
            2.0,
            1.0,
            1.0,
            1.0,
            1.0,
            1.0,
            1.0,
            1.0,
            1.0,
            2.0,
            2.0,
            2.0,
            1.0,
            1.0,
            1.0,
            1.0,
            1.0
        ],
        [
            0.0,
            0.0,
            0.0,
            0.0,
            0.0,
            0.0,
            0.0,
            0.0,
            0.0,
            0.0,
            0.0,
            0.0,
            0.0,
            0.0,
            0.0,
            0.0,
            0.0,
            0.0,
            0.0,
            0.0,
            0.0,
            0.0,
            0.0,
            0.0,
            0.0,
            0.0,
            0.0,
            0.0,
            0.0,
            0.0,
            0.0,
            0.0,
            0.0,
            0.0,
            0.0,
            0.0,
            0.0,
            -1.0,
            -1.0,
            -1.0,
            -1.0,
            -1.0,
            -1.0,
            -1.0,
            -1.0,
            -1.0,
            -1.0,
            -1.0,
            -1.0,
            -1.0,
            -1.0,
            -1.0,
            -1.0,
            -1.0,
            -1.0,
            -1.0,
            -1.0,
            -1.0
        ]
    ],
    "eval_steps": 116
}