{
    "eval_chronic": "C:\\Users\\thoma\\data_grid2op\\rte_case5_example_val\\chronics\\12",
    "eval_rewards": [
        [
            0.00023554368830363957,
            -0.00021164021164021162,
            -4.0
        ],
        [
            0.0001990449887174648,
            -0.00021164021164021162,
            0.0
        ],
        [
            0.0001288872063100404,
            -0.00021164021164021162,
            -6.0
        ],
        [
            0.0,
            0.0,
            0.0
        ]
    ],
    "eval_actions": [
        39,
        45,
        30,
        2
    ],
    "eval_states": [
        [
            0.30000001192092896,
            27.77172088623047,
            7.800000190734863,
            8.300000190734863,
            8.100000381469727,
            12.784676551818848,
            4.274580478668213,
            1.5662440061569214,
            -8.1004638671875,
            -14.198620796203613,
            -4.933122158050537,
            -4.933122158050537,
            0.00046327876043505967,
            -10.71205997467041,
            -3.6829471588134766,
            -1.2224353551864624,
            8.11744213104248,
            14.987045288085938,
            4.962019920349121,
            4.962019920349121,
            4.627857342134889e-13,
            0.851610004901886,
            1.1522358655929565,
            1.042386531829834,
            0.2874038815498352,
            0.7603863477706909,
            0.30098623037338257,
            0.30098623037338257,
            1.6409281295955494e-14,
            0.0,
            1.0,
            1.0,
            0.0,
            0.0,
            0.0,
            0.0,
            0.0,
            1.0,
            1.0,
            1.0,
            1.0,
            1.0,
            1.0,
            1.0,
            1.0,
            1.0,
            1.0,
            1.0,
            1.0,
            1.0,
            2.0,
            2.0,
            2.0,
            1.0,
            2.0,
            1.0,
            1.0,
            1.0
        ],
        [
            0.30000001192092896,
            27.7408504486084,
            8.0,
            8.100000381469727,
            8.199999809265137,
            12.376151084899902,
            3.7620182037353516,
            -0.9294651746749878,
            -4.810279846191406,
            -14.529614448547363,
            2.7837823192433664e-12,
            -10.610488891601562,
            -3.3897199630737305,
            -10.424527168273926,
            -3.255666732788086,
            1.0943101644515991,
            4.885883331298828,
            15.36469841003418,
            5.808062996948138e-05,
            10.767538070678711,
            3.439953327178955,
            0.8259986639022827,
            1.063003659248352,
            0.7007447481155396,
            0.5726726055145264,
            0.7823782563209534,
            0.025886831805109978,
            0.685410737991333,
            0.5518718957901001,
            0.0,
            2.0,
            0.0,
            0.0,
            0.0,
            0.0,
            0.0,
            0.0,
            1.0,
            1.0,
            1.0,
            1.0,
            1.0,
            1.0,
            1.0,
            1.0,
            1.0,
            1.0,
            1.0,
            1.0,
            1.0,
            2.0,
            1.0,
            2.0,
            2.0,
            2.0,
            1.0,
            1.0,
            1.0
        ],
        [
            0.30000001192092896,
            28.116601943969727,
            7.900000095367432,
            8.100000381469727,
            8.300000190734863,
            14.58859920501709,
            0.0,
            0.2864153981208801,
            -4.0800628662109375,
            -13.111079216003418,
            1.8573393691101447e-12,
            -12.731513023376465,
            -4.219937324523926,
            -11.945425033569336,
            0.0,
            0.10464178770780563,
            4.240783214569092,
            13.528002738952637,
            5.8058882132172585e-05,
            13.111021995544434,
            4.345097541809082,
            0.963370144367218,
            0.0,
            1.1162104606628418,
            0.8548782467842102,
            0.5546187162399292,
            0.02588198333978653,
            1.0588537454605103,
            0.8442573547363281,
            0.0,
            0.0,
            1.0,
            0.0,
            0.0,
            0.0,
            1.0,
            0.0,
            1.0,
            -1.0,
            1.0,
            1.0,
            1.0,
            1.0,
            1.0,
            1.0,
            1.0,
            -1.0,
            1.0,
            1.0,
            1.0,
            2.0,
            1.0,
            2.0,
            2.0,
            2.0,
            1.0,
            1.0,
            1.0
        ],
        [
            0.0,
            0.0,
            0.0,
            0.0,
            0.0,
            0.0,
            0.0,
            0.0,
            0.0,
            0.0,
            0.0,
            0.0,
            0.0,
            0.0,
            0.0,
            0.0,
            0.0,
            0.0,
            0.0,
            0.0,
            0.0,
            0.0,
            0.0,
            0.0,
            0.0,
            0.0,
            0.0,
            0.0,
            0.0,
            0.0,
            0.0,
            0.0,
            0.0,
            0.0,
            0.0,
            0.0,
            0.0,
            -1.0,
            -1.0,
            -1.0,
            -1.0,
            -1.0,
            -1.0,
            -1.0,
            -1.0,
            -1.0,
            -1.0,
            -1.0,
            -1.0,
            -1.0,
            -1.0,
            -1.0,
            -1.0,
            -1.0,
            -1.0,
            -1.0,
            -1.0,
            -1.0
        ]
    ],
    "eval_steps": 5
}