{
    "eval_chronic": "C:\\Users\\thoma\\data_grid2op\\rte_case5_example_val\\chronics\\19",
    "eval_rewards": [
        [
            0.0002193828553415522,
            -0.0002645502645502645,
            -4.0
        ],
        [
            0.00021578466969866524,
            -0.0004761904761904762,
            -5.0
        ],
        [
            0.0,
            0.0,
            0.0
        ]
    ],
    "eval_actions": [
        14,
        45,
        49
    ],
    "eval_states": [
        [
            2.0,
            25.503881454467773,
            8.600000381469727,
            8.199999809265137,
            7.800000190734863,
            11.714866638183594,
            0.0006481730379164219,
            0.6617861390113831,
            -3.54569935798645,
            -13.390277862548828,
            -6.611783981323242,
            -6.611783981323242,
            -4.254301071166992,
            -9.952459335327148,
            1.3908866463088754e-12,
            -0.3291566073894501,
            3.6816158294677734,
            13.789015769958496,
            6.694814682006836,
            6.694814682006836,
            4.361782550811768,
            0.7842977643013,
            3.583312913426652e-14,
            1.0241247415542603,
            0.7822268605232239,
            0.5425119996070862,
            0.5019010901451111,
            0.5019010901451111,
            0.7857221961021423,
            0.0,
            0.0,
            1.0,
            0.0,
            0.0,
            0.0,
            0.0,
            0.0,
            2.0,
            1.0,
            2.0,
            2.0,
            2.0,
            2.0,
            1.0,
            1.0,
            1.0,
            1.0,
            1.0,
            1.0,
            1.0,
            1.0,
            1.0,
            1.0,
            1.0,
            1.0,
            1.0,
            1.0,
            1.0
        ],
        [
            1.899999976158142,
            26.2238826751709,
            8.600000381469727,
            8.199999809265137,
            7.800000190734863,
            13.397663116455078,
            0.0006483150646090508,
            0.01711598038673401,
            -3.9978270530700684,
            -12.438111305236816,
            -9.28663396182472e-13,
            -12.12354564666748,
            -3.802173137664795,
            -11.13773250579834,
            -4.643900823782243e-13,
            0.3069067597389221,
            4.130825042724609,
            12.82621955871582,
            5.806515400763601e-05,
            12.437405586242676,
            3.9064297676086426,
            0.8898279070854187,
            1.230130956814254e-14,
            1.009894609451294,
            0.7734500765800476,
            0.5353374481201172,
            0.025883382186293602,
            0.9640350341796875,
            0.7747295498847961,
            0.0,
            0.0,
            2.0,
            0.0,
            0.0,
            0.0,
            0.0,
            0.0,
            2.0,
            1.0,
            2.0,
            2.0,
            2.0,
            2.0,
            1.0,
            1.0,
            1.0,
            1.0,
            1.0,
            1.0,
            1.0,
            2.0,
            1.0,
            2.0,
            2.0,
            2.0,
            1.0,
            1.0,
            1.0
        ],
        [
            0.0,
            0.0,
            0.0,
            0.0,
            0.0,
            0.0,
            0.0,
            0.0,
            0.0,
            0.0,
            0.0,
            0.0,
            0.0,
            0.0,
            0.0,
            0.0,
            0.0,
            0.0,
            0.0,
            0.0,
            0.0,
            0.0,
            0.0,
            0.0,
            0.0,
            0.0,
            0.0,
            0.0,
            0.0,
            0.0,
            0.0,
            0.0,
            0.0,
            0.0,
            0.0,
            0.0,
            0.0,
            -1.0,
            -1.0,
            -1.0,
            -1.0,
            -1.0,
            -1.0,
            -1.0,
            -1.0,
            -1.0,
            -1.0,
            -1.0,
            -1.0,
            -1.0,
            -1.0,
            -1.0,
            -1.0,
            -1.0,
            -1.0,
            -1.0,
            -1.0,
            -1.0
        ]
    ],
    "eval_steps": 3
}