{
    "eval_chronic": "C:\\Users\\thoma\\data_grid2op\\rte_case5_example_val\\chronics\\19",
    "eval_rewards": [
        [
            0.0003329759321428017,
            -0.00010582010582010581,
            -4.0
        ],
        [
            0.020849747454796147,
            -0.008783068783068775,
            0.0
        ],
        [
            0.0037766227174900802,
            -0.003492063492063492,
            -88.0
        ],
        [
            0.8044216692057957,
            -0.5082010582010438,
            0.0
        ]
    ],
    "eval_actions": [
        50,
        44,
        18,
        24
    ],
    "eval_states": [
        [
            2.0,
            25.816991806030273,
            8.600000381469727,
            8.199999809265137,
            7.800000190734863,
            12.450510025024414,
            4.7775959968566895,
            -2.287543296813965,
            -5.514922618865967,
            -12.982970237731934,
            -4.099999904632568,
            -4.099999904632568,
            -2.2850775718688965,
            -10.477094650268555,
            -3.9352569580078125,
            2.289815664291382,
            5.52253532409668,
            13.366482734680176,
            4.102687358856201,
            4.102687358856201,
            2.287543296813965,
            0.8306688666343689,
            1.3824344873428345,
            0.13543346524238586,
            0.19734403491020203,
            0.5321788787841797,
            0.08268137276172638,
            0.08268137276172638,
            0.08587713539600372,
            0.0,
            1.0,
            0.0,
            0.0,
            0.0,
            0.0,
            0.0,
            0.0,
            1.0,
            1.0,
            1.0,
            1.0,
            1.0,
            1.0,
            1.0,
            1.0,
            1.0,
            1.0,
            1.0,
            1.0,
            1.0,
            2.0,
            1.0,
            1.0,
            2.0,
            1.0,
            1.0,
            1.0,
            1.0
        ],
        [
            1.899999976158142,
            25.521137237548828,
            8.600000381469727,
            8.199999809265137,
            7.800000190734863,
            10.468099594116211,
            2.3089511394500732,
            1.2924127578735352,
            -5.377328872680664,
            -14.376388549804688,
            -1.2924127578735352,
            -10.6820068359375,
            -2.42267107963562,
            -9.039546966552734,
            -1.9693083763122559,
            -1.1554644107818604,
            5.464319229125977,
            15.053037643432617,
            1.3545501232147217,
            10.712886810302734,
            2.4820070266723633,
            0.7048358917236328,
            0.8634266257286072,
            0.6326740384101868,
            0.6178361177444458,
            0.7048749923706055,
            0.43628108501434326,
            0.30809611082077026,
            0.5964051485061646,
            0.0,
            0.0,
            0.0,
            0.0,
            0.0,
            0.0,
            0.0,
            0.0,
            1.0,
            1.0,
            1.0,
            1.0,
            1.0,
            1.0,
            1.0,
            1.0,
            1.0,
            1.0,
            1.0,
            1.0,
            1.0,
            2.0,
            2.0,
            1.0,
            1.0,
            1.0,
            1.0,
            1.0,
            1.0
        ],
        [
            0.6000000238418579,
            25.97881317138672,
            8.800000190734863,
            8.300000190734863,
            7.800000190734863,
            9.301682472229004,
            4.391855239868164,
            0.29488229751586914,
            -4.380083084106445,
            -16.536170959472656,
            -0.29488229751586914,
            -11.722838401794434,
            -3.419917345046997,
            -8.157427787780762,
            -4.386488437652588,
            -0.04257255047559738,
            4.386488437652588,
            16.67713165283203,
            0.40245601534843445,
            11.741860389709473,
            3.4228384494781494,
            0.6294655799865723,
            0.11731155216693878,
            0.8830909729003906,
            0.16130338609218597,
            0.324473112821579,
            0.5699717998504639,
            0.23042243719100952,
            0.12812814116477966,
            0.0,
            0.0,
            0.0,
            0.0,
            0.0,
            0.0,
            0.0,
            0.0,
            2.0,
            1.0,
            2.0,
            1.0,
            2.0,
            2.0,
            1.0,
            1.0,
            1.0,
            1.0,
            1.0,
            1.0,
            1.0,
            2.0,
            2.0,
            1.0,
            1.0,
            1.0,
            1.0,
            1.0,
            1.0
        ],
        [
            0.6000000238418579,
            27.13523292541504,
            9.5,
            9.0,
            8.600000381469727,
            13.711104393005371,
            -0.17401045560836792,
            -0.13713213801383972,
            -4.155456066131592,
            -13.232115745544434,
            0.13713213801383972,
            -13.463850975036621,
            -4.444544315338135,
            -13.664628982543945,
            0.3810226619243622,
            0.21897736191749573,
            4.164628982543945,
            13.424127578735352,
            -0.09738995879888535,
            13.50351619720459,
            4.463851451873779,
            0.1295737773180008,
            0.665378987789154,
            0.4734419882297516,
            0.25309091806411743,
            0.37820354104042053,
            0.35151681303977966,
            0.32989612221717834,
            0.2722255289554596,
            0.0,
            0.0,
            0.0,
            0.0,
            0.0,
            0.0,
            0.0,
            0.0,
            2.0,
            1.0,
            1.0,
            2.0,
            1.0,
            2.0,
            1.0,
            1.0,
            1.0,
            1.0,
            1.0,
            1.0,
            1.0,
            2.0,
            2.0,
            1.0,
            1.0,
            1.0,
            1.0,
            1.0,
            1.0
        ]
    ],
    "eval_steps": 2016
}