{
    "eval_chronic": "C:\\Users\\thoma\\data_grid2op\\rte_case5_example_val\\chronics\\19",
    "eval_rewards": [
        [
            0.0002585865850118767,
            -0.00021164021164021162,
            -4.0
        ],
        [
            0.00022505205096026864,
            -0.00021164021164021162,
            0.0
        ],
        [
            0.0002677633725472095,
            -0.00042328042328042324,
            -6.0
        ],
        [
            0.00026861033040463265,
            -0.00042328042328042324,
            -2.3333333333333335
        ],
        [
            0.6514514329091444,
            -0.8516402116402343,
            -4.0
        ]
    ],
    "eval_actions": [
        39,
        45,
        22,
        45,
        15
    ],
    "eval_states": [
        [
            2.0,
            25.956096649169922,
            8.600000381469727,
            8.199999809265137,
            7.800000190734863,
            11.833157539367676,
            3.871002674102783,
            1.3181846141815186,
            -7.800463676452637,
            -13.438884735107422,
            -4.759092330932617,
            -4.759092330932617,
            0.00046335672959685326,
            -10.03751277923584,
            -3.3587899208068848,
            -1.0197240114212036,
            7.816026210784912,
            14.122939109802246,
            4.78394079208374,
            4.78394079208374,
            -2.4847758094517e-15,
            0.791779637336731,
            1.0693714618682861,
            0.9665206670761108,
            0.276508092880249,
            0.70870441198349,
            0.27994269132614136,
            0.27994269132614136,
            4.1023203239888735e-15,
            0.0,
            1.0,
            0.0,
            0.0,
            0.0,
            0.0,
            0.0,
            0.0,
            1.0,
            1.0,
            1.0,
            1.0,
            1.0,
            1.0,
            1.0,
            1.0,
            1.0,
            1.0,
            1.0,
            1.0,
            1.0,
            2.0,
            2.0,
            2.0,
            1.0,
            2.0,
            1.0,
            1.0,
            1.0
        ],
        [
            1.899999976158142,
            25.93830680847168,
            8.600000381469727,
            8.199999809265137,
            7.800000190734863,
            11.447493553161621,
            3.38088321685791,
            -1.08253812789917,
            -4.711405277252197,
            -13.766146659851074,
            1.85652426591687e-12,
            -10.249886512756348,
            -3.088594675064087,
            -9.759228706359863,
            -2.943819046020508,
            1.225847840309143,
            4.777199745178223,
            14.490813255310059,
            5.808203786727972e-05,
            10.385205268859863,
            3.13242506980896,
            0.767350435256958,
            0.9848033785820007,
            0.6487829089164734,
            0.531335711479187,
            0.7292538285255432,
            0.02588714472949505,
            0.6370639801025391,
            0.5186856389045715,
            0.0,
            0.0,
            0.0,
            0.0,
            0.0,
            0.0,
            0.0,
            0.0,
            1.0,
            1.0,
            1.0,
            1.0,
            1.0,
            1.0,
            1.0,
            1.0,
            1.0,
            1.0,
            1.0,
            1.0,
            1.0,
            2.0,
            1.0,
            2.0,
            2.0,
            2.0,
            1.0,
            1.0,
            1.0
        ],
        [
            1.899999976158142,
            25.29010009765625,
            8.5,
            8.0,
            7.900000095367432,
            12.714069366455078,
            2.0501372814178467,
            -2.031484603881836,
            -3.8108785152435303,
            -12.40505313873291,
            -1.854614985891123e-12,
            -10.269850730895996,
            -4.089121341705322,
            -10.662586212158203,
            -2.0365874767303467,
            2.0365874767303467,
            4.062585830688477,
            12.576031684875488,
            5.803086969535798e-05,
            10.3548583984375,
            4.301335334777832,
            0.8471916317939758,
            0.1430744230747223,
            0.19672732055187225,
            1.0815646648406982,
            0.3572371304035187,
            0.025875737890601158,
            0.5070937871932983,
            1.0852806568145752,
            0.0,
            0.0,
            0.0,
            1.0,
            0.0,
            0.0,
            0.0,
            1.0,
            2.0,
            1.0,
            1.0,
            2.0,
            2.0,
            2.0,
            1.0,
            1.0,
            1.0,
            1.0,
            1.0,
            1.0,
            1.0,
            2.0,
            1.0,
            2.0,
            2.0,
            2.0,
            1.0,
            1.0,
            1.0
        ],
        [
            1.7999999523162842,
            25.175783157348633,
            8.5,
            8.0,
            7.699999809265137,
            12.680221557617188,
            2.0369997024536133,
            -2.0184543132781982,
            -3.688554048538208,
            -12.325478553771973,
            9.278476424678939e-13,
            -10.20395565032959,
            -4.011445999145508,
            -10.638835906982422,
            -2.023510694503784,
            2.023510694503784,
            3.938835620880127,
            12.495562553405762,
            5.803187741548754e-05,
            10.288420677185059,
            4.222410202026367,
            0.8450722694396973,
            0.14265315234661102,
            0.196148082613945,
            1.078338384628296,
            0.3563213050365448,
            0.025875963270664215,
            0.5055170059204102,
            1.0822389125823975,
            0.0,
            0.0,
            0.0,
            2.0,
            0.0,
            0.0,
            0.0,
            2.0,
            2.0,
            1.0,
            1.0,
            2.0,
            2.0,
            2.0,
            1.0,
            1.0,
            1.0,
            1.0,
            1.0,
            1.0,
            1.0,
            2.0,
            1.0,
            2.0,
            2.0,
            2.0,
            1.0,
            1.0,
            1.0
        ],
        [
            1.7000000476837158,
            23.533140182495117,
            8.5,
            7.900000095367432,
            7.5,
            7.7931809425354,
            8.524940490722656,
            -2.7479066848754883,
            -5.732327461242676,
            -15.598926544189453,
            9.2726932902909e-13,
            -6.957455635070801,
            -1.7676724195480347,
            -6.974534511566162,
            -8.5,
            2.8792715072631836,
            5.795262813568115,
            15.739958763122559,
            5.797575067845173e-05,
            7.073927879333496,
            1.8053619861602783,
            0.5304459929466248,
            0.2643604874610901,
            0.6189457178115845,
            0.5199419260025024,
            0.32465168833732605,
            0.025863446295261383,
            0.5922156572341919,
            0.4851563572883606,
            0.0,
            0.0,
            0.0,
            0.0,
            0.0,
            0.0,
            0.0,
            0.0,
            2.0,
            1.0,
            2.0,
            2.0,
            2.0,
            1.0,
            1.0,
            1.0,
            1.0,
            1.0,
            1.0,
            1.0,
            1.0,
            2.0,
            1.0,
            2.0,
            2.0,
            2.0,
            1.0,
            1.0,
            1.0
        ]
    ],
    "eval_steps": 2016
}