{
    "eval_chronic": "C:\\Users\\thoma\\data_grid2op\\rte_case5_example_val\\chronics\\12",
    "eval_rewards": [
        [
            0.00020383044508595326,
            -0.00015873015873015873,
            -4.0
        ],
        [
            0.00016248129280685124,
            -0.0002645502645502645,
            -5.0
        ],
        [
            0.0,
            0.0,
            0.0
        ]
    ],
    "eval_actions": [
        31,
        28,
        13
    ],
    "eval_states": [
        [
            0.30000001192092896,
            27.579082489013672,
            7.800000190734863,
            8.300000190734863,
            8.100000381469727,
            12.265398979187012,
            3.6931354999542236,
            -0.9974709749221802,
            -4.806310176849365,
            -14.499184608459473,
            -10.64437198638916,
            5.7989454944618046e-05,
            -3.2936899662017822,
            -10.346039772033691,
            -3.191481351852417,
            1.1572057008743286,
            4.880315780639648,
            15.313682556152344,
            10.806049346923828,
            -9.297397920993156e-13,
            3.341785192489624,
            0.8190357089042664,
            1.0578747987747192,
            0.6887421011924744,
            0.5661367774009705,
            0.7727517485618591,
            0.6952664256095886,
            1.8041920361129213e-14,
            0.5410341024398804,
            0.0,
            1.0,
            0.0,
            0.0,
            0.0,
            0.0,
            0.0,
            0.0,
            1.0,
            1.0,
            1.0,
            1.0,
            1.0,
            1.0,
            1.0,
            1.0,
            1.0,
            2.0,
            2.0,
            2.0,
            1.0,
            1.0,
            1.0,
            1.0,
            1.0,
            1.0,
            1.0,
            1.0,
            1.0
        ],
        [
            0.30000001192092896,
            26.992584228515625,
            8.0,
            8.100000381469727,
            8.199999809265137,
            8.020305633544922,
            5.428360939025879,
            -0.17520447075366974,
            -4.313645362854004,
            -17.599323272705078,
            -11.895870208740234,
            5.798726488137618e-05,
            -3.886354446411133,
            -8.0,
            -4.5714030265808105,
            0.4435115456581116,
            4.427891254425049,
            18.972278594970703,
            12.170963287353516,
            1.85253375140082e-12,
            3.9710159301757812,
            0.09231884777545929,
            1.394752860069275,
            0.9128068685531616,
            0.7136459946632385,
            1.001394510269165,
            0.9033011794090271,
            3.500646902345958e-14,
            0.7026313543319702,
            0.0,
            2.0,
            0.0,
            0.0,
            1.0,
            0.0,
            0.0,
            0.0,
            2.0,
            1.0,
            1.0,
            1.0,
            1.0,
            2.0,
            1.0,
            1.0,
            1.0,
            2.0,
            2.0,
            2.0,
            1.0,
            1.0,
            1.0,
            1.0,
            1.0,
            1.0,
            1.0,
            1.0,
            1.0
        ],
        [
            0.0,
            0.0,
            0.0,
            0.0,
            0.0,
            0.0,
            0.0,
            0.0,
            0.0,
            0.0,
            0.0,
            0.0,
            0.0,
            0.0,
            0.0,
            0.0,
            0.0,
            0.0,
            0.0,
            0.0,
            0.0,
            0.0,
            0.0,
            0.0,
            0.0,
            0.0,
            0.0,
            0.0,
            0.0,
            0.0,
            0.0,
            0.0,
            0.0,
            0.0,
            0.0,
            0.0,
            0.0,
            -1.0,
            -1.0,
            -1.0,
            -1.0,
            -1.0,
            -1.0,
            -1.0,
            -1.0,
            -1.0,
            -1.0,
            -1.0,
            -1.0,
            -1.0,
            -1.0,
            -1.0,
            -1.0,
            -1.0,
            -1.0,
            -1.0,
            -1.0,
            -1.0
        ]
    ],
    "eval_steps": 3
}