{
    "eval_chronic": "C:\\Users\\thoma\\data_grid2op\\rte_case5_example_val\\chronics\\19",
    "eval_rewards": [
        [
            0.02099769727595194,
            0.0,
            0.0
        ],
        [
            0.00012753111705287386,
            -0.00010582010582010581,
            -87.0
        ],
        [
            0.00013356547507594268,
            -0.00010582010582010581,
            0.0
        ],
        [
            0.0,
            0.0,
            0.0
        ]
    ],
    "eval_actions": [
        0,
        36,
        36,
        25
    ],
    "eval_states": [
        [
            2.0,
            25.44330406188965,
            8.600000381469727,
            8.199999809265137,
            7.800000190734863,
            10.530046463012695,
            2.423443078994751,
            -0.2199360728263855,
            -4.109758377075195,
            -14.227006912231445,
            -5.860817909240723,
            -5.860817909240723,
            -3.690241575241089,
            -9.085627555847168,
            -2.0812861919403076,
            0.38408100605010986,
            4.18283224105835,
            14.913256645202637,
            5.9017815589904785,
            5.9017815589904785,
            3.741572380065918,
            0.7088104486465454,
            0.8667688965797424,
            0.6990258693695068,
            0.5617147088050842,
            0.7098175287246704,
            0.3560121953487396,
            0.3560121953487396,
            0.5571550130844116,
            0.0,
            0.0,
            0.0,
            0.0,
            0.0,
            0.0,
            0.0,
            0.0,
            1.0,
            1.0,
            1.0,
            1.0,
            1.0,
            1.0,
            1.0,
            1.0,
            1.0,
            1.0,
            1.0,
            1.0,
            1.0,
            1.0,
            1.0,
            1.0,
            1.0,
            1.0,
            1.0,
            1.0,
            1.0
        ],
        [
            0.6000000238418579,
            29.269075393676758,
            8.899999618530273,
            8.399999618530273,
            7.900000095367432,
            15.121230125427246,
            0.131336510181427,
            0.2318829894065857,
            -3.869598388671875,
            -13.536569595336914,
            -12.94844913482666,
            0.2071875035762787,
            -4.030401706695557,
            -12.298600196838379,
            0.009204812347888947,
            0.015434298664331436,
            3.973961591720581,
            14.147845268249512,
            13.536569595336914,
            -0.131336510181427,
            4.109378814697266,
            0.9959654808044434,
            0.5412912964820862,
            0.8736282587051392,
            0.6798533201217651,
            0.670276939868927,
            1.3151668310165405,
            0.45481255650520325,
            0.6801081299781799,
            0.0,
            0.0,
            0.0,
            0.0,
            0.0,
            1.0,
            0.0,
            0.0,
            1.0,
            1.0,
            1.0,
            1.0,
            1.0,
            1.0,
            1.0,
            1.0,
            1.0,
            2.0,
            1.0,
            1.0,
            2.0,
            1.0,
            1.0,
            1.0,
            1.0,
            1.0,
            1.0,
            1.0,
            1.0
        ],
        [
            0.6000000238418579,
            28.84172248840332,
            8.800000190734863,
            8.300000190734863,
            7.800000190734863,
            14.894315719604492,
            0.12749254703521729,
            0.22547371685504913,
            -3.8219244480133057,
            -13.353242874145508,
            -12.781902313232422,
            0.2015342265367508,
            -3.9780757427215576,
            -12.148737907409668,
            0.009368738159537315,
            0.015557513572275639,
            3.923811912536621,
            13.947406768798828,
            13.353242874145508,
            -0.12749254703521729,
            4.05489444732666,
            0.9821010231971741,
            0.5336373448371887,
            0.8615769147872925,
            0.6711726784706116,
            0.660918653011322,
            1.2964504957199097,
            0.44919994473457336,
            0.6714011430740356,
            0.0,
            0.0,
            0.0,
            0.0,
            0.0,
            2.0,
            0.0,
            0.0,
            1.0,
            1.0,
            1.0,
            1.0,
            1.0,
            1.0,
            1.0,
            1.0,
            1.0,
            2.0,
            1.0,
            1.0,
            2.0,
            1.0,
            1.0,
            1.0,
            1.0,
            1.0,
            1.0,
            1.0,
            1.0
        ],
        [
            0.0,
            0.0,
            0.0,
            0.0,
            0.0,
            0.0,
            0.0,
            0.0,
            0.0,
            0.0,
            0.0,
            0.0,
            0.0,
            0.0,
            0.0,
            0.0,
            0.0,
            0.0,
            0.0,
            0.0,
            0.0,
            0.0,
            0.0,
            0.0,
            0.0,
            0.0,
            0.0,
            0.0,
            0.0,
            0.0,
            0.0,
            0.0,
            0.0,
            0.0,
            0.0,
            0.0,
            0.0,
            -1.0,
            -1.0,
            -1.0,
            -1.0,
            -1.0,
            -1.0,
            -1.0,
            -1.0,
            -1.0,
            -1.0,
            -1.0,
            -1.0,
            -1.0,
            -1.0,
            -1.0,
            -1.0,
            -1.0,
            -1.0,
            -1.0,
            -1.0,
            -1.0
        ]
    ],
    "eval_steps": 86
}