{
    "eval_chronic": "C:\\Users\\thoma\\data_grid2op\\rte_case5_example_val\\chronics\\12",
    "eval_rewards": [
        [
            0.00033891565116626925,
            -0.00021164021164021162,
            -4.0
        ],
        [
            0.0003417601581955929,
            -0.00037037037037037035,
            -5.0
        ],
        [
            0.6329062900700977,
            -0.7459259259259078,
            -3.0
        ]
    ],
    "eval_actions": [
        8,
        47,
        15
    ],
    "eval_states": [
        [
            0.30000001192092896,
            24.789588928222656,
            7.800000190734863,
            8.300000190734863,
            8.100000381469727,
            9.93836498260498,
            2.266026735305786,
            0.2919437289237976,
            -4.338427543640137,
            -14.712267875671387,
            -6.187235355377197,
            -6.187235355377197,
            -3.7615725994110107,
            -9.892911911010742,
            -2.257189989089966,
            0.30000001192092896,
            4.350101470947266,
            14.851223945617676,
            6.223120212554932,
            6.223120212554932,
            3.782526969909668,
            0.11956821382045746,
            0.1824112832546234,
            1.389103651046753,
            0.28244712948799133,
            0.32237112522125244,
            0.33380207419395447,
            0.33380207419395447,
            0.2824764847755432,
            0.0,
            0.0,
            1.0,
            0.0,
            0.0,
            0.0,
            0.0,
            0.0,
            2.0,
            2.0,
            1.0,
            2.0,
            1.0,
            2.0,
            1.0,
            1.0,
            1.0,
            1.0,
            1.0,
            1.0,
            1.0,
            1.0,
            1.0,
            1.0,
            1.0,
            1.0,
            1.0,
            1.0,
            1.0
        ],
        [
            0.30000001192092896,
            24.953365325927734,
            8.0,
            8.100000381469727,
            8.199999809265137,
            9.8910493850708,
            2.137530565261841,
            0.2582920789718628,
            -3.970773220062256,
            -14.916996002197266,
            -4.239278793334961,
            -8.358292579650879,
            -4.229226589202881,
            -9.853017807006836,
            -2.1224589347839355,
            0.30000001192092896,
            3.9754772186279297,
            15.062315940856934,
            4.242410182952881,
            8.537055969238281,
            4.239278793334961,
            0.10975395143032074,
            0.22818367183208466,
            1.3470628261566162,
            0.17976588010787964,
            0.32954904437065125,
            0.08876197040081024,
            0.7306910157203674,
            0.19231359660625458,
            0.0,
            0.0,
            2.0,
            0.0,
            0.0,
            0.0,
            0.0,
            0.0,
            2.0,
            2.0,
            1.0,
            2.0,
            1.0,
            2.0,
            1.0,
            1.0,
            1.0,
            1.0,
            1.0,
            1.0,
            1.0,
            2.0,
            1.0,
            2.0,
            1.0,
            2.0,
            1.0,
            1.0,
            1.0
        ],
        [
            0.30000001192092896,
            25.634939193725586,
            7.900000095367432,
            8.100000381469727,
            8.300000190734863,
            8.485060691833496,
            7.921745300292969,
            -2.3335506916046143,
            -5.205211162567139,
            -16.940261840820312,
            -3.1572582721710205,
            -5.766449928283691,
            -3.0947890281677246,
            -7.523101329803467,
            -7.900000095367432,
            2.5251007080078125,
            5.298000812530518,
            17.149879455566406,
            3.1969263553619385,
            5.821589469909668,
            3.1572582721710205,
            0.5760830640792847,
            0.24861778318881989,
            0.7610558271408081,
            0.639337956905365,
            0.3946916460990906,
            0.35099437832832336,
            0.41125717759132385,
            0.6103965044021606,
            0.0,
            0.0,
            0.0,
            0.0,
            0.0,
            0.0,
            0.0,
            0.0,
            2.0,
            1.0,
            2.0,
            2.0,
            2.0,
            1.0,
            1.0,
            1.0,
            1.0,
            1.0,
            1.0,
            1.0,
            1.0,
            2.0,
            1.0,
            2.0,
            1.0,
            2.0,
            1.0,
            1.0,
            1.0
        ]
    ],
    "eval_steps": 2016
}