{
    "eval_chronic": "C:\\Users\\thoma\\data_grid2op\\rte_case5_example_val\\chronics\\19",
    "eval_rewards": [
        [
            0.00022886861337522408,
            -0.00015873015873015873,
            -4.0
        ],
        [
            0.00025252887318394937,
            -0.00031746031746031746,
            -5.0
        ],
        [
            0.027097493833023643,
            -0.0380952380952381,
            -6.0
        ],
        [
            0.907548038960841,
            -0.8220105820106037,
            -39.0
        ]
    ],
    "eval_actions": [
        31,
        43,
        18,
        52
    ],
    "eval_states": [
        [
            2.0,
            25.800434112548828,
            8.600000381469727,
            8.199999809265137,
            7.800000190734863,
            11.375960350036621,
            3.3511319160461426,
            -1.0986665487289429,
            -4.721121311187744,
            -13.714180946350098,
            -10.22237777709961,
            5.799335121992044e-05,
            -3.07887864112854,
            -9.707298278808594,
            -2.9159696102142334,
            1.2376306056976318,
            4.785636901855469,
            14.424474716186523,
            10.363049507141113,
            -2.7823520397374235e-12,
            3.120986223220825,
            0.7628076672554016,
            0.982571005821228,
            0.6378321051597595,
            0.5257518887519836,
            0.7220473289489746,
            0.6493295431137085,
            5.2691710586763585e-14,
            0.5092878937721252,
            0.0,
            0.0,
            0.0,
            0.0,
            0.0,
            0.0,
            0.0,
            0.0,
            1.0,
            1.0,
            1.0,
            1.0,
            1.0,
            1.0,
            1.0,
            1.0,
            1.0,
            2.0,
            2.0,
            2.0,
            1.0,
            1.0,
            1.0,
            1.0,
            1.0,
            1.0,
            1.0,
            1.0,
            1.0
        ],
        [
            1.899999976158142,
            26.34164810180664,
            8.600000381469727,
            8.199999809265137,
            7.800000190734863,
            12.458585739135742,
            4.502681255340576,
            0.3990201950073242,
            -7.8019118309021,
            -13.186634063720703,
            -8.599020004272461,
            5.793133095721714e-05,
            0.0019117033807560802,
            -10.482797622680664,
            -3.905940055847168,
            -0.12825872004032135,
            7.816995620727539,
            13.883063316345215,
            8.683953285217285,
            -2.7879948783643416e-12,
            -5.793133095721714e-05,
            0.8311758637428284,
            1.1573832035064697,
            0.9172767400741577,
            0.2812003493309021,
            0.715034544467926,
            0.5071957111358643,
            5.323400140838652e-14,
            0.04847538098692894,
            0.0,
            1.0,
            0.0,
            0.0,
            0.0,
            0.0,
            0.0,
            0.0,
            1.0,
            1.0,
            1.0,
            1.0,
            1.0,
            1.0,
            1.0,
            1.0,
            1.0,
            2.0,
            2.0,
            2.0,
            1.0,
            2.0,
            2.0,
            1.0,
            1.0,
            2.0,
            1.0,
            1.0,
            1.0
        ],
        [
            1.899999976158142,
            24.190561294555664,
            8.5,
            8.0,
            7.900000095367432,
            9.326135635375977,
            7.937251567840576,
            -1.3006813526153564,
            -7.901898384094238,
            -14.719834327697754,
            -6.699318885803223,
            5.753098594141193e-05,
            0.001898492220789194,
            -8.176206588745117,
            -7.917478084564209,
            1.5762064456939697,
            7.917478084564209,
            14.864426612854004,
            6.782582759857178,
            -1.8469522786168646e-12,
            -5.753098230343312e-05,
            0.6310561299324036,
            0.2075483202934265,
            0.926026463508606,
            0.28537893295288086,
            0.3287520408630371,
            0.5025720000267029,
            3.52788951480873e-14,
            0.048307593911886215,
            0.0,
            0.0,
            0.0,
            0.0,
            0.0,
            0.0,
            0.0,
            0.0,
            2.0,
            1.0,
            2.0,
            1.0,
            2.0,
            2.0,
            1.0,
            1.0,
            1.0,
            2.0,
            2.0,
            2.0,
            1.0,
            2.0,
            2.0,
            1.0,
            1.0,
            2.0,
            1.0,
            1.0,
            1.0
        ],
        [
            0.6000000238418579,
            23.260143280029297,
            7.900000095367432,
            7.699999809265137,
            7.300000190734863,
            8.203752517700195,
            4.100151062011719,
            0.0,
            -4.09001350402832,
            -15.028167724609375,
            -10.912630081176758,
            5.7771063438849524e-05,
            -3.209986686706543,
            -7.301311016082764,
            -4.095357894897461,
            0.001311096828430891,
            4.095357894897461,
            15.056390762329102,
            10.928016662597656,
            -9.247059498326826e-13,
            3.2125725746154785,
            0.5575736165046692,
            0.10775428265333176,
            0.13720062375068665,
            0.1481621414422989,
            0.1434122622013092,
            0.2085161954164505,
            1.750323451172979e-14,
            0.12013913691043854,
            0.0,
            0.0,
            0.0,
            0.0,
            0.0,
            0.0,
            0.0,
            0.0,
            2.0,
            1.0,
            2.0,
            1.0,
            2.0,
            2.0,
            1.0,
            1.0,
            1.0,
            2.0,
            2.0,
            2.0,
            1.0,
            2.0,
            1.0,
            1.0,
            1.0,
            1.0,
            1.0,
            1.0,
            1.0
        ]
    ],
    "eval_steps": 2016
}