{
    "eval_chronic": "C:\\Users\\thoma\\data_grid2op\\rte_case5_example_val\\chronics\\19",
    "eval_rewards": [
        [
            0.024206537224631834,
            -0.012486772486772477,
            -4.0
        ],
        [
            0.00029811259378985936,
            -0.00031746031746031746,
            -63.0
        ],
        [
            0.0,
            0.0,
            0.0
        ]
    ],
    "eval_actions": [
        8,
        50,
        21
    ],
    "eval_states": [
        [
            2.0,
            22.991369247436523,
            8.600000381469727,
            8.199999809265137,
            7.800000190734863,
            9.66545295715332,
            2.6929244995117188,
            -1.7587542533874512,
            -3.716780662536621,
            -13.259796142578125,
            -5.2686262130737305,
            -5.2686262130737305,
            -4.083219528198242,
            -9.635736465454102,
            -2.6869072914123535,
            2.0,
            3.7226436138153076,
            13.325915336608887,
            5.283435821533203,
            5.283435821533203,
            4.096006393432617,
            0.09803874790668488,
            0.1540290117263794,
            0.8622050285339355,
            0.20694582164287567,
            0.22368401288986206,
            0.21810035407543182,
            0.21810035407543182,
            0.21657416224479675,
            0.0,
            0.0,
            0.0,
            0.0,
            0.0,
            0.0,
            0.0,
            0.0,
            2.0,
            2.0,
            1.0,
            2.0,
            1.0,
            2.0,
            1.0,
            1.0,
            1.0,
            1.0,
            1.0,
            1.0,
            1.0,
            1.0,
            1.0,
            1.0,
            1.0,
            1.0,
            1.0,
            1.0,
            1.0
        ],
        [
            0.800000011920929,
            21.009618759155273,
            7.400000095367432,
            6.800000190734863,
            6.699999809265137,
            10.0748291015625,
            4.101491928100586,
            -0.5280523300170898,
            -6.412760257720947,
            -10.905083656311035,
            -3.4000000953674316,
            -3.4000000953674316,
            -0.28723931312561035,
            -9.972942352294922,
            -4.064249515533447,
            0.800000011920929,
            6.637191295623779,
            10.93479061126709,
            3.4017958641052246,
            3.4017958641052246,
            0.5280523300170898,
            0.18052607774734497,
            0.2624284327030182,
            0.9194633364677429,
            1.1140806674957275,
            0.15102511644363403,
            0.06714727729558945,
            0.06714727729558945,
            1.0565141439437866,
            0.0,
            0.0,
            0.0,
            1.0,
            0.0,
            0.0,
            0.0,
            1.0,
            2.0,
            2.0,
            1.0,
            2.0,
            1.0,
            2.0,
            1.0,
            1.0,
            1.0,
            1.0,
            1.0,
            1.0,
            1.0,
            2.0,
            1.0,
            1.0,
            2.0,
            1.0,
            1.0,
            1.0,
            1.0
        ],
        [
            0.0,
            0.0,
            0.0,
            0.0,
            0.0,
            0.0,
            0.0,
            0.0,
            0.0,
            0.0,
            0.0,
            0.0,
            0.0,
            0.0,
            0.0,
            0.0,
            0.0,
            0.0,
            0.0,
            0.0,
            0.0,
            0.0,
            0.0,
            0.0,
            0.0,
            0.0,
            0.0,
            0.0,
            0.0,
            0.0,
            0.0,
            0.0,
            0.0,
            0.0,
            0.0,
            0.0,
            0.0,
            -1.0,
            -1.0,
            -1.0,
            -1.0,
            -1.0,
            -1.0,
            -1.0,
            -1.0,
            -1.0,
            -1.0,
            -1.0,
            -1.0,
            -1.0,
            -1.0,
            -1.0,
            -1.0,
            -1.0,
            -1.0,
            -1.0,
            -1.0,
            -1.0
        ]
    ],
    "eval_steps": 61
}