{
    "eval_chronic": "C:\\Users\\thoma\\data_grid2op\\rte_case5_example_val\\chronics\\12",
    "eval_rewards": [
        [
            0.020413685006514727,
            0.0,
            -4.0
        ],
        [
            0.00018044529785760628,
            -0.0002645502645502645,
            -88.0
        ],
        [
            0.00017744329711953522,
            -0.00037037037037037035,
            -44.5
        ],
        [
            0.0,
            0.0,
            0.0
        ]
    ],
    "eval_actions": [
        38,
        14,
        44,
        13
    ],
    "eval_states": [
        [
            0.30000001192092896,
            27.17757797241211,
            7.800000190734863,
            8.300000190734863,
            8.100000381469727,
            11.366332054138184,
            2.72005295753479,
            -0.08114790171384811,
            -4.169963359832764,
            -15.022329330444336,
            -6.103853225708008,
            -6.103853225708008,
            -3.930037260055542,
            -9.700301170349121,
            -2.324437141418457,
            0.27054455876350403,
            4.254193305969238,
            15.811246871948242,
            6.1511383056640625,
            6.1511383056640625,
            3.988853931427002,
            0.7621960043907166,
            0.9349967837333679,
            0.7559517025947571,
            0.606358528137207,
            0.7606089115142822,
            0.3816232681274414,
            0.3816232681274414,
            0.5930918455123901,
            0.0,
            0.0,
            0.0,
            0.0,
            0.0,
            0.0,
            0.0,
            0.0,
            1.0,
            1.0,
            1.0,
            1.0,
            1.0,
            1.0,
            1.0,
            1.0,
            1.0,
            1.0,
            1.0,
            1.0,
            1.0,
            1.0,
            1.0,
            1.0,
            1.0,
            1.0,
            1.0,
            1.0,
            1.0
        ],
        [
            0.5,
            27.966482162475586,
            8.199999809265137,
            8.300000190734863,
            8.399999618530273,
            13.0947265625,
            0.0006481210002675653,
            0.9920029640197754,
            -3.639394998550415,
            -14.39006519317627,
            -7.092695236206055,
            -7.092695236206055,
            -4.760604381561279,
            -10.928223609924316,
            1.3908638780632532e-12,
            -0.5796156525611877,
            3.8078396320343018,
            14.871755599975586,
            7.194708347320557,
            7.194708347320557,
            4.8933868408203125,
            0.870972216129303,
            3.583312913426652e-14,
            1.148103952407837,
            0.8761496543884277,
            0.5956630110740662,
            0.5549927949905396,
            0.5549927949905396,
            0.867993950843811,
            0.0,
            0.0,
            1.0,
            0.0,
            0.0,
            0.0,
            0.0,
            0.0,
            2.0,
            1.0,
            2.0,
            2.0,
            2.0,
            2.0,
            1.0,
            1.0,
            1.0,
            1.0,
            1.0,
            1.0,
            1.0,
            1.0,
            1.0,
            1.0,
            1.0,
            1.0,
            1.0,
            1.0,
            1.0
        ],
        [
            0.5,
            28.235214233398438,
            8.199999809265137,
            8.5,
            8.5,
            13.015599250793457,
            0.0006480515003204346,
            2.435580253601074,
            -5.057583332061768,
            -14.746044158935547,
            -2.435580253601074,
            -12.091763496398926,
            -3.4424166679382324,
            -10.873225212097168,
            0.0,
            -2.079108238220215,
            5.252333164215088,
            15.21961498260498,
            2.5832624435424805,
            12.162134170532227,
            3.591763734817505,
            0.8660370111465454,
            0.0,
            1.0627599954605103,
            0.9460479617118835,
            0.5906623601913452,
            0.6655820608139038,
            0.46171584725379944,
            0.9181721806526184,
            0.0,
            0.0,
            2.0,
            0.0,
            0.0,
            0.0,
            0.0,
            0.0,
            2.0,
            1.0,
            2.0,
            2.0,
            2.0,
            2.0,
            1.0,
            1.0,
            1.0,
            1.0,
            1.0,
            1.0,
            1.0,
            2.0,
            2.0,
            1.0,
            1.0,
            1.0,
            1.0,
            1.0,
            1.0
        ],
        [
            0.0,
            0.0,
            0.0,
            0.0,
            0.0,
            0.0,
            0.0,
            0.0,
            0.0,
            0.0,
            0.0,
            0.0,
            0.0,
            0.0,
            0.0,
            0.0,
            0.0,
            0.0,
            0.0,
            0.0,
            0.0,
            0.0,
            0.0,
            0.0,
            0.0,
            0.0,
            0.0,
            0.0,
            0.0,
            0.0,
            0.0,
            0.0,
            0.0,
            0.0,
            0.0,
            0.0,
            0.0,
            -1.0,
            -1.0,
            -1.0,
            -1.0,
            -1.0,
            -1.0,
            -1.0,
            -1.0,
            -1.0,
            -1.0,
            -1.0,
            -1.0,
            -1.0,
            -1.0,
            -1.0,
            -1.0,
            -1.0,
            -1.0,
            -1.0,
            -1.0,
            -1.0
        ]
    ],
    "eval_steps": 87
}