{
    "eval_chronic": "C:\\Users\\thoma\\data_grid2op\\rte_case5_example_val\\chronics\\12",
    "eval_rewards": [
        [
            9.375230288232363e-05,
            -0.00010582010582010581,
            -4.0
        ],
        [
            0.0001869831394378212,
            -0.0002645502645502645,
            0.0
        ],
        [
            0.0,
            0.0,
            0.0
        ]
    ],
    "eval_actions": [
        25,
        14,
        25
    ],
    "eval_states": [
        [
            0.30000001192092896,
            27.871183395385742,
            7.800000190734863,
            8.300000190734863,
            8.100000381469727,
            7.2251057624816895,
            6.743852615356445,
            3.0163207054138184,
            -7.023348331451416,
            -19.302753448486328,
            -6.24903678894043,
            -6.24903678894043,
            -1.0766522884368896,
            -7.111452579498291,
            -5.3733415603637695,
            -2.1266586780548096,
            7.111452579498291,
            20.64607810974121,
            6.279449939727783,
            6.279449939727783,
            1.1817529201507568,
            0.19027844071388245,
            1.7742278575897217,
            1.718530297279358,
            0.7135441303253174,
            0.9905771613121033,
            0.30808740854263306,
            0.30808740854263306,
            0.6815905570983887,
            0.0,
            1.0,
            1.0,
            0.0,
            0.0,
            0.0,
            0.0,
            0.0,
            2.0,
            1.0,
            1.0,
            2.0,
            1.0,
            1.0,
            1.0,
            1.0,
            1.0,
            1.0,
            1.0,
            1.0,
            1.0,
            1.0,
            1.0,
            1.0,
            1.0,
            1.0,
            1.0,
            1.0,
            1.0
        ],
        [
            0.30000001192092896,
            27.457515716552734,
            8.0,
            8.100000381469727,
            8.199999809265137,
            12.87749195098877,
            0.0006481548771262169,
            1.0048127174377441,
            -3.5251502990722656,
            -14.108068466186523,
            -6.953945636749268,
            -6.953945636749268,
            -4.674849510192871,
            -10.776954650878906,
            4.639442584448983e-13,
            -0.6089555621147156,
            3.68591046333313,
            14.580024719238281,
            7.053709983825684,
            7.053709983825684,
            4.803077697753906,
            0.8574130535125732,
            1.2026896304220564e-14,
            1.1234711408615112,
            0.854814350605011,
            0.5896812677383423,
            0.5489877462387085,
            0.5489877462387085,
            0.8538053631782532,
            0.0,
            0.0,
            2.0,
            0.0,
            0.0,
            0.0,
            0.0,
            0.0,
            2.0,
            1.0,
            2.0,
            2.0,
            2.0,
            2.0,
            1.0,
            1.0,
            1.0,
            1.0,
            1.0,
            1.0,
            1.0,
            1.0,
            1.0,
            1.0,
            1.0,
            1.0,
            1.0,
            1.0,
            1.0
        ],
        [
            0.0,
            0.0,
            0.0,
            0.0,
            0.0,
            0.0,
            0.0,
            0.0,
            0.0,
            0.0,
            0.0,
            0.0,
            0.0,
            0.0,
            0.0,
            0.0,
            0.0,
            0.0,
            0.0,
            0.0,
            0.0,
            0.0,
            0.0,
            0.0,
            0.0,
            0.0,
            0.0,
            0.0,
            0.0,
            0.0,
            0.0,
            0.0,
            0.0,
            0.0,
            0.0,
            0.0,
            0.0,
            -1.0,
            -1.0,
            -1.0,
            -1.0,
            -1.0,
            -1.0,
            -1.0,
            -1.0,
            -1.0,
            -1.0,
            -1.0,
            -1.0,
            -1.0,
            -1.0,
            -1.0,
            -1.0,
            -1.0,
            -1.0,
            -1.0,
            -1.0,
            -1.0
        ]
    ],
    "eval_steps": 3
}