{
    "eval_chronic": "C:\\Users\\thoma\\data_grid2op\\rte_case5_example_val\\chronics\\19",
    "eval_rewards": [
        [
            0.00025485490534907804,
            -0.00010582010582010581,
            -4.0
        ],
        [
            0.00025343562630010053,
            -0.00010582010582010581,
            0.0
        ],
        [
            0.0,
            0.0,
            0.0
        ]
    ],
    "eval_actions": [
        33,
        33,
        44
    ],
    "eval_states": [
        [
            2.0,
            28.762287139892578,
            8.600000381469727,
            8.199999809265137,
            7.800000190734863,
            17.76462173461914,
            10.245555877685547,
            -7.0912909507751465,
            -8.909332275390625,
            -10.245555877685547,
            5.7853685575537384e-05,
            5.7853685575537384e-05,
            1.1093323230743408,
            -13.980925559997559,
            -8.658020973205566,
            7.109071731567383,
            8.929874420166016,
            10.997666358947754,
            -9.24922898687397e-13,
            -9.24922898687397e-13,
            -1.108824610710144,
            1.155148983001709,
            1.9126911163330078,
            0.2554149627685547,
            0.31639161705970764,
            0.7428664565086365,
            1.750323451172979e-14,
            1.750323451172979e-14,
            0.04260120913386345,
            1.0,
            1.0,
            0.0,
            0.0,
            0.0,
            0.0,
            0.0,
            0.0,
            1.0,
            1.0,
            1.0,
            1.0,
            1.0,
            1.0,
            1.0,
            1.0,
            1.0,
            2.0,
            2.0,
            1.0,
            1.0,
            1.0,
            1.0,
            1.0,
            1.0,
            1.0,
            1.0,
            1.0,
            1.0
        ],
        [
            1.899999976158142,
            28.924848556518555,
            8.600000381469727,
            8.199999809265137,
            7.800000190734863,
            17.86503028869629,
            10.300156593322754,
            -7.091286659240723,
            -8.909342765808105,
            -10.300156593322754,
            5.7854147598845884e-05,
            5.7854147598845884e-05,
            1.109342098236084,
            -14.04259204864502,
            -8.696220397949219,
            7.109028339385986,
            8.929783821105957,
            11.05981731414795,
            1.849842327927842e-12,
            1.849842327927842e-12,
            -1.1088290214538574,
            1.1611136198043823,
            1.9227479696273804,
            0.2559747099876404,
            0.3161945939064026,
            0.7465538382530212,
            3.500646902345958e-14,
            3.500646902345958e-14,
            0.042438115924596786,
            2.0,
            2.0,
            0.0,
            0.0,
            0.0,
            0.0,
            0.0,
            0.0,
            1.0,
            1.0,
            1.0,
            1.0,
            1.0,
            1.0,
            1.0,
            1.0,
            1.0,
            2.0,
            2.0,
            1.0,
            1.0,
            1.0,
            1.0,
            1.0,
            1.0,
            1.0,
            1.0,
            1.0,
            1.0
        ],
        [
            0.0,
            0.0,
            0.0,
            0.0,
            0.0,
            0.0,
            0.0,
            0.0,
            0.0,
            0.0,
            0.0,
            0.0,
            0.0,
            0.0,
            0.0,
            0.0,
            0.0,
            0.0,
            0.0,
            0.0,
            0.0,
            0.0,
            0.0,
            0.0,
            0.0,
            0.0,
            0.0,
            0.0,
            0.0,
            0.0,
            0.0,
            0.0,
            0.0,
            0.0,
            0.0,
            0.0,
            0.0,
            -1.0,
            -1.0,
            -1.0,
            -1.0,
            -1.0,
            -1.0,
            -1.0,
            -1.0,
            -1.0,
            -1.0,
            -1.0,
            -1.0,
            -1.0,
            -1.0,
            -1.0,
            -1.0,
            -1.0,
            -1.0,
            -1.0,
            -1.0,
            -1.0
        ]
    ],
    "eval_steps": 3
}