{
    "eval_chronic": "C:\\Users\\thoma\\data_grid2op\\rte_case5_example_val\\chronics\\19",
    "eval_rewards": [
        [
            0.8663906984242937,
            -0.31999999999999557,
            -4.0
        ]
    ],
    "eval_actions": [
        19
    ],
    "eval_states": [
        [
            2.0,
            23.0390625,
            8.600000381469727,
            8.199999809265137,
            7.800000190734863,
            4.023674011230469,
            8.850312232971191,
            -5.700612545013428,
            -0.2271362543106079,
            -18.95346450805664,
            -5.045100688934326,
            -5.045100688934326,
            -7.572864055633545,
            -3.7942512035369873,
            -8.827425956726074,
            5.794251441955566,
            0.22742533683776855,
            19.01538848876953,
            5.051576614379883,
            5.051576614379883,
            7.590814113616943,
            0.274768203496933,
            0.2463054209947586,
            0.5161723494529724,
            0.08614028990268707,
            0.21480995416641235,
            0.14619673788547516,
            0.14619673788547516,
            0.28316277265548706,
            0.0,
            0.0,
            0.0,
            0.0,
            0.0,
            0.0,
            0.0,
            0.0,
            2.0,
            1.0,
            2.0,
            1.0,
            2.0,
            1.0,
            1.0,
            1.0,
            1.0,
            1.0,
            1.0,
            1.0,
            1.0,
            1.0,
            1.0,
            1.0,
            1.0,
            1.0,
            1.0,
            1.0,
            1.0
        ]
    ],
    "eval_steps": 2016
}