{
    "eval_chronic": "C:\\Users\\thoma\\data_grid2op\\rte_case5_example_val\\chronics\\19",
    "eval_rewards": [
        [
            0.0002193828553415522,
            -0.0002645502645502645,
            -1.0
        ],
        [
            0.01875466239167511,
            -0.02777777777777781,
            -1.0
        ],
        [
            0.00026039614795252895,
            -0.00037037037037037035,
            -0.5
        ],
        [
            0.0,
            0.0,
            0.0
        ]
    ],
    "eval_actions": [
        14,
        44,
        6,
        13
    ],
    "eval_states": [
        [
            2.0,
            25.503881454467773,
            8.600000381469727,
            8.199999809265137,
            7.800000190734863,
            11.714866638183594,
            0.0006481730379164219,
            0.6617861390113831,
            -3.54569935798645,
            -13.390277862548828,
            -6.611783981323242,
            -6.611783981323242,
            -4.254301071166992,
            -9.952459335327148,
            1.3908866463088754e-12,
            -0.3291566073894501,
            3.6816158294677734,
            13.789015769958496,
            6.694814682006836,
            6.694814682006836,
            4.361782550811768,
            0.7842977643013,
            3.583312913426652e-14,
            1.0241247415542603,
            0.7822268605232239,
            0.5425119996070862,
            0.5019010901451111,
            0.5019010901451111,
            0.7857221961021423,
            0.0,
            0.0,
            1.0,
            0.0,
            0.0,
            0.0,
            0.0,
            0.0,
            2.0,
            1.0,
            2.0,
            2.0,
            2.0,
            2.0,
            1.0,
            1.0,
            1.0,
            1.0,
            1.0,
            1.0,
            1.0,
            1.0,
            1.0,
            1.0,
            1.0,
            1.0,
            1.0,
            1.0,
            1.0
        ],
        [
            1.899999976158142,
            25.55372428894043,
            8.600000381469727,
            8.199999809265137,
            7.800000190734863,
            11.589510917663574,
            0.0006481275777332485,
            2.093066692352295,
            -4.8159708976745605,
            -13.575662612915039,
            -2.093066692352295,
            -11.305163383483887,
            -2.984029531478882,
            -9.862035751342773,
            1.856007752001898e-12,
            -1.809310793876648,
            4.971346378326416,
            13.964213371276855,
            2.212787389755249,
            11.362227439880371,
            3.10516357421875,
            0.7763583660125732,
            4.8315294636207956e-14,
            0.9408040046691895,
            0.840045154094696,
            0.5356077551841736,
            0.6005595922470093,
            0.4167492687702179,
            0.8317270278930664,
            0.0,
            0.0,
            0.0,
            0.0,
            0.0,
            0.0,
            0.0,
            0.0,
            2.0,
            1.0,
            2.0,
            2.0,
            2.0,
            2.0,
            1.0,
            1.0,
            1.0,
            1.0,
            1.0,
            1.0,
            1.0,
            2.0,
            2.0,
            1.0,
            1.0,
            1.0,
            1.0,
            1.0,
            1.0
        ],
        [
            0.6000000238418579,
            25.634870529174805,
            8.100000381469727,
            7.800000190734863,
            7.400000095367432,
            11.211522102355957,
            3.2222774028778076,
            0.0013094617752358317,
            -4.692660331726074,
            -13.864194869995117,
            -0.0013094617752358317,
            -10.595490455627441,
            -2.7073395252227783,
            -9.587546348571777,
            -2.7212064266204834,
            -4.641277596625915e-13,
            4.808752059936523,
            14.423348426818848,
            0.0038777110166847706,
            10.638040542602539,
            2.795490264892578,
            0.7523512840270996,
            1.0572059154510498,
            1.6536981677149447e-14,
            0.7199495434761047,
            0.6413224339485168,
            0.09901197999715805,
            0.36101457476615906,
            0.7165306806564331,
            0.0,
            1.0,
            0.0,
            0.0,
            0.0,
            0.0,
            0.0,
            0.0,
            2.0,
            2.0,
            1.0,
            2.0,
            2.0,
            2.0,
            1.0,
            1.0,
            1.0,
            1.0,
            1.0,
            1.0,
            1.0,
            2.0,
            2.0,
            1.0,
            1.0,
            1.0,
            1.0,
            1.0,
            1.0
        ],
        [
            0.0,
            0.0,
            0.0,
            0.0,
            0.0,
            0.0,
            0.0,
            0.0,
            0.0,
            0.0,
            0.0,
            0.0,
            0.0,
            0.0,
            0.0,
            0.0,
            0.0,
            0.0,
            0.0,
            0.0,
            0.0,
            0.0,
            0.0,
            0.0,
            0.0,
            0.0,
            0.0,
            0.0,
            0.0,
            0.0,
            0.0,
            0.0,
            0.0,
            0.0,
            0.0,
            0.0,
            0.0,
            -1.0,
            -1.0,
            -1.0,
            -1.0,
            -1.0,
            -1.0,
            -1.0,
            -1.0,
            -1.0,
            -1.0,
            -1.0,
            -1.0,
            -1.0,
            -1.0,
            -1.0,
            -1.0,
            -1.0,
            -1.0,
            -1.0,
            -1.0,
            -1.0
        ]
    ],
    "eval_steps": 78
}