{
    "eval_chronic": "/home/trlautenbacher/data_grid2op/rte_case5_example_val/chronics/19",
    "eval_rewards": [
        [
            0.0002756284037188158,
            -0.0004761904761904762,
            -1.0
        ],
        [
            0.0,
            0.0,
            0.0
        ]
    ],
    "eval_actions": [
        6,
        34
    ],
    "eval_states": [
        [
            2.0,
            25.15855598449707,
            8.600000381469727,
            8.199999809265137,
            7.800000190734863,
            10.374353408813477,
            2.358222484588623,
            0.0013074447633698583,
            -4.188169956207275,
            -14.287225723266602,
            -5.949009895324707,
            -5.949009895324707,
            -3.611830472946167,
            -8.969667434692383,
            -1.9312487840652466,
            4.643490453259957e-13,
            4.300915718078613,
            14.784202575683594,
            5.96450138092041,
            5.96450138092041,
            3.6967124938964844,
            0.6988155841827393,
            0.9728488326072693,
            1.6914300973833347e-14,
            0.708584189414978,
            0.6049501895904541,
            0.22244787216186523,
            0.22244787216186523,
            0.7036266922950745,
            0.0,
            0.0,
            0.0,
            0.0,
            0.0,
            0.0,
            0.0,
            0.0,
            2.0,
            2.0,
            1.0,
            2.0,
            2.0,
            2.0,
            1.0,
            1.0,
            1.0,
            1.0,
            1.0,
            1.0,
            1.0,
            1.0,
            1.0,
            1.0,
            1.0,
            1.0,
            1.0,
            1.0,
            1.0
        ],
        [
            0.0,
            0.0,
            0.0,
            0.0,
            0.0,
            0.0,
            0.0,
            0.0,
            0.0,
            0.0,
            0.0,
            0.0,
            0.0,
            0.0,
            0.0,
            0.0,
            0.0,
            0.0,
            0.0,
            0.0,
            0.0,
            0.0,
            0.0,
            0.0,
            0.0,
            0.0,
            0.0,
            0.0,
            0.0,
            0.0,
            0.0,
            0.0,
            0.0,
            0.0,
            0.0,
            0.0,
            0.0,
            -1.0,
            -1.0,
            -1.0,
            -1.0,
            -1.0,
            -1.0,
            -1.0,
            -1.0,
            -1.0,
            -1.0,
            -1.0,
            -1.0,
            -1.0,
            -1.0,
            -1.0,
            -1.0,
            -1.0,
            -1.0,
            -1.0,
            -1.0,
            -1.0
        ]
    ],
    "eval_steps": 2
}