{
    "eval_chronic": "/home/trlautenbacher/data_grid2op/rte_case5_example_val/chronics/12",
    "eval_rewards": [
        [
            0.00024104464814325157,
            -9.523809523809523e-05,
            -1.0
        ],
        [
            0.769458475269329,
            -0.9595238095238409,
            -1.0
        ]
    ],
    "eval_actions": [
        52,
        3
    ],
    "eval_states": [
        [
            0.30000001192092896,
            26.88353157043457,
            7.800000190734863,
            8.300000190734863,
            8.100000381469727,
            11.268622398376465,
            2.738544225692749,
            4.637808149673961e-13,
            -4.202232837677002,
            -15.07256031036377,
            -6.152819633483887,
            -6.152819633483887,
            -3.8977675437927246,
            -9.629189491271973,
            -2.216287612915039,
            0.001311096828430891,
            4.344165325164795,
            15.614909172058105,
            6.167007923126221,
            6.167007923126221,
            4.005638599395752,
            0.7559844255447388,
            1.0801178216934204,
            0.13720062375068665,
            0.800613284111023,
            0.6316761374473572,
            0.21301577985286713,
            0.21301577985286713,
            0.7872083187103271,
            0.0,
            1.0,
            0.0,
            0.0,
            0.0,
            0.0,
            0.0,
            0.0,
            1.0,
            1.0,
            1.0,
            1.0,
            1.0,
            1.0,
            1.0,
            1.0,
            1.0,
            1.0,
            1.0,
            1.0,
            1.0,
            2.0,
            1.0,
            1.0,
            1.0,
            1.0,
            1.0,
            1.0,
            1.0
        ],
        [
            0.30000001192092896,
            24.728273391723633,
            8.0,
            8.100000381469727,
            8.199999809265137,
            4.829679489135742,
            -4.6324567794799805,
            -9.288503126370085e-13,
            8.020684242248535,
            -19.81071662902832,
            -12.199945449829102,
            -12.199945449829102,
            -16.220684051513672,
            -4.502756118774414,
            4.801445007324219,
            0.001311096828430891,
            -8.0,
            19.89859390258789,
            12.221587181091309,
            12.221587181091309,
            16.299890518188477,
            0.3304844796657562,
            0.5981585383415222,
            0.13720062375068665,
            0.3490108251571655,
            0.2560950517654419,
            0.24523256719112396,
            0.24523256719112396,
            0.6156128644943237,
            0.0,
            0.0,
            0.0,
            0.0,
            0.0,
            0.0,
            0.0,
            0.0,
            2.0,
            2.0,
            2.0,
            1.0,
            2.0,
            1.0,
            1.0,
            1.0,
            1.0,
            1.0,
            1.0,
            1.0,
            1.0,
            2.0,
            1.0,
            1.0,
            1.0,
            1.0,
            1.0,
            1.0,
            1.0
        ]
    ],
    "eval_steps": 2016
}