{
    "eval_chronic": "/home/trlautenbacher/data_grid2op/rte_case5_example_val/chronics/12",
    "eval_rewards": [
        [
            0.03551330613551531,
            -0.04342857142857134,
            -1.0
        ],
        [
            0.6026684846803537,
            -0.7245714285714129,
            0.0
        ]
    ],
    "eval_actions": [
        7,
        15
    ],
    "eval_states": [
        [
            0.30000001192092896,
            25.629371643066406,
            7.800000190734863,
            8.300000190734863,
            8.100000381469727,
            8.25452709197998,
            -0.5869096517562866,
            7.82595682144165,
            -6.661339282989502,
            -17.06360626220703,
            -8.812023162841797,
            -8.812023162841797,
            -1.438660979270935,
            -7.341468334197998,
            0.8844369649887085,
            -7.800000190734863,
            6.757031440734863,
            17.374845504760742,
            8.825258255004883,
            8.825258255004883,
            1.4980899095535278,
            0.5609190464019775,
            0.8055494427680969,
            0.33943092823028564,
            0.6511603593826294,
            0.4798343777656555,
            0.20242933928966522,
            0.20242933928966522,
            0.5971745252609253,
            0.0,
            0.0,
            0.0,
            0.0,
            0.0,
            0.0,
            0.0,
            0.0,
            2.0,
            2.0,
            1.0,
            2.0,
            2.0,
            1.0,
            1.0,
            1.0,
            1.0,
            1.0,
            1.0,
            1.0,
            1.0,
            1.0,
            1.0,
            1.0,
            1.0,
            1.0,
            1.0,
            1.0,
            1.0
        ],
        [
            0.5,
            29.293468475341797,
            9.0,
            9.300000190734863,
            9.399999618530273,
            9.658263206481934,
            9.029440879821777,
            -2.206265926361084,
            -6.342000961303711,
            -19.377182006835938,
            -5.1140241622924805,
            -5.1140241622924805,
            -3.0579984188079834,
            -8.430042266845703,
            -9.0,
            2.4672374725341797,
            6.462804317474365,
            19.635204315185547,
            5.173870086669922,
            5.173870086669922,
            3.1343142986297607,
            0.6526148915290833,
            0.2869027853012085,
            0.8995896577835083,
            0.7363296747207642,
            0.4372116029262543,
            0.4280581772327423,
            0.4280581772327423,
            0.6697971224784851,
            0.0,
            0.0,
            0.0,
            0.0,
            0.0,
            0.0,
            0.0,
            0.0,
            2.0,
            1.0,
            2.0,
            2.0,
            2.0,
            1.0,
            1.0,
            1.0,
            1.0,
            1.0,
            1.0,
            1.0,
            1.0,
            1.0,
            1.0,
            1.0,
            1.0,
            1.0,
            1.0,
            1.0,
            1.0
        ]
    ],
    "eval_steps": 2016
}