{
    "eval_chronic": "/home/trlautenbacher/data_grid2op/rte_case5_example_val/chronics/12",
    "eval_rewards": [
        [
            0.000201842822130965,
            -0.0003809523809523809,
            -1.0
        ],
        [
            0.00017814068184540463,
            -0.0004761904761904762,
            -1.0
        ],
        [
            0.00017842381698465718,
            -0.0004761904761904762,
            -1.0
        ],
        [
            0.0,
            0.0,
            0.0
        ]
    ],
    "eval_actions": [
        41,
        37,
        1,
        20
    ],
    "eval_states": [
        [
            0.30000001192092896,
            27.579631805419922,
            7.800000190734863,
            8.300000190734863,
            8.100000381469727,
            12.265168190002441,
            3.692411422729492,
            -0.9950636029243469,
            -4.805835723876953,
            -14.494388580322266,
            -10.648336410522461,
            0.0,
            -3.2941648960113525,
            -10.345876693725586,
            -3.1937458515167236,
            1.1583867073059082,
            4.881235599517822,
            15.31446361541748,
            10.801918983459473,
            5.8079858717974275e-05,
            3.3433997631073,
            0.8190211653709412,
            1.0546026229858398,
            0.6971980333328247,
            0.5718404054641724,
            0.7753713726997375,
            0.6779228448867798,
            0.02588666044175625,
            0.5468790531158447,
            0.0,
            1.0,
            0.0,
            0.0,
            0.0,
            0.0,
            0.0,
            0.0,
            1.0,
            1.0,
            1.0,
            1.0,
            1.0,
            1.0,
            1.0,
            1.0,
            1.0,
            1.0,
            1.0,
            1.0,
            1.0,
            2.0,
            2.0,
            1.0,
            2.0,
            2.0,
            1.0,
            1.0,
            1.0
        ],
        [
            0.30000001192092896,
            28.127662658691406,
            8.0,
            8.100000381469727,
            8.199999809265137,
            14.609762191772461,
            9.304560160544595e-13,
            0.30743640661239624,
            -4.015451431274414,
            -13.099016189575195,
            -12.717586517333984,
            -3.3833519820958453e-15,
            -4.184548377990723,
            -11.959551811218262,
            0.0006492077955044806,
            0.08352139592170715,
            4.175381183624268,
            13.517899513244629,
            13.098958015441895,
            5.805930413771421e-05,
            4.310149192810059,
            0.9646688103675842,
            0.07894150167703629,
            1.1160597801208496,
            0.8526362180709839,
            0.555907666683197,
            1.061422348022461,
            0.02588207833468914,
            0.8456771969795227,
            0.0,
            0.0,
            1.0,
            0.0,
            0.0,
            1.0,
            0.0,
            0.0,
            1.0,
            1.0,
            1.0,
            1.0,
            1.0,
            1.0,
            1.0,
            1.0,
            1.0,
            2.0,
            1.0,
            1.0,
            1.0,
            2.0,
            2.0,
            1.0,
            2.0,
            2.0,
            1.0,
            1.0,
            1.0
        ],
        [
            0.30000001192092896,
            28.11757469177246,
            7.900000095367432,
            8.100000381469727,
            8.300000190734863,
            14.589227676391602,
            3.0356419926326397e-15,
            0.2865804433822632,
            -4.079957008361816,
            -13.111391067504883,
            -12.731794357299805,
            9.286696845550724e-13,
            -4.220043182373047,
            -11.945844650268555,
            0.0006492077955044806,
            0.10450717806816101,
            4.240688323974609,
            13.528346061706543,
            13.111332893371582,
            5.8058882132172585e-05,
            4.345213890075684,
            0.9634087085723877,
            0.07894150167703629,
            1.116256594657898,
            0.8549097180366516,
            0.5546397566795349,
            1.0588958263397217,
            0.02588198333978653,
            0.8442900776863098,
            0.0,
            0.0,
            2.0,
            0.0,
            0.0,
            2.0,
            0.0,
            0.0,
            1.0,
            1.0,
            1.0,
            1.0,
            1.0,
            1.0,
            1.0,
            1.0,
            1.0,
            2.0,
            1.0,
            1.0,
            1.0,
            2.0,
            2.0,
            1.0,
            2.0,
            2.0,
            1.0,
            1.0,
            1.0
        ],
        [
            0.0,
            0.0,
            0.0,
            0.0,
            0.0,
            0.0,
            0.0,
            0.0,
            0.0,
            0.0,
            0.0,
            0.0,
            0.0,
            0.0,
            0.0,
            0.0,
            0.0,
            0.0,
            0.0,
            0.0,
            0.0,
            0.0,
            0.0,
            0.0,
            0.0,
            0.0,
            0.0,
            0.0,
            0.0,
            0.0,
            0.0,
            0.0,
            0.0,
            0.0,
            0.0,
            0.0,
            0.0,
            -1.0,
            -1.0,
            -1.0,
            -1.0,
            -1.0,
            -1.0,
            -1.0,
            -1.0,
            -1.0,
            -1.0,
            -1.0,
            -1.0,
            -1.0,
            -1.0,
            -1.0,
            -1.0,
            -1.0,
            -1.0,
            -1.0,
            -1.0,
            -1.0
        ]
    ],
    "eval_steps": 4
}