{
    "eval_chronic": "/home/trlautenbacher/data_grid2op/rte_case5_example_val/chronics/12",
    "eval_rewards": [
        [
            0.0001767823878414288,
            -0.00019047619047619045,
            -1.0
        ],
        [
            0.6429575271234134,
            -0.7676190476190308,
            0.0
        ]
    ],
    "eval_actions": [
        28,
        3
    ],
    "eval_states": [
        [
            0.30000001192092896,
            26.344362258911133,
            7.800000190734863,
            8.300000190734863,
            8.100000381469727,
            7.819312572479248,
            3.859999418258667,
            0.5825842022895813,
            -3.7348313331604004,
            -17.341856002807617,
            -6.669350624084473,
            -6.669350624084473,
            -4.365169048309326,
            -7.800000190734863,
            -3.2585573196411133,
            -0.29659321904182434,
            3.8551504611968994,
            18.525049209594727,
            6.740928649902344,
            6.740928649902344,
            4.456116676330566,
            0.09022349119186401,
            1.1620429754257202,
            0.9446268081665039,
            0.7332990765571594,
            0.9300640821456909,
            0.4668242335319519,
            0.4668242335319519,
            0.7263435125350952,
            0.0,
            1.0,
            0.0,
            0.0,
            0.0,
            0.0,
            0.0,
            0.0,
            2.0,
            1.0,
            1.0,
            1.0,
            1.0,
            2.0,
            1.0,
            1.0,
            1.0,
            1.0,
            1.0,
            1.0,
            1.0,
            1.0,
            1.0,
            1.0,
            1.0,
            1.0,
            1.0,
            1.0,
            1.0
        ],
        [
            0.30000001192092896,
            25.526973724365234,
            8.0,
            8.100000381469727,
            8.199999809265137,
            7.355852127075195,
            -1.7095749378204346,
            -4.834476947784424,
            8.0206298828125,
            -17.888608932495117,
            -9.782571792602539,
            -9.782571792602539,
            -16.220630645751953,
            -6.6223978996276855,
            1.934761881828308,
            4.987635612487793,
            -8.0,
            18.17112159729004,
            9.799092292785645,
            9.799092292785645,
            16.29962158203125,
            0.5014011859893799,
            0.69576096534729,
            0.6750489473342896,
            0.34861084818840027,
            0.4573575258255005,
            0.22541020810604095,
            0.22541020810604095,
            0.6147581934928894,
            0.0,
            0.0,
            0.0,
            0.0,
            0.0,
            0.0,
            0.0,
            0.0,
            2.0,
            2.0,
            2.0,
            1.0,
            2.0,
            1.0,
            1.0,
            1.0,
            1.0,
            1.0,
            1.0,
            1.0,
            1.0,
            1.0,
            1.0,
            1.0,
            1.0,
            1.0,
            1.0,
            1.0,
            1.0
        ]
    ],
    "eval_steps": 2016
}