{
    "eval_chronic": "/home/trlautenbacher/data_grid2op/rte_case5_example_val/chronics/19",
    "eval_rewards": [
        [
            0.00022886861337522408,
            -0.0002857142857142857,
            -1.0
        ],
        [
            0.0001757225942165833,
            -0.0005714285714285714,
            -1.0
        ],
        [
            0.7863124077720516,
            -1.7262857142857548,
            -1.0
        ]
    ],
    "eval_actions": [
        31,
        47,
        23
    ],
    "eval_states": [
        [
            2.0,
            25.800434112548828,
            8.600000381469727,
            8.199999809265137,
            7.800000190734863,
            11.375960350036621,
            3.3511319160461426,
            -1.0986665487289429,
            -4.721121311187744,
            -13.714180946350098,
            -10.22237777709961,
            5.799335121992044e-05,
            -3.07887864112854,
            -9.707298278808594,
            -2.9159696102142334,
            1.2376306056976318,
            4.785636901855469,
            14.424474716186523,
            10.363049507141113,
            -2.7823520397374235e-12,
            3.120986223220825,
            0.7628076672554016,
            0.982571005821228,
            0.6378321051597595,
            0.5257518887519836,
            0.7220473289489746,
            0.6493295431137085,
            5.2691710586763585e-14,
            0.5092878937721252,
            0.0,
            0.0,
            0.0,
            0.0,
            0.0,
            0.0,
            0.0,
            0.0,
            1.0,
            1.0,
            1.0,
            1.0,
            1.0,
            1.0,
            1.0,
            1.0,
            1.0,
            2.0,
            2.0,
            2.0,
            1.0,
            1.0,
            1.0,
            1.0,
            1.0,
            1.0,
            1.0,
            1.0,
            1.0
        ],
        [
            1.899999976158142,
            27.207368850708008,
            8.600000381469727,
            8.199999809265137,
            7.800000190734863,
            14.161628723144531,
            6.293888092041016,
            -8.200057983398438,
            -2.0769853591918945,
            -12.226150512695312,
            -5.854602336883545,
            5.7799494243226945e-05,
            -5.723014831542969,
            -11.658744812011719,
            -5.49964714050293,
            8.225674629211426,
            2.2327170372009277,
            13.045741081237793,
            5.932262897491455,
            2.779661266785749e-12,
            5.854602336883545,
            0.9371100664138794,
            1.3413560390472412,
            0.29147741198539734,
            0.8402465581893921,
            0.7751756906509399,
            0.4858889877796173,
            5.2691710586763585e-14,
            0.8638593554496765,
            0.0,
            1.0,
            0.0,
            0.0,
            0.0,
            0.0,
            0.0,
            0.0,
            1.0,
            1.0,
            1.0,
            1.0,
            1.0,
            1.0,
            1.0,
            1.0,
            1.0,
            2.0,
            2.0,
            2.0,
            1.0,
            2.0,
            1.0,
            2.0,
            1.0,
            2.0,
            1.0,
            1.0,
            1.0
        ],
        [
            1.899999976158142,
            23.11777687072754,
            8.5,
            8.0,
            7.900000095367432,
            4.960726737976074,
            16.60793685913086,
            -8.000057220458984,
            -6.459262847900391,
            -18.10123634338379,
            -1.4716790914535522,
            5.701642294297926e-05,
            -1.440737247467041,
            -4.616432189941406,
            -16.5247802734375,
            8.0247802734375,
            6.516432285308838,
            18.15705108642578,
            1.4933007955551147,
            1.8373503673368985e-12,
            1.4716790914535522,
            0.3394875228404999,
            0.4594716727733612,
            0.2862788736820221,
            0.4949471056461334,
            0.20406773686408997,
            0.2625805735588074,
            3.5074773760326167e-14,
            0.444180428981781,
            0.0,
            0.0,
            0.0,
            0.0,
            0.0,
            0.0,
            0.0,
            0.0,
            2.0,
            1.0,
            1.0,
            2.0,
            2.0,
            1.0,
            1.0,
            1.0,
            1.0,
            2.0,
            2.0,
            2.0,
            1.0,
            2.0,
            1.0,
            2.0,
            1.0,
            2.0,
            1.0,
            1.0,
            1.0
        ]
    ],
    "eval_steps": 2016
}