{"train/reward_0": 0.0220734126984127, "train/reward_1": 0.0, "train/reward_2": -1.0, "train/grid2opsteps": 89, "_timestamp": 1722428423.8639688, "_runtime": 43.2217059135437, "_step": 128, "_wandb": {"runtime": 42}}