{"DoNothing/train/reward_0": 0.00017717049612391727, "DoNothing/train/reward_1": 1.0, "DoNothing/train/reward_2": 0.0, "DoNothing/train/grid2opsteps": 396, "_timestamp": 1722455725.2534783, "_runtime": 7.483881235122681, "_step": 128, "_wandb": {"runtime": 6}, "DoNothing/eval/reward_0": 0.0018279349207183217, "DoNothing/eval/reward_1": 7.785714285714285, "DoNothing/eval/reward_2": -0.08333333333333333}