{"DoNothing/train/reward_0": 0.0, "DoNothing/train/reward_1": 0.0002448991844352995, "DoNothing/train/reward_2": 1.0, "DoNothing/train/grid2opsteps": 8689, "_timestamp": 1721290494.902619, "_runtime": 5.756957769393921, "_step": 32, "_wandb": {"runtime": 3}, "DoNothing/eval/reward_0": 0.002742763772175537, "DoNothing/eval/reward_1": 0.0015783471663686774, "DoNothing/eval/reward_2": 5.411764705882353}