{"train/reward_0": 1.0, "train/reward_1": 0.9227024817275014, "train/reward_2": 0.0, "train/grid2opsteps": 2016, "_timestamp": 1722410314.7573192, "_runtime": 6.0010881423950195, "_step": 16, "_wandb": {"runtime": 24}}