{
    "weights": [
        [
            1.0,
            0.0,
            0.0
        ],
        [
            0.0,
            0.0,
            1.0
        ],
        [
            0.0,
            0.6984884645982501,
            0.30151153540174985
        ],
        [
            0.0,
            1.0,
            0.0
        ],
        [
            0.5564005069708493,
            0.0,
            0.44359949302915064
        ],
        [
            0.7496437054631828,
            0.0,
            0.2503562945368171
        ],
        [
            0.0,
            0.4814622763806067,
            0.5185377236193933
        ],
        [
            0.3697895724433722,
            0.0,
            0.6302104275566278
        ],
        [
            0.0,
            0.7568625015526022,
            0.24313749844739788
        ],
        [
            0.0,
            0.358983983983984,
            0.641016016016016
        ],
        [
            0.8028326745718051,
            0.0,
            0.19716732542819498
        ]
    ],
    "values": [
        [
            0.31877944641481765,
            0.41473523035049387,
            -0.38399999999999157
        ],
        [
            0.38877822522524,
            0.4525510703563689,
            -0.47180952380953767
        ],
        [
            0.010412340280833423,
            0.01474081048965454,
            -0.012571428571428551
        ],
        [
            0.7799374824583647,
            0.9048448697090152,
            -1.5072380952381068
        ],
        [
            0.46365137095677783,
            0.503397552299499,
            -0.5604285714285699
        ],
        [
            0.014875742224303145,
            0.01812667767206828,
            -0.021142857142857168
        ],
        [
            0.4805729912037165,
            0.5133493039766945,
            -0.28852380952381146
        ],
        [
            0.0006381945195962017,
            0.0009587174892425536,
            -0.0015714285714285713
        ],
        [
            0.4853577582780253,
            0.5207418149789174,
            -0.602
        ],
        [
            0.010554631818410319,
            0.01483856356143951,
            -0.00014285714285714284
        ],
        [
            0.00021201537579267017,
            0.0002975850979487101,
            -0.00042857142857142855
        ]
    ],
    "ccs_list": [
        [
            [
                0.31877944641481765,
                0.41473523035049387,
                -0.38399999999999157
            ],
            [
                0.38877822522524,
                0.4525510703563689,
                -0.47180952380953767
            ],
            [
                0.010412340280833423,
                0.01474081048965454,
                -0.012571428571428551
            ],
            [
                0.7799374824583647,
                0.9048448697090152,
                -1.5072380952381068
            ],
            [
                0.46365137095677783,
                0.503397552299499,
                -0.5604285714285699
            ],
            [
                0.4805729912037165,
                0.5133493039766945,
                -0.28852380952381146
            ],
            [
                0.0006381945195962017,
                0.0009587174892425536,
                -0.0015714285714285713
            ],
            [
                0.010554631818410319,
                0.01483856356143951,
                -0.00014285714285714284
            ]
        ],
        [
            [
                0.31877944641481765,
                0.41473523035049387,
                -0.38399999999999157
            ],
            [
                0.38877822522524,
                0.4525510703563689,
                -0.47180952380953767
            ],
            [
                0.010412340280833423,
                0.01474081048965454,
                -0.012571428571428551
            ],
            [
                0.7799374824583647,
                0.9048448697090152,
                -1.5072380952381068
            ],
            [
                0.46365137095677783,
                0.503397552299499,
                -0.5604285714285699
            ],
            [
                0.4805729912037165,
                0.5133493039766945,
                -0.28852380952381146
            ],
            [
                0.0006381945195962017,
                0.0009587174892425536,
                -0.0015714285714285713
            ],
            [
                0.010554631818410319,
                0.01483856356143951,
                -0.00014285714285714284
            ]
        ],
        [
            [
                0.31877944641481765,
                0.41473523035049387,
                -0.38399999999999157
            ],
            [
                0.38877822522524,
                0.4525510703563689,
                -0.47180952380953767
            ],
            [
                0.010412340280833423,
                0.01474081048965454,
                -0.012571428571428551
            ],
            [
                0.7799374824583647,
                0.9048448697090152,
                -1.5072380952381068
            ],
            [
                0.46365137095677783,
                0.503397552299499,
                -0.5604285714285699
            ],
            [
                0.4805729912037165,
                0.5133493039766945,
                -0.28852380952381146
            ],
            [
                0.0006381945195962017,
                0.0009587174892425536,
                -0.0015714285714285713
            ],
            [
                0.010554631818410319,
                0.01483856356143951,
                -0.00014285714285714284
            ]
        ],
        [
            [
                0.31877944641481765,
                0.41473523035049387,
                -0.38399999999999157
            ],
            [
                0.38877822522524,
                0.4525510703563689,
                -0.47180952380953767
            ],
            [
                0.010412340280833423,
                0.01474081048965454,
                -0.012571428571428551
            ],
            [
                0.7799374824583647,
                0.9048448697090152,
                -1.5072380952381068
            ],
            [
                0.46365137095677783,
                0.503397552299499,
                -0.5604285714285699
            ],
            [
                0.4805729912037165,
                0.5133493039766945,
                -0.28852380952381146
            ],
            [
                0.0006381945195962017,
                0.0009587174892425536,
                -0.0015714285714285713
            ],
            [
                0.010554631818410319,
                0.01483856356143951,
                -0.00014285714285714284
            ]
        ],
        [
            [
                0.31877944641481765,
                0.41473523035049387,
                -0.38399999999999157
            ],
            [
                0.38877822522524,
                0.4525510703563689,
                -0.47180952380953767
            ],
            [
                0.010412340280833423,
                0.01474081048965454,
                -0.012571428571428551
            ],
            [
                0.7799374824583647,
                0.9048448697090152,
                -1.5072380952381068
            ],
            [
                0.46365137095677783,
                0.503397552299499,
                -0.5604285714285699
            ],
            [
                0.4805729912037165,
                0.5133493039766945,
                -0.28852380952381146
            ],
            [
                0.0006381945195962017,
                0.0009587174892425536,
                -0.0015714285714285713
            ],
            [
                0.010554631818410319,
