{"DoNothing/train/reward_0": 0.0, "DoNothing/train/reward_1": 0.31296050548553467, "DoNothing/train/reward_2": -0.1, "DoNothing/train/grid2opsteps": 1072, "_timestamp": 1721286149.6256924, "_runtime": 4.761024475097656, "_step": 16, "_wandb": {"runtime": 3}, "DoNothing/eval/reward_0": 0.0032242063492063495, "DoNothing/eval/reward_1": 3.41770008531, "DoNothing/eval/reward_2": -0.6612500000000056}