{"DoNothing/train/reward_0": 0.0, "DoNothing/train/reward_1": 0.0002394011793818232, "DoNothing/train/reward_2": -0.1, "DoNothing/train/grid2opsteps": 657, "_timestamp": 1721288470.5793397, "_runtime": 3.817363739013672, "_step": 32, "_wandb": {"runtime": 2}, "DoNothing/eval/reward_0": 0.002742763772175537, "DoNothing/eval/reward_1": 0.0015783471663686774, "DoNothing/eval/reward_2": -0.6058823529411754}