{"Action dimension": 99, "_timestamp": 1720510079.6599035, "_runtime": 2.0065104961395264, "_step": 1, "Observation dimension": [58], "_wandb": {"runtime": 13}}