{"DoNothing/train/reward_0": 0.0, "DoNothing/train/reward_1": 0.00019499359648596996, "DoNothing/train/reward_2": 0.0, "DoNothing/train/grid2opsteps": 97, "_timestamp": 1721738991.222684, "_runtime": 6.810443878173828, "_step": 128, "_wandb": {"runtime": 4}, "DoNothing/eval/reward_0": 0.0016121031746031747, "DoNothing/eval/reward_1": 0.0019491926052442772, "DoNothing/eval/reward_2": -0.0125}