{"DoNothing/train/reward_0": 0.0, "DoNothing/train/reward_1": 0.0001827199312557101, "DoNothing/train/reward_2": 0.0, "DoNothing/train/grid2opsteps": 3022, "_timestamp": 1721311229.2066848, "_runtime": 4.307433843612671, "_step": 32, "_wandb": {"runtime": 3}, "DoNothing/eval/reward_0": 0.0016121031746031747, "DoNothing/eval/reward_1": 0.0019491926052442772, "DoNothing/eval/reward_2": -0.0125}