{
    "eval_chronic": "/home/trlautenbacher/data_grid2op/rte_case5_example_val/chronics/19",
    "eval_rewards": [
        [
            0.020853832432994445,
            -0.023714285714285677,
            -1.0
        ],
        [
            0.7952247251017706,
            -1.1045714285714283,
            -1.0
        ]
    ],
    "eval_actions": [
        47,
        11
    ],
    "eval_states": [
        [
            2.0,
            25.466136932373047,
            8.600000381469727,
            8.199999809265137,
            7.800000190734863,
            10.576891899108887,
            2.473440408706665,
            -0.7484026551246643,
            -3.6642322540283203,
            -14.198399543762207,
            -4.190253734588623,
            -7.451597213745117,
            -4.135767936706543,
            -9.120423316955566,
            -2.1279826164245605,
            0.9092222452163696,
            3.739182949066162,
            14.889244079589844,
            4.22525691986084,
            7.499702453613281,
            4.190253734588623,
            0.7118143439292908,
            0.8711322546005249,
            0.6912664771080017,
            0.569129228591919,
            0.7121699452400208,
            0.33029690384864807,
            0.38450706005096436,
            0.5723222494125366,
            0.0,
            0.0,
            0.0,
            0.0,
            0.0,
            0.0,
            0.0,
            0.0,
            1.0,
            1.0,
            1.0,
            1.0,
            1.0,
            1.0,
            1.0,
            1.0,
            1.0,
            1.0,
            1.0,
            1.0,
            1.0,
            2.0,
            1.0,
            2.0,
            1.0,
            2.0,
            1.0,
            1.0,
            1.0
        ],
        [
            0.6000000238418579,
            25.270395278930664,
            8.899999618530273,
            8.399999618530273,
            7.900000095367432,
            4.797794342041016,
            -4.920375347137451,
            6.794909477233887,
            2.1241025924682617,
            -20.372051239013672,
            -10.052616119384766,
            -15.19490909576416,
            -10.024103164672852,
            -4.475033283233643,
            5.075033664703369,
            -6.777228832244873,
            -2.1227707862854004,
            20.47260284423828,
            10.065513610839844,
            15.226913452148438,
            10.052616119384766,
            0.32829156517982483,
            0.5707414746284485,
            0.279197633266449,
            0.11040254682302475,
            0.27382737398147583,
            0.19121356308460236,
            0.29995858669281006,
            0.36635515093803406,
            0.0,
            0.0,
            0.0,
            0.0,
            0.0,
            0.0,
            0.0,
            0.0,
            2.0,
            2.0,
            1.0,
            1.0,
            2.0,
            1.0,
            1.0,
            1.0,
            1.0,
            1.0,
            1.0,
            1.0,
            1.0,
            2.0,
            1.0,
            2.0,
            1.0,
            2.0,
            1.0,
            1.0,
            1.0
        ]
    ],
    "eval_steps": 2016
}