{
    "eval_chronic": "/home/trlautenbacher/data_grid2op/rte_case5_example_val/chronics/19",
    "eval_rewards": [
        [
            0.0002756284037188158,
            -0.0004761904761904762,
            -1.0
        ],
        [
            0.043601096928880485,
            -0.03457142857142851,
            0.0
        ],
        [
            0.0,
            0.0,
            0.0
        ]
    ],
    "eval_actions": [
        6,
        24,
        5
    ],
    "eval_states": [
        [
            2.0,
            25.15855598449707,
            8.600000381469727,
            8.199999809265137,
            7.800000190734863,
            10.374353408813477,
            2.358222484588623,
            0.0013074447633698583,
            -4.188169956207275,
            -14.287225723266602,
            -5.949009895324707,
            -5.949009895324707,
            -3.611830472946167,
            -8.969667434692383,
            -1.9312487840652466,
            4.643490453259957e-13,
            4.300915718078613,
            14.784202575683594,
            5.96450138092041,
            5.96450138092041,
            3.6967124938964844,
            0.6988155841827393,
            0.9728488326072693,
            1.6914300973833347e-14,
            0.708584189414978,
            0.6049501895904541,
            0.22244787216186523,
            0.22244787216186523,
            0.7036266922950745,
            0.0,
            0.0,
            0.0,
            0.0,
            0.0,
            0.0,
            0.0,
            0.0,
            2.0,
            2.0,
            1.0,
            2.0,
            2.0,
            2.0,
            1.0,
            1.0,
            1.0,
            1.0,
            1.0,
            1.0,
            1.0,
            1.0,
            1.0,
            1.0,
            1.0,
            1.0,
            1.0,
            1.0,
            1.0
        ],
        [
            1.899999976158142,
            23.289581298828125,
            8.600000381469727,
            8.199999809265137,
            7.800000190734863,
            11.312308311462402,
            0.2563111186027527,
            -1.8481462001800537,
            -2.6630003452301025,
            -11.78769302368164,
            -5.759567737579346,
            -5.759567737579346,
            -5.136999607086182,
            -11.277292251586914,
            -0.07399154454469681,
            1.9739915132522583,
            2.6772921085357666,
            11.977273941040039,
            5.765690803527832,
            5.765690803527832,
            5.167282581329346,
            0.10899640619754791,
            0.622003436088562,
            0.6039349436759949,
            0.3149765729904175,
            0.37591665983200073,
            0.1407148540019989,
            0.1407148540019989,
            0.34971100091934204,
            0.0,
            0.0,
            0.0,
            0.0,
            0.0,
            0.0,
            0.0,
            0.0,
            2.0,
            1.0,
            1.0,
            2.0,
            1.0,
            2.0,
            1.0,
            1.0,
            1.0,
            1.0,
            1.0,
            1.0,
            1.0,
            1.0,
            1.0,
            1.0,
            1.0,
            1.0,
            1.0,
            1.0,
            1.0
        ],
        [
            0.0,
            0.0,
            0.0,
            0.0,
            0.0,
            0.0,
            0.0,
            0.0,
            0.0,
            0.0,
            0.0,
            0.0,
            0.0,
            0.0,
            0.0,
            0.0,
            0.0,
            0.0,
            0.0,
            0.0,
            0.0,
            0.0,
            0.0,
            0.0,
            0.0,
            0.0,
            0.0,
            0.0,
            0.0,
            0.0,
            0.0,
            0.0,
            0.0,
            0.0,
            0.0,
            0.0,
            0.0,
            -1.0,
            -1.0,
            -1.0,
            -1.0,
            -1.0,
            -1.0,
            -1.0,
            -1.0,
            -1.0,
            -1.0,
            -1.0,
            -1.0,
            -1.0,
            -1.0,
            -1.0,
            -1.0,
            -1.0,
            -1.0,
            -1.0,
            -1.0,
            -1.0
        ]
    ],
    "eval_steps": 123
}