{
    "eval_chronic": "/home/trlautenbacher/data_grid2op/rte_case5_example_val/chronics/12",
    "eval_rewards": [
        [
            0.8918501622654845,
            -0.7679999999999831,
            -1.0
        ]
    ],
    "eval_actions": [
        16
    ],
    "eval_states": [
        [
            0.30000001192092896,
            24.391382217407227,
            7.800000190734863,
            8.300000190734863,
            8.100000381469727,
            10.897956848144531,
            0.006251043640077114,
            0.5868146419525146,
            -3.639070749282837,
            -13.381217956542969,
            -6.678928375244141,
            -6.678928375244141,
            -4.4609293937683105,
            -10.862648010253906,
            0.30000001192092896,
            -0.5802629590034485,
            3.642911195755005,
            13.493426322937012,
            6.687483310699463,
            6.687483310699463,
            4.471042156219482,
            0.10813175141811371,
            0.817834734916687,
            0.22135277092456818,
            0.16409245133399963,
            0.2902637720108032,
            0.14976216852664948,
            0.14976216852664948,
            0.19480738043785095,
            0.0,
            0.0,
            0.0,
            0.0,
            0.0,
            0.0,
            0.0,
            0.0,
            2.0,
            1.0,
            2.0,
            2.0,
            1.0,
            2.0,
            1.0,
            1.0,
            1.0,
            1.0,
            1.0,
            1.0,
            1.0,
            1.0,
            1.0,
            1.0,
            1.0,
            1.0,
            1.0,
            1.0,
            1.0
        ]
    ],
    "eval_steps": 2016
}