{
    "eval_chronic": "/home/trlautenbacher/data_grid2op/rte_case5_example_val/chronics/12",
    "eval_rewards": [
        [
            0.0001441449186463144,
            -0.00019047619047619045,
            -1.0
        ],
        [
            0.0,
            0.0,
            0.0
        ]
    ],
    "eval_actions": [
        51,
        6
    ],
    "eval_states": [
        [
            0.30000001192092896,
            28.820589065551758,
            7.800000190734863,
            8.300000190734863,
            8.100000381469727,
            14.780084609985352,
            6.353091716766357,
            -8.300000190734863,
            -1.5689610242843628,
            -13.105103492736816,
            -3.350290536880493,
            -3.350290536880493,
            -6.531039237976074,
            -12.072959899902344,
            -5.525485992431641,
            8.3291597366333,
            1.7692855596542358,
            14.040505409240723,
            3.3760061264038086,
            3.3760061264038086,
            6.700581073760986,
            0.9751092791557312,
            1.370049238204956,
            0.30174532532691956,
            0.9593677520751953,
            0.8276965022087097,
            0.28495681285858154,
            0.28495681285858154,
            0.9741767644882202,
            0.0,
            1.0,
            0.0,
            0.0,
            0.0,
            0.0,
            0.0,
            0.0,
            1.0,
            1.0,
            1.0,
            1.0,
            1.0,
            1.0,
            1.0,
            1.0,
            1.0,
            1.0,
            1.0,
            1.0,
            1.0,
            2.0,
            1.0,
            1.0,
            1.0,
            2.0,
            1.0,
            1.0,
            1.0
        ],
        [
            0.0,
            0.0,
            0.0,
            0.0,
            0.0,
            0.0,
            0.0,
            0.0,
            0.0,
            0.0,
            0.0,
            0.0,
            0.0,
            0.0,
            0.0,
            0.0,
            0.0,
            0.0,
            0.0,
            0.0,
            0.0,
            0.0,
            0.0,
            0.0,
            0.0,
            0.0,
            0.0,
            0.0,
            0.0,
            0.0,
            0.0,
            0.0,
            0.0,
            0.0,
            0.0,
            0.0,
            0.0,
            -1.0,
            -1.0,
            -1.0,
            -1.0,
            -1.0,
            -1.0,
            -1.0,
            -1.0,
            -1.0,
            -1.0,
            -1.0,
            -1.0,
            -1.0,
            -1.0,
            -1.0,
            -1.0,
            -1.0,
            -1.0,
            -1.0,
            -1.0,
            -1.0
        ]
    ],
    "eval_steps": 2
}