{
    "eval_chronic": "/home/trlautenbacher/data_grid2op/rte_case5_example_val/chronics/12",
    "eval_rewards": [
        [
            0.020413685006514727,
            0.0,
            -1.0
        ],
        [
            0.00019390993914786297,
            -0.0002857142857142857,
            0.0
        ],
        [
            0.0,
            0.0,
            0.0
        ]
    ],
    "eval_actions": [
        30,
        31,
        5
    ],
    "eval_states": [
        [
            0.30000001192092896,
            27.17757797241211,
            7.800000190734863,
            8.300000190734863,
            8.100000381469727,
            11.366332054138184,
            2.72005295753479,
            -0.08114790171384811,
            -4.169963359832764,
            -15.022329330444336,
            -6.103853225708008,
            -6.103853225708008,
            -3.930037260055542,
            -9.700301170349121,
            -2.324437141418457,
            0.27054455876350403,
            4.254193305969238,
            15.811246871948242,
            6.1511383056640625,
            6.1511383056640625,
            3.988853931427002,
            0.7621960043907166,
            0.9349967837333679,
            0.7559517025947571,
            0.606358528137207,
            0.7606089115142822,
            0.3816232681274414,
            0.3816232681274414,
            0.5930918455123901,
            0.0,
            0.0,
            0.0,
            0.0,
            0.0,
            0.0,
            0.0,
            0.0,
            1.0,
            1.0,
            1.0,
            1.0,
            1.0,
            1.0,
            1.0,
            1.0,
            1.0,
            1.0,
            1.0,
            1.0,
            1.0,
            1.0,
            1.0,
            1.0,
            1.0,
            1.0,
            1.0,
            1.0,
            1.0
        ],
        [
            0.5,
            28.26768684387207,
            8.199999809265137,
            8.300000190734863,
            8.399999618530273,
            12.601032257080078,
            3.8135931491851807,
            -0.9757183194160461,
            -4.944118499755859,
            -14.813485145568848,
            -10.831320762634277,
            5.798678466817364e-05,
            -3.455881118774414,
            -10.583189010620117,
            -3.2845938205718994,
            1.1451343297958374,
            5.022648334503174,
            15.666654586791992,
            10.999892234802246,
            -9.263272657614174e-13,
            3.5069806575775146,
            0.8401109576225281,
            1.08738374710083,
            0.7113429307937622,
            0.5845745801925659,
            0.7907343506813049,
            0.7096791863441467,
            1.750323451172979e-14,
            0.5561719536781311,
            0.0,
            1.0,
            0.0,
            0.0,
            0.0,
            0.0,
            0.0,
            0.0,
            1.0,
            1.0,
            1.0,
            1.0,
            1.0,
            1.0,
            1.0,
            1.0,
            1.0,
            2.0,
            2.0,
            2.0,
            1.0,
            1.0,
            1.0,
            1.0,
            1.0,
            1.0,
            1.0,
            1.0,
            1.0
        ],
        [
            0.0,
            0.0,
            0.0,
            0.0,
            0.0,
            0.0,
            0.0,
            0.0,
            0.0,
            0.0,
            0.0,
            0.0,
            0.0,
            0.0,
            0.0,
            0.0,
            0.0,
            0.0,
            0.0,
            0.0,
            0.0,
            0.0,
            0.0,
            0.0,
            0.0,
            0.0,
            0.0,
            0.0,
            0.0,
            0.0,
            0.0,
            0.0,
            0.0,
            0.0,
            0.0,
            0.0,
            0.0,
            -1.0,
            -1.0,
            -1.0,
            -1.0,
            -1.0,
            -1.0,
            -1.0,
            -1.0,
            -1.0,
            -1.0,
            -1.0,
            -1.0,
            -1.0,
            -1.0,
            -1.0,
            -1.0,
            -1.0,
            -1.0,
            -1.0,
            -1.0,
            -1.0
        ]
    ],
    "eval_steps": 86
}