{
    "eval_chronic": "/home/trlautenbacher/data_grid2op/rte_case5_example_val/chronics/12",
    "eval_rewards": [
        [
            0.020413685006514727,
            0.0,
            0.0
        ],
        [
            0.0014398508785738646,
            -0.002380952380952381,
            -1.0
        ],
        [
            0.00022968620050863305,
            -0.0003809523809523809,
            0.0
        ],
        [
            0.0,
            0.0,
            0.0
        ]
    ],
    "eval_actions": [
        0,
        2,
        22,
        4
    ],
    "eval_states": [
        [
            0.30000001192092896,
            27.17757797241211,
            7.800000190734863,
            8.300000190734863,
            8.100000381469727,
            11.366332054138184,
            2.72005295753479,
            -0.08114790171384811,
            -4.169963359832764,
            -15.022329330444336,
            -6.103853225708008,
            -6.103853225708008,
            -3.930037260055542,
            -9.700301170349121,
            -2.324437141418457,
            0.27054455876350403,
            4.254193305969238,
            15.811246871948242,
            6.1511383056640625,
            6.1511383056640625,
            3.988853931427002,
            0.7621960043907166,
            0.9349967837333679,
            0.7559517025947571,
            0.606358528137207,
            0.7606089115142822,
            0.3816232681274414,
            0.3816232681274414,
            0.5930918455123901,
            0.0,
            0.0,
            0.0,
            0.0,
            0.0,
            0.0,
            0.0,
            0.0,
            1.0,
            1.0,
            1.0,
            1.0,
            1.0,
            1.0,
            1.0,
            1.0,
            1.0,
            1.0,
            1.0,
            1.0,
            1.0,
            1.0,
            1.0,
            1.0,
            1.0,
            1.0,
            1.0,
            1.0,
            1.0
        ],
        [
            0.5,
            26.941255569458008,
            8.199999809265137,
            8.300000190734863,
            8.399999618530273,
            10.12943172454834,
            1.2414652109146118,
            -1.7177009582519531,
            0.00046154449228197336,
            -16.287324905395508,
            -7.500567436218262,
            -7.500567436218262,
            -8.400461196899414,
            -8.78626823425293,
            -0.8590136170387268,
            1.945281744003296,
            -1.849197227635213e-12,
            16.81182289123535,
            7.522929668426514,
            7.522929668426514,
            8.418835639953613,
            0.6830565333366394,
            0.9185811877250671,
            0.835466206073761,
            6.576519656544683e-14,
            0.6212626695632935,
            0.26479798555374146,
            0.26479798555374146,
            0.29878824949264526,
            0.0,
            0.0,
            0.0,
            0.0,
            0.0,
            0.0,
            0.0,
            0.0,
            2.0,
            2.0,
            2.0,
            1.0,
            2.0,
            2.0,
            1.0,
            1.0,
            1.0,
            1.0,
            1.0,
            1.0,
            1.0,
            1.0,
            1.0,
            1.0,
            1.0,
            1.0,
            1.0,
            1.0,
            1.0
        ],
        [
            0.5,
            28.719358444213867,
            8.5,
            8.5,
            8.800000190734863,
            14.076663970947266,
            1.2995493412017822,
            -1.2907662391662598,
            -3.252166748046875,
            -14.423023223876953,
            -6.526668548583984,
            -6.526668548583984,
            -5.547833442687988,
            -11.601314544677734,
            -1.2921744585037231,
            1.2921744585037231,
            3.6013145446777344,
            14.642694473266602,
            6.561737060546875,
            6.561737060546875,
            5.844103813171387,
            0.9318704009056091,
            0.09538586437702179,
            0.1311555653810501,
            1.2822027206420898,
            0.404087632894516,
            0.32999923825263977,
            0.32999923825263977,
            1.2734582424163818,
            0.0,
            0.0,
            0.0,
            1.0,
            0.0,
            0.0,
            0.0,
            1.0,
            2.0,
            1.0,
            1.0,
            2.0,
            2.0,
            2.0,
            1.0,
            1.0,
            1.0,
            1.0,
            1.0,
            1.0,
            1.0,
            1.0,
            1.0,
            1.0,
            1.0,
            1.0,
            1.0,
            1.0,
            1.0
        ],
        [
            0.0,
            0.0,
            0.0,
            0.0,
            0.0,
            0.0,
            0.0,
            0.0,
            0.0,
            0.0,
            0.0,
            0.0,
            0.0,
            0.0,
            0.0,
            0.0,
            0.0,
            0.0,
            0.0,
            0.0,
            0.0,
            0.0,
            0.0,
            0.0,
            0.0,
            0.0,
            0.0,
            0.0,
            0.0,
            0.0,
            0.0,
            0.0,
            0.0,
            0.0,
            0.0,
            0.0,
            0.0,
            -1.0,
            -1.0,
            -1.0,
            -1.0,
            -1.0,
            -1.0,
            -1.0,
            -1.0,
            -1.0,
            -1.0,
            -1.0,
            -1.0,
            -1.0,
            -1.0,
            -1.0,
            -1.0,
            -1.0,
            -1.0,
            -1.0,
            -1.0,
            -1.0
        ]
    ],
    "eval_steps": 91
}