{"train/reward_0": 0.0, "train/reward_1": 1.5234817862510681, "train/reward_2": -0.2, "train/grid2opsteps": 1825, "_timestamp": 1721204314.8565485, "_runtime": 6.173520565032959, "_step": 8, "_wandb": {"runtime": 10}}