{"DoNothing/train/reward_0": 0.0, "DoNothing/train/reward_1": 0.0002448991844352995, "DoNothing/train/reward_2": 0.0, "DoNothing/train/grid2opsteps": 8689, "_timestamp": 1721291044.5713446, "_runtime": 6.022424697875977, "_step": 32, "_wandb": {"runtime": 5}, "DoNothing/eval/reward_0": 0.0032242063492063495, "DoNothing/eval/reward_1": 0.0023248390129069875, "DoNothing/eval/reward_2": -0.0125}