{"train/reward_0": 1.0, "train/reward_1": 0.8305644574792566, "train/reward_2": 0.0, "train/grid2opsteps": 2497, "_timestamp": 1721293873.1467743, "_runtime": 10.708106279373169, "_step": 8, "_wandb": {"runtime": 11}}