{"Action dimension": 99, "_timestamp": 1720447444.540493, "_runtime": 2.7875819206237793, "_step": 1, "Observation dimension": [58], "_wandb": {"runtime": 48}}