{
    "eval_chronic": "C:\\Users\\thoma\\data_grid2op\\rte_case5_example_val\\chronics\\12",
    "eval_rewards": [
        [
            0.00019422744211347937,
            -0.14285714285714285,
            -0.14285714285714285
        ],
        [
            0.020212393123416283,
            0.0,
            -11.857142857142852
        ],
        [
            0.00010050236833987722,
            -0.14285714285714285,
            -0.14285714285714285
        ],
        [
            0.00018703844750260254,
            0.0,
            -0.14285714285714285
        ],
        [
            0.0001838724602221189,
            0.0,
            -0.14285714285714285
        ],
        [
            0.0,
            0.0,
            0.0
        ]
    ],
    "eval_actions": [
        20,
        1,
        40,
        38,
        1,
        21
    ],
    "eval_states": [
        [
            0.30000001192092896,
            25.980878829956055,
            7.800000190734863,
            8.300000190734863,
            8.100000381469727,
            9.274837493896484,
            4.199976444244385,
            -1.3111532926559448,
            -3.4187796115875244,
            -16.083478927612305,
            -5.933969974517822,
            -5.933969974517822,
            -4.681220531463623,
            -9.204680442810059,
            -3.358767509460449,
            1.4046802520751953,
            3.6587674617767334,
            16.70604133605957,
            5.941751003265381,
            5.941751003265381,
            4.879092693328857,
            0.14839403331279755,
            1.3814526796340942,
            0.647668719291687,
            1.054890751838684,
            0.6763303875923157,
            0.15868434309959412,
            0.15868434309959412,
            1.0494391918182373,
            0.0,
            1.0,
            0.0,
            1.0,
            0.0,
            0.0,
            0.0,
            1.0,
            2.0,
            1.0,
            2.0,
            1.0,
            1.0,
            2.0,
            1.0,
            1.0,
            1.0,
            1.0,
            1.0,
            1.0,
            1.0,
            1.0,
            1.0,
            1.0,
            1.0,
            1.0,
            1.0,
            1.0,
            1.0
        ],
        [
            0.30000001192092896,
            27.337387084960938,
            8.0,
            8.100000381469727,
            8.199999809265137,
            11.47834587097168,
            2.7920138835906982,
            -0.018232254311442375,
            -4.176650047302246,
            -15.054154396057129,
            -6.0826416015625,
            -6.0826416015625,
            -4.023349761962891,
            -9.781596183776855,
            -2.389904260635376,
            0.21009813249111176,
            4.261402130126953,
            15.859041213989258,
            6.131070137023926,
            6.131070137023926,
            4.083515644073486,
            0.7693085074424744,
            0.9429643154144287,
            0.7613071203231812,
            0.6083773374557495,
            0.7682061791419983,
            0.38608092069625854,
            0.38608092069625854,
            0.5992795825004578,
            0.0,
            0.0,
            0.0,
            0.0,
            0.0,
            0.0,
            0.0,
            0.0,
            1.0,
            1.0,
            1.0,
            1.0,
            1.0,
            1.0,
            1.0,
            1.0,
            1.0,
            1.0,
            1.0,
            1.0,
            1.0,
            1.0,
            1.0,
            1.0,
            1.0,
            1.0,
            1.0,
            1.0,
            1.0
        ],
        [
            0.5,
            30.64145278930664,
            8.199999809265137,
            8.300000190734863,
            8.399999618530273,
            16.48236083984375,
            7.685362339019775,
            5.0669331550598145,
            -16.722627639770508,
            -12.8585786819458,
            -2.5334665775299072,
            -2.5334665775299072,
            8.32262897491455,
            -13.179226875305176,
            -6.770561695098877,
            -4.557729721069336,
            16.807518005371094,
            14.159090042114258,
            2.5866079330444336,
            2.5866079330444336,
            -8.300000190734863,
            1.0784589052200317,
            1.4425063133239746,
            1.2839076519012451,
            0.6370669603347778,
            0.9748315215110779,
            0.4043709635734558,
            0.4043709635734558,
            0.36472564935684204,
            1.0,
            1.0,
            1.0,
            0.0,
            0.0,
            0.0,
            0.0,
            0.0,
            1.0,
            1.0,
            1.0,
            1.0,
            1.0,
            1.0,
            1.0,
            1.0,
            1.0,
            1.0,
            1.0,
            1.0,
            1.0,
            2.0,
            2.0,
            2.0,
            1.0,
            1.0,
            1.0,
            1.0,
            1.0
        ],
        [
            0.5,
            28.225967407226562,
            8.199999809265137,
            8.5,
            8.5,
            11.821023941040039,
            2.832798480987549,
            -0.07120425999164581,
            -4.367796897888184,
            -15.558632850646973,
            -6.3121490478515625,
            -6.3121490478515625,
            -4.132203102111816,
            -10.028800010681152,
            -2.40610671043396,
            0.27571070194244385,
            4.459196090698242,
            16.404945373535156,
            6.362917423248291,
            6.362917423248291,
            4.195502281188965,
            0.7910125851631165,
            0.9725419878959656,
            0.7882108092308044,
            0.6336170434951782,
            0.7875632047653198,
            0.3949854075908661,
            0.3949854075908661,
            0.6134689450263977,
            0.0,
            0.0,
            0.0,
            0.0,
            0.0,
            0.0,
            0.0,
            0.0,
            1.0,
            1.0,
            1.0,
            1.0,
            1.0,
            1.0,
            1.0,
            1.0,
            1.0,
            1.0,
            1.0,
            1.0,
            1.0,
            1.0,
            1.0,
            1.0,
            1.0,
            1.0,
            1.0,
            1.0,
            1.0
        ],
        [
            0.5,
            28.38142204284668,
            8.399999618530273,
            8.399999618530273,
            8.5,
            11.921727180480957,
            2.892049789428711,
            -0.022442499175667763,
            -4.334784507751465,
            -15.6019926071167,
            -6.303719520568848,
            -6.303719520568848,
            -4.165215492248535,
            -10.101019859313965,
            -2.457676410675049,
            0.2310113161802292,
            4.427685260772705,
            16.45969581604004,
            6.354971408843994,
            6.354971408843994,
            4.22988224029541,
            0.7973751425743103,
            0.9816122651100159,
            0.7966773509979248,
            0.639141857624054,
            0.7928040623664856,
            0.39681074023246765,
            0.39681074023246765,
            0.6195629239082336,
            0.0,
            0.0,
            0.0,
            0.0,
            0.0,
            0.0,
            0.0,
            0.0,
            1.0,
            1.0,
            1.0,
            1.0,
            1.0,
            1.0,
            1.0,
            1.0,
            1.0,
            1.0,
            1.0,
            1.0,
            1.0,
            1.0,
            1.0,
            1.0,
            1.0,
            1.0,
            1.0,
            1.0,
            1.0
        ],
        [
            0.0,
