{
    "eval_chronic": "C:\\Users\\thoma\\data_grid2op\\rte_case5_example_val\\chronics\\12",
    "eval_rewards": [
        [
            0.00011156636086869603,
            -0.14285714285714285,
            -0.14285714285714285
        ],
        [
            0.00011094896377431435,
            -0.14285714285714285,
            -0.14285714285714285
        ],
        [
            0.01987430335389345,
            -11.71428571428571,
            -11.71428571428571
        ],
        [
            9.884479209721973e-05,
            -0.23809523809523808,
            -0.23809523809523808
        ],
        [
            0.7783599801613316,
            -827.571428571447,
            -827.571428571447
        ]
    ],
    "eval_actions": [
        40,
        30,
        47,
        36,
        3
    ],
    "eval_states": [
        [
            0.30000001192092896,
            29.85245132446289,
            7.800000190734863,
            8.300000190734863,
            8.100000381469727,
            16.057865142822266,
            7.502284526824951,
            4.948437213897705,
            -16.42194938659668,
            -12.552275657653809,
            -2.4742186069488525,
            -2.4742186069488525,
            8.321949005126953,
            -12.907914161682129,
            -6.6310906410217285,
            -4.4638166427612305,
            16.50282096862793,
            13.794588088989258,
            2.5249955654144287,
            2.5249955654144287,
            -8.300000190734863,
            1.0528538227081299,
            1.4067620038986206,
            1.2508740425109863,
            0.6219797134399414,
            0.9529151320457458,
            0.39556121826171875,
            0.39556121826171875,
            0.35853591561317444,
            1.0,
            1.0,
            1.0,
            0.0,
            0.0,
            0.0,
            0.0,
            0.0,
            1.0,
            1.0,
            1.0,
            1.0,
            1.0,
            1.0,
            1.0,
            1.0,
            1.0,
            1.0,
            1.0,
            1.0,
            1.0,
            2.0,
            2.0,
            2.0,
            1.0,
            1.0,
            1.0,
            1.0,
            1.0
        ],
        [
            0.30000001192092896,
            30.003158569335938,
            8.0,
            8.100000381469727,
            8.199999809265137,
            16.138946533203125,
            7.537304401397705,
            4.97111177444458,
            -16.32069969177246,
            -12.61086654663086,
            -2.48555588722229,
            -2.48555588722229,
            8.120699882507324,
            -12.959967613220215,
            -6.657849311828613,
            -4.481834411621094,
            16.39965057373047,
            13.864212036132812,
            2.536781072616577,
            2.536781072616577,
            -8.100000381469727,
            1.057753086090088,
            1.4136013984680176,
            1.2571947574615479,
            0.6149451732635498,
            0.9571086764335632,
            0.3972468674182892,
            0.3972468674182892,
            0.3486063778400421,
            2.0,
            2.0,
            2.0,
            0.0,
            0.0,
            0.0,
            0.0,
            0.0,
            1.0,
            1.0,
            1.0,
            1.0,
            1.0,
            1.0,
            1.0,
            1.0,
            1.0,
            1.0,
            1.0,
            1.0,
            1.0,
            2.0,
            2.0,
            2.0,
            1.0,
            1.0,
            1.0,
            1.0,
            1.0
        ],
        [
            0.30000001192092896,
            27.353261947631836,
            7.900000095367432,
            8.100000381469727,
            8.300000190734863,
            11.509465217590332,
            2.8248023986816406,
            -0.5262810587882996,
            -3.822553873062134,
            -15.037373542785645,
            -4.541381359100342,
            -7.573719501495361,
            -4.477446556091309,
            -9.80413818359375,
            -2.419504165649414,
            0.7127692103385925,
            3.9108734130859375,
            15.843795776367188,
            4.5817108154296875,
            7.630859851837158,
            4.541381359100342,
            0.771282970905304,
            0.9468526840209961,
            0.749626636505127,
            0.6217571496963501,
            0.7689334750175476,
            0.3536074161529541,
            0.4181082546710968,
            0.6160619854927063,
            0.0,
            0.0,
            0.0,
            0.0,
            0.0,
            0.0,
            0.0,
            0.0,
            1.0,
            1.0,
            1.0,
            1.0,
            1.0,
            1.0,
            1.0,
            1.0,
            1.0,
            1.0,
            1.0,
            1.0,
            1.0,
            2.0,
            1.0,
            2.0,
            1.0,
            2.0,
            1.0,
            1.0,
            1.0
        ],
        [
            0.5,
            31.581802368164062,
            8.199999809265137,
            8.300000190734863,
            8.399999618530273,
            21.58466148376465,
            -3.871595859527588,
            -4.430966854095459,
            0.41183799505233765,
            -9.676149368286133,
            -9.371885299682617,
            -3.869033098220825,
            -8.811837196350098,
            -16.2186336517334,
            3.8757481575012207,
            4.438176155090332,
            0.20470882952213287,
            9.997139930725098,
            9.676149368286133,
            3.871595859527588,
            9.371885299682617,
            1.3780966997146606,
            0.10563720017671585,
            0.16055771708488464,
            1.7195281982421875,
            0.4874693751335144,
            0.9495296478271484,
            0.07993558794260025,
            1.7327356338500977,
            1.0,
            0.0,
            0.0,
            1.0,
            0.0,
            0.0,
            0.0,
            1.0,
            1.0,
            1.0,
            1.0,
            1.0,
            1.0,
            1.0,
            1.0,
            1.0,
            1.0,
            2.0,
            1.0,
            1.0,
            2.0,
            2.0,
            1.0,
            2.0,
            1.0,
            2.0,
            1.0,
            1.0,
            1.0
        ],
        [
            0.5,
            25.998428344726562,
            8.199999809265137,
            8.5,
            8.5,
            9.115994453430176,
            -3.964877128601074,
            -4.537722110748291,
            8.221537590026855,
            -16.845108032226562,
            -16.806137084960938,
            -3.962277889251709,
            -16.72153663635254,
            -8.014421463012695,
            3.9692249298095703,
            4.545196533203125,
            -8.199999809265137,
            16.88243293762207,
            16.845108032226562,
            3.964877128601074,
            16.806137084960938,
            0.6173723340034485,
            0.10870768874883652,
            0.165073961019516,
            0.3551596403121948,
            0.1626298725605011,
            0.3314678370952606,
            0.08087187260389328,
            0.6366145014762878,
            0.0,
            0.0,
            0.0,
            0.0,
            0.0,
            0.0,
            0.0,
            0.0,
            2.0,
            2.0,
            2.0,
            1.0,
            2.0,
            1.0,
            1.0,
            1.0,
            1.0,
            2.0,
            1.0,
            1.0,
            2.0,
            2.0,
            1.0,
            2.0,
            1.0,
            2.0,
            1.0,
            1.0,
            1.0
        ]
    ],
    "eval_steps": 2016
}