{
    "eval_chronic": "C:\\Users\\thoma\\data_grid2op\\rte_case5_example_val\\chronics\\19",
    "eval_rewards": [
        [
            0.0002268793247194526,
            -0.19047619047619047,
            -0.19047619047619047
        ],
        [
            0.6524294962990332,
            -767.6190476190831,
            -767.6190476190831
        ]
    ],
    "eval_actions": [
        41,
        15
    ],
    "eval_states": [
        [
            2.0,
            25.801000595092773,
            8.600000381469727,
            8.199999809265137,
            7.800000190734863,
            11.375762939453125,
            3.3504576683044434,
            -1.096423625946045,
            -4.7206830978393555,
            -13.709735870361328,
            -10.226067543029785,
            -3.713022077300732e-12,
            -3.0793168544769287,
            -9.707155227661133,
            -2.918076515197754,
            1.2387354373931885,
            4.786495685577393,
            14.425237655639648,
            10.359219551086426,
            5.8082023315364495e-05,
            3.1224918365478516,
            0.7627951502799988,
            0.9793006777763367,
            0.6462855935096741,
            0.5314240455627441,
            0.7246679067611694,
            0.6320348978042603,
            0.0258871391415596,
            0.5151363015174866,
            0.0,
            0.0,
            0.0,
            0.0,
            0.0,
            0.0,
            0.0,
            0.0,
            1.0,
            1.0,
            1.0,
            1.0,
            1.0,
            1.0,
            1.0,
            1.0,
            1.0,
            1.0,
            1.0,
            1.0,
            1.0,
            2.0,
            2.0,
            1.0,
            2.0,
            2.0,
            1.0,
            1.0,
            1.0
        ],
        [
            1.899999976158142,
            24.094890594482422,
            8.600000381469727,
            8.199999809265137,
            7.800000190734863,
            7.977573394775391,
            8.626395225524902,
            -2.8555452823638916,
            -5.960846900939941,
            -15.972468376159668,
            -7.223696231842041,
            9.26296582839936e-13,
            -1.8391534090042114,
            -7.121747016906738,
            -8.600000381469727,
            2.9944608211517334,
            6.027286052703857,
            16.11731719970703,
            7.346014976501465,
            5.7970944908447564e-05,
            1.879241704940796,
            0.5426459908485413,
            0.2723771035671234,
            0.6384221911430359,
            0.5355380773544312,
            0.3289214074611664,
            0.6065751314163208,
            0.025862375274300575,
            0.4988390803337097,
            0.0,
            0.0,
            0.0,
            0.0,
            0.0,
            0.0,
            0.0,
            0.0,
            2.0,
            1.0,
            2.0,
            2.0,
            2.0,
            1.0,
            1.0,
            1.0,
            1.0,
            1.0,
            1.0,
            1.0,
            1.0,
            2.0,
            2.0,
            1.0,
            2.0,
            2.0,
            1.0,
            1.0,
            1.0
        ]
    ],
    "eval_steps": 2016
}