{
    "eval_chronic": "C:\\Users\\thoma\\data_grid2op\\rte_case5_example_val\\chronics\\19",
    "eval_rewards": [
        [
            0.0001699821134031241,
            -0.09523809523809523,
            -0.09523809523809523
        ],
        [
            0.00024837736893599415,
            -0.14285714285714285,
            -0.14285714285714285
        ],
        [
            0.0,
            0.0,
            0.0
        ]
    ],
    "eval_actions": [
        51,
        49,
        1
    ],
    "eval_states": [
        [
            2.0,
            26.926654815673828,
            8.600000381469727,
            8.199999809265137,
            7.800000190734863,
            13.773613929748535,
            5.920811653137207,
            -8.199999809265137,
            -1.589377999305725,
            -12.32602596282959,
            -3.17974853515625,
            -3.17974853515625,
            -6.210622310638428,
            -11.395428657531738,
            -5.197066783905029,
            8.228846549987793,
            1.7636480331420898,
            13.153040885925293,
            3.2026069164276123,
            3.2026069164276123,
            6.3594970703125,
            0.9131433963775635,
            1.2786575555801392,
            0.2990705370903015,
            0.8915601968765259,
            0.7786497473716736,
            0.26937970519065857,
            0.26937970519065857,
            0.9157959222793579,
            0.0,
            1.0,
            0.0,
            0.0,
            0.0,
            0.0,
            0.0,
            0.0,
            1.0,
            1.0,
            1.0,
            1.0,
            1.0,
            1.0,
            1.0,
            1.0,
            1.0,
            1.0,
            1.0,
            1.0,
            1.0,
            2.0,
            1.0,
            1.0,
            1.0,
            2.0,
            1.0,
            1.0,
            1.0
        ],
        [
            1.899999976158142,
            28.919727325439453,
            8.600000381469727,
            8.199999809265137,
            7.800000190734863,
            17.849891662597656,
            10.274365425109863,
            -7.090916633605957,
            -8.90939998626709,
            -10.274481773376465,
            2.3364326000584494e-15,
            2.3364326000584494e-15,
            1.1093995571136475,
            -14.033304214477539,
            -8.708057403564453,
            7.110219955444336,
            8.931140899658203,
            11.069835662841797,
            5.813956886413507e-05,
            5.813956886413507e-05,
            -1.1090829372406006,
            1.1602146625518799,
            1.8996047973632812,
            0.2516982853412628,
            0.32044750452041626,
            0.7637448906898499,
            0.025899963453412056,
            0.025899963453412056,
            0.06846548616886139,
            1.0,
            2.0,
            0.0,
            0.0,
            0.0,
            0.0,
            0.0,
            0.0,
            1.0,
            1.0,
            1.0,
            1.0,
            1.0,
            1.0,
            1.0,
            1.0,
            1.0,
            1.0,
            1.0,
            1.0,
            1.0,
            2.0,
            1.0,
            1.0,
            2.0,
            2.0,
            1.0,
            1.0,
            1.0
        ],
        [
            0.0,
            0.0,
            0.0,
            0.0,
            0.0,
            0.0,
            0.0,
            0.0,
            0.0,
            0.0,
            0.0,
            0.0,
            0.0,
            0.0,
            0.0,
            0.0,
            0.0,
            0.0,
            0.0,
            0.0,
            0.0,
            0.0,
            0.0,
            0.0,
            0.0,
            0.0,
            0.0,
            0.0,
            0.0,
            0.0,
            0.0,
            0.0,
            0.0,
            0.0,
            0.0,
            0.0,
            0.0,
            -1.0,
            -1.0,
            -1.0,
            -1.0,
            -1.0,
            -1.0,
            -1.0,
            -1.0,
            -1.0,
            -1.0,
            -1.0,
            -1.0,
            -1.0,
            -1.0,
            -1.0,
            -1.0,
            -1.0,
            -1.0,
            -1.0,
            -1.0,
            -1.0
        ]
    ],
    "eval_steps": 3
}