{
    "eval_chronic": "C:\\Users\\thoma\\data_grid2op\\rte_case5_example_val\\chronics\\19",
    "eval_rewards": [
        [
            0.00025485490534907804,
            -0.09523809523809523,
            -0.09523809523809523
        ],
        [
            0.0,
            0.0,
            0.0
        ]
    ],
    "eval_actions": [
        33,
        14
    ],
    "eval_states": [
        [
            2.0,
            28.762287139892578,
            8.600000381469727,
            8.199999809265137,
            7.800000190734863,
            17.76462173461914,
            10.245555877685547,
            -7.0912909507751465,
            -8.909332275390625,
            -10.245555877685547,
            5.7853685575537384e-05,
            5.7853685575537384e-05,
            1.1093323230743408,
            -13.980925559997559,
            -8.658020973205566,
            7.109071731567383,
            8.929874420166016,
            10.997666358947754,
            -9.24922898687397e-13,
            -9.24922898687397e-13,
            -1.108824610710144,
            1.155148983001709,
            1.9126911163330078,
            0.2554149627685547,
            0.31639161705970764,
            0.7428664565086365,
            1.750323451172979e-14,
            1.750323451172979e-14,
            0.04260120913386345,
            1.0,
            1.0,
            0.0,
            0.0,
            0.0,
            0.0,
            0.0,
            0.0,
            1.0,
            1.0,
            1.0,
            1.0,
            1.0,
            1.0,
            1.0,
            1.0,
            1.0,
            2.0,
            2.0,
            1.0,
            1.0,
            1.0,
            1.0,
            1.0,
            1.0,
            1.0,
            1.0,
            1.0,
            1.0
        ],
        [
            0.0,
            0.0,
            0.0,
            0.0,
            0.0,
            0.0,
            0.0,
            0.0,
            0.0,
            0.0,
            0.0,
            0.0,
            0.0,
            0.0,
            0.0,
            0.0,
            0.0,
            0.0,
            0.0,
            0.0,
            0.0,
            0.0,
            0.0,
            0.0,
            0.0,
            0.0,
            0.0,
            0.0,
            0.0,
            0.0,
            0.0,
            0.0,
            0.0,
            0.0,
            0.0,
            0.0,
            0.0,
            -1.0,
            -1.0,
            -1.0,
            -1.0,
            -1.0,
            -1.0,
            -1.0,
            -1.0,
            -1.0,
            -1.0,
            -1.0,
            -1.0,
            -1.0,
            -1.0,
            -1.0,
            -1.0,
            -1.0,
            -1.0,
            -1.0,
            -1.0,
            -1.0
        ]
    ],
    "eval_steps": 2
}