{
    "eval_chronic": "C:\\Users\\thoma\\data_grid2op\\rte_case5_example_val\\chronics\\19",
    "eval_rewards": [
        [
            0.02099769727595194,
            0.0,
            0.0
        ],
        [
            0.00012814899006176501,
            -0.09523809523809523,
            -0.09523809523809523
        ],
        [
            0.0002329657953813105,
            -0.2857142857142857,
            -0.2857142857142857
        ],
        [
            0.0,
            0.0,
            0.0
        ]
    ],
    "eval_actions": [
        1,
        51,
        22,
        40
    ],
    "eval_states": [
        [
            2.0,
            25.44330406188965,
            8.600000381469727,
            8.199999809265137,
            7.800000190734863,
            10.530046463012695,
            2.423443078994751,
            -0.2199360728263855,
            -4.109758377075195,
            -14.227006912231445,
            -5.860817909240723,
            -5.860817909240723,
            -3.690241575241089,
            -9.085627555847168,
            -2.0812861919403076,
            0.38408100605010986,
            4.18283224105835,
            14.913256645202637,
            5.9017815589904785,
            5.9017815589904785,
            3.741572380065918,
            0.7088104486465454,
            0.8667688965797424,
            0.6990258693695068,
            0.5617147088050842,
            0.7098175287246704,
            0.3560121953487396,
            0.3560121953487396,
            0.5571550130844116,
            0.0,
            0.0,
            0.0,
            0.0,
            0.0,
            0.0,
            0.0,
            0.0,
            1.0,
            1.0,
            1.0,
            1.0,
            1.0,
            1.0,
            1.0,
            1.0,
            1.0,
            1.0,
            1.0,
            1.0,
            1.0,
            1.0,
            1.0,
            1.0,
            1.0,
            1.0,
            1.0,
            1.0,
            1.0
        ],
        [
            0.6000000238418579,
            29.909236907958984,
            8.899999618530273,
            8.399999618530273,
            7.900000095367432,
            15.412375450134277,
            6.6679205894470215,
            -8.399999618530273,
            -1.3206607103347778,
            -13.488033294677734,
            -3.3821990489959717,
            -3.3821990489959717,
            -6.579339504241943,
            -12.489591598510742,
            -5.7737603187561035,
            8.429747581481934,
            1.5336040258407593,
            14.49686050415039,
            3.4100565910339355,
            3.4100565910339355,
            6.764398097991943,
            1.0137070417404175,
            1.4256229400634766,
            0.3052228093147278,
            0.9905964732170105,
            0.8593232035636902,
            0.29609304666519165,
            0.29609304666519165,
            1.015777349472046,
            1.0,
            1.0,
            0.0,
            0.0,
            0.0,
            0.0,
            0.0,
            1.0,
            1.0,
            1.0,
            1.0,
            1.0,
            1.0,
            1.0,
            1.0,
            1.0,
            1.0,
            1.0,
            1.0,
            1.0,
            1.0,
            2.0,
            1.0,
            1.0,
            1.0,
            2.0,
            1.0,
            1.0,
            1.0
        ],
        [
            0.6000000238418579,
            27.233423233032227,
            8.800000190734863,
            8.300000190734863,
            7.800000190734863,
            12.864469528198242,
            8.349000930786133,
            -8.300000190734863,
            -2.2866058349609375,
            -14.177497863769531,
            -2.8783745765686035,
            -2.8783745765686035,
            -5.513394355773926,
            -10.76785945892334,
            -8.329673767089844,
            8.329673767089844,
            2.567859411239624,
            14.368952751159668,
            2.9142487049102783,
            2.9142487049102783,
            5.756749153137207,
            0.8565992116928101,
            0.22096513211727142,
            0.30382704734802246,
            1.1457656621932983,
            0.3776048719882965,
            0.3344328701496124,
            0.3344328701496124,
            1.1585280895233154,
            0.0,
            0.0,
            0.0,
            1.0,
            0.0,
            0.0,
            0.0,
            2.0,
            2.0,
            1.0,
            1.0,
            2.0,
            2.0,
            2.0,
            1.0,
            1.0,
            1.0,
            1.0,
            1.0,
            1.0,
            1.0,
            2.0,
            1.0,
            1.0,
            1.0,
            2.0,
            1.0,
            1.0,
            1.0
        ],
        [
            0.0,
            0.0,
            0.0,
            0.0,
            0.0,
            0.0,
            0.0,
            0.0,
            0.0,
            0.0,
            0.0,
            0.0,
            0.0,
            0.0,
            0.0,
            0.0,
            0.0,
            0.0,
            0.0,
            0.0,
            0.0,
            0.0,
            0.0,
            0.0,
            0.0,
            0.0,
            0.0,
            0.0,
            0.0,
            0.0,
            0.0,
            0.0,
            0.0,
            0.0,
            0.0,
            0.0,
            0.0,
            -1.0,
            -1.0,
            -1.0,
            -1.0,
            -1.0,
            -1.0,
            -1.0,
            -1.0,
            -1.0,
            -1.0,
            -1.0,
            -1.0,
            -1.0,
            -1.0,
            -1.0,
            -1.0,
            -1.0,
            -1.0,
            -1.0,
            -1.0,
            -1.0
        ]
    ],
    "eval_steps": 86
}