{
    "eval_chronic": "C:\\Users\\thoma\\data_grid2op\\rte_case5_example_val\\chronics\\19",
    "eval_rewards": [
        [
            0.02099769727595194,
            0.0,
            0.0
        ],
        [
            0.00019172987676157336,
            -0.09523809523809523,
            -0.09523809523809523
        ],
        [
            6.906525751937528e-05,
            -0.09523809523809523,
            -0.09523809523809523
        ],
        [
            0.0,
            0.0,
            0.0
        ]
    ],
    "eval_actions": [
        1,
        28,
        25,
        49
    ],
    "eval_states": [
        [
            2.0,
            25.44330406188965,
            8.600000381469727,
            8.199999809265137,
            7.800000190734863,
            10.530046463012695,
            2.423443078994751,
            -0.2199360728263855,
            -4.109758377075195,
            -14.227006912231445,
            -5.860817909240723,
            -5.860817909240723,
            -3.690241575241089,
            -9.085627555847168,
            -2.0812861919403076,
            0.38408100605010986,
            4.18283224105835,
            14.913256645202637,
            5.9017815589904785,
            5.9017815589904785,
            3.741572380065918,
            0.7088104486465454,
            0.8667688965797424,
            0.6990258693695068,
            0.5617147088050842,
            0.7098175287246704,
            0.3560121953487396,
            0.3560121953487396,
            0.5571550130844116,
            0.0,
            0.0,
            0.0,
            0.0,
            0.0,
            0.0,
            0.0,
            0.0,
            1.0,
            1.0,
            1.0,
            1.0,
            1.0,
            1.0,
            1.0,
            1.0,
            1.0,
            1.0,
            1.0,
            1.0,
            1.0,
            1.0,
            1.0,
            1.0,
            1.0,
            1.0,
            1.0,
            1.0,
            1.0
        ],
        [
            0.6000000238418579,
            26.860719680786133,
            8.899999618530273,
            8.399999618530273,
            7.900000095367432,
            8.925437927246094,
            3.6141350269317627,
            0.4397614002227783,
            -3.728274345397949,
            -16.842262268066406,
            -6.547907829284668,
            -6.547907829284668,
            -4.171725749969482,
            -8.899999618530273,
            -3.0612716674804688,
            -0.17695413529872894,
            3.838225841522217,
            17.93528175354004,
            6.614063262939453,
            6.614063262939453,
            4.256054401397705,
            0.10256726294755936,
            1.1124982833862305,
            0.9026883840560913,
            0.6989602446556091,
            0.8941665887832642,
            0.44925421476364136,
            0.44925421476364136,
            0.7011886239051819,
            0.0,
            1.0,
            0.0,
            0.0,
            0.0,
            0.0,
            0.0,
            0.0,
            2.0,
            1.0,
            1.0,
            1.0,
            1.0,
            2.0,
            1.0,
            1.0,
            1.0,
            1.0,
            1.0,
            1.0,
            1.0,
            1.0,
            1.0,
            1.0,
            1.0,
            1.0,
            1.0,
            1.0,
            1.0
        ],
        [
            0.6000000238418579,
            28.69331932067871,
            8.800000190734863,
            8.300000190734863,
            7.800000190734863,
            7.2671990394592285,
            7.285904884338379,
            3.417573928833008,
            -7.043543815612793,
            -19.940624237060547,
            -6.293804168701172,
            -6.293804168701172,
            -0.7564564347267151,
            -7.141831874847412,
            -5.767242431640625,
            -2.43275785446167,
            7.141831874847412,
            21.42612075805664,
            6.327359676361084,
            6.327359676361084,
            0.8700343370437622,
            0.20038357377052307,
            1.8697408437728882,
            1.8116824626922607,
            0.7514383792877197,
            1.0413538217544556,
            0.323097825050354,
            0.323097825050354,
            0.7104172110557556,
            0.0,
            2.0,
            1.0,
            0.0,
            1.0,
            0.0,
            0.0,
            0.0,
            2.0,
            1.0,
            1.0,
            2.0,
            1.0,
            1.0,
            1.0,
            1.0,
            1.0,
            1.0,
            1.0,
            1.0,
            1.0,
            1.0,
            1.0,
            1.0,
            1.0,
            1.0,
            1.0,
            1.0,
            1.0
        ],
        [
            0.0,
            0.0,
            0.0,
            0.0,
            0.0,
            0.0,
            0.0,
            0.0,
            0.0,
            0.0,
            0.0,
            0.0,
            0.0,
            0.0,
            0.0,
            0.0,
            0.0,
            0.0,
            0.0,
            0.0,
            0.0,
            0.0,
            0.0,
            0.0,
            0.0,
            0.0,
            0.0,
            0.0,
            0.0,
            0.0,
            0.0,
            0.0,
            0.0,
            0.0,
            0.0,
            0.0,
            0.0,
            -1.0,
            -1.0,
            -1.0,
            -1.0,
            -1.0,
            -1.0,
            -1.0,
            -1.0,
            -1.0,
            -1.0,
            -1.0,
            -1.0,
            -1.0,
            -1.0,
            -1.0,
            -1.0,
            -1.0,
            -1.0,
            -1.0,
            -1.0,
            -1.0
        ]
    ],
    "eval_steps": 86
}