{
    "eval_chronic": "C:\\Users\\thoma\\data_grid2op\\rte_case5_example_val\\chronics\\12",
    "eval_rewards": [
        [
            0.0003412844816433584,
            -0.19047619047619047,
            -0.19047619047619047
        ],
        [
            0.0003381695871848578,
            -0.19047619047619047,
            -0.19047619047619047
        ],
        [
            0.020014320326060025,
            0.0,
            -15.619047619047597
        ],
        [
            0.00017109990061034018,
            -0.047619047619047616,
            -0.19047619047619047
        ],
        [
            0.0,
            0.0,
            0.0
        ]
    ],
    "eval_actions": [
        18,
        18,
        1,
        37,
        20
    ],
    "eval_states": [
        [
            0.30000001192092896,
            25.891712188720703,
            7.800000190734863,
            8.300000190734863,
            8.100000381469727,
            10.07267951965332,
            3.570496082305908,
            -0.8496631979942322,
            -3.5609593391418457,
            -15.62928581237793,
            -5.9986677169799805,
            -5.9986677169799805,
            -4.539041042327881,
            -8.743599891662598,
            -3.5641326904296875,
            1.2435994148254395,
            3.5641326904296875,
            15.8190336227417,
            6.02939510345459,
            6.02939510345459,
            4.546998977661133,
            0.6793986558914185,
            0.10156649351119995,
            1.1206133365631104,
            0.13965393602848053,
            0.37584158778190613,
            0.3096998333930969,
            0.3096998333930969,
            0.17628070712089539,
            0.0,
            0.0,
            1.0,
            0.0,
            0.0,
            0.0,
            0.0,
            0.0,
            2.0,
            1.0,
            2.0,
            1.0,
            2.0,
            2.0,
            1.0,
            1.0,
            1.0,
            1.0,
            1.0,
            1.0,
            1.0,
            1.0,
            1.0,
            1.0,
            1.0,
            1.0,
            1.0,
            1.0,
            1.0
        ],
        [
            0.30000001192092896,
            26.0450382232666,
            8.0,
            8.100000381469727,
            8.199999809265137,
            10.218932151794434,
            3.600389242172241,
            -0.7510027885437012,
            -3.590585470199585,
            -15.630416870117188,
            -5.98324728012085,
            -5.98324728012085,
            -4.609414100646973,
            -8.853426933288574,
            -3.593825101852417,
            1.1534265279769897,
            3.593825101852417,
            15.826105117797852,
            6.015013694763184,
            6.015013694763184,
            4.617496490478516,
            0.688820481300354,
            0.10313495248556137,
            1.133347749710083,
            0.1418105661869049,
            0.38160479068756104,
            0.3147316873073578,
            0.3147316873073578,
            0.17826539278030396,
            0.0,
            0.0,
            2.0,
            0.0,
            0.0,
            0.0,
            0.0,
            0.0,
            2.0,
            1.0,
            2.0,
            1.0,
            2.0,
            2.0,
            1.0,
            1.0,
            1.0,
            1.0,
            1.0,
            1.0,
            1.0,
            1.0,
            1.0,
            1.0,
            1.0,
            1.0,
            1.0,
            1.0,
            1.0
        ],
        [
            0.30000001192092896,
            27.330585479736328,
            7.900000095367432,
            8.100000381469727,
            8.300000190734863,
            11.4649658203125,
            2.7779221534729004,
            -0.03337356448173523,
            -4.237216949462891,
            -15.063549041748047,
            -6.09467077255249,
            -6.09467077255249,
            -4.062783241271973,
            -9.77189826965332,
            -2.3761441707611084,
            0.22542709112167358,
            4.322615146636963,
            15.865620613098145,
            6.142813205718994,
            6.142813205718994,
            4.122714996337891,
            0.7684593796730042,
            0.9425581693649292,
            0.7617132663726807,
            0.6108999252319336,
            0.7668721675872803,
            0.3849698603153229,
            0.3849698603153229,
            0.5981674194335938,
            0.0,
            0.0,
            0.0,
            0.0,
            0.0,
            0.0,
            0.0,
            0.0,
            1.0,
            1.0,
            1.0,
            1.0,
            1.0,
            1.0,
            1.0,
            1.0,
            1.0,
            1.0,
            1.0,
            1.0,
            1.0,
            1.0,
            1.0,
            1.0,
            1.0,
            1.0,
            1.0,
            1.0,
            1.0
        ],
        [
            0.5,
            27.972841262817383,
            8.199999809265137,
            8.300000190734863,
            8.399999618530273,
            13.108800888061523,
            1.3939655636382997e-12,
            1.00137460231781,
            -3.637819290161133,
            -14.412347793579102,
            -7.100578784942627,
            -7.100578784942627,
            -4.762180328369141,
            -10.937994956970215,
            0.0006492077955044806,
            -0.5744002461433411,
            3.8117458820343018,
            14.864041328430176,
            7.206173896789551,
            7.206173896789551,
            4.899783134460449,
            0.8718495965003967,
            0.07894150167703629,
            1.1694350242614746,
            0.8910506367683411,
            0.5770044922828674,
            0.5644446015357971,
            0.5644446015357971,
            0.8827872276306152,
            0.0,
            0.0,
            1.0,
            0.0,
            0.0,
            0.0,
            0.0,
            0.0,
            1.0,
            1.0,
            1.0,
            1.0,
            1.0,
            1.0,
            1.0,
            1.0,
            1.0,
            2.0,
            1.0,
            1.0,
            1.0,
            1.0,
            1.0,
            1.0,
            1.0,
            1.0,
            1.0,
            1.0,
            1.0
        ],
        [
            0.0,
            0.0,
            0.0,
            0.0,
            0.0,
            0.0,
            0.0,
            0.0,
            0.0,
            0.0,
            0.0,
            0.0,
            0.0,
            0.0,
            0.0,
            0.0,
            0.0,
            0.0,
            0.0,
            0.0,
            0.0,
            0.0,
            0.0,
            0.0,
            0.0,
            0.0,
            0.0,
            0.0,
            0.0,
            0.0,
            0.0,
            0.0,
            0.0,
            0.0,
            0.0,
            0.0,
            0.0,
            -1.0,
            -1.0,
            -1.0,
            -1.0,
            -1.0,
            -1.0,
            -1.0,
            -1.0,
            -1.0,
            -1.0,
            -1.0,
            -1.0,
            -1.0,
            -1.0,
            -1.0,
            -1.0,
            -1.0,
            -1.0,
            -1.0,
            -1.0,
            -1.0
        ]
    ],
    "eval_steps": 86
}