{
    "eval_chronic": "/home/trlautenbacher/data_grid2op/rte_case5_example_val/chronics/12",
    "eval_rewards": [
        [
            0.020413685006514727,
            0.0,
            -1.0
        ],
        [
            0.00018044529785760628,
            -0.0004761904761904762,
            -1.0
        ],
        [
            0.00017634403658429567,
            -0.0004761904761904762,
            -1.0
        ],
        [
            0.007735497593263884,
            -0.007142857142857144,
            -0.5
        ],
        [
            0.0007604707974549271,
            -0.0011428571428571427,
            0.0
        ],
        [
            0.0001374125640072925,
            -0.0002857142857142857,
            0.0
        ],
        [
            0.00012156753431614477,
            -0.0005714285714285714,
            -0.5
        ],
        [
            0.0,
            0.0,
            0.0
        ]
    ],
    "eval_actions": [
        30,
        14,
        38,
        24,
        7,
        20,
        32,
        35
    ],
    "eval_states": [
        [
            0.30000001192092896,
            27.17757797241211,
            7.800000190734863,
            8.300000190734863,
            8.100000381469727,
            11.366332054138184,
            2.72005295753479,
            -0.08114790171384811,
            -4.169963359832764,
            -15.022329330444336,
            -6.103853225708008,
            -6.103853225708008,
            -3.930037260055542,
            -9.700301170349121,
            -2.324437141418457,
            0.27054455876350403,
            4.254193305969238,
            15.811246871948242,
            6.1511383056640625,
            6.1511383056640625,
            3.988853931427002,
            0.7621960043907166,
            0.9349967837333679,
            0.7559517025947571,
            0.606358528137207,
            0.7606089115142822,
            0.3816232681274414,
            0.3816232681274414,
            0.5930918455123901,
            0.0,
            0.0,
            0.0,
            0.0,
            0.0,
            0.0,
            0.0,
            0.0,
            1.0,
            1.0,
            1.0,
            1.0,
            1.0,
            1.0,
            1.0,
            1.0,
            1.0,
            1.0,
            1.0,
            1.0,
            1.0,
            1.0,
            1.0,
            1.0,
            1.0,
            1.0,
            1.0,
            1.0,
            1.0
        ],
        [
            0.5,
            27.966482162475586,
            8.199999809265137,
            8.300000190734863,
            8.399999618530273,
            13.0947265625,
            0.0006481210002675653,
            0.9920029640197754,
            -3.639394998550415,
            -14.39006519317627,
            -7.092695236206055,
            -7.092695236206055,
            -4.760604381561279,
            -10.928223609924316,
            1.3908638780632532e-12,
            -0.5796156525611877,
            3.8078396320343018,
            14.871755599975586,
            7.194708347320557,
            7.194708347320557,
            4.8933868408203125,
            0.870972216129303,
            3.583312913426652e-14,
            1.148103952407837,
            0.8761496543884277,
            0.5956630110740662,
            0.5549927949905396,
            0.5549927949905396,
            0.867993950843811,
            0.0,
            0.0,
            1.0,
            0.0,
            0.0,
            0.0,
            0.0,
            0.0,
            2.0,
            1.0,
            2.0,
            2.0,
            2.0,
            2.0,
            1.0,
            1.0,
            1.0,
            1.0,
            1.0,
            1.0,
            1.0,
            1.0,
            1.0,
            1.0,
            1.0,
            1.0,
            1.0,
            1.0,
            1.0
        ],
        [
            0.5,
            28.34210205078125,
            8.199999809265137,
            8.5,
            8.5,
            13.24365520477295,
            0.0006480999290943146,
            0.9688910841941833,
            -3.7081046104431152,
            -14.605493545532227,
            -7.197813034057617,
            -7.197813034057617,
            -4.791895389556885,
            -11.0314302444458,
            4.634559337864108e-13,
            -0.5487953424453735,
            3.8802261352539062,
            15.098445892333984,
            7.302422523498535,
            7.302422523498535,
            4.926734447479248,
            0.8802496194839478,
            1.1934023376718866e-14,
            1.159421443939209,
            0.8861902356147766,
            0.6025118827819824,
            0.5618496537208557,
            0.5618496537208557,
            0.8743247985839844,
            0.0,
            0.0,
            2.0,
            0.0,
            0.0,
            0.0,
            0.0,
            0.0,
            2.0,
            1.0,
            2.0,
            2.0,
            2.0,
            2.0,
            1.0,
            1.0,
            1.0,
            1.0,
            1.0,
            1.0,
            1.0,
            1.0,
            1.0,
            1.0,
            1.0,
            1.0,
            1.0,
            1.0,
            1.0
        ],
        [
            0.5,
            25.7965087890625,
            8.399999618530273,
            8.399999618530273,
            8.5,
            11.818831443786621,
            1.2607344388961792,
            -1.2155548334121704,
            -3.3523666858673096,
            -13.654692649841309,
            -6.188210964202881,
            -6.188210964202881,
            -5.1476335525512695,
            -11.775533676147461,
            -0.9359018206596375,
            1.4359018802642822,
            3.3755335807800293,
            13.977677345275879,
            6.19697904586792,
            6.19697904586792,
            5.191977024078369,
            0.11965197324752808,
            0.8434735536575317,
            0.8208914995193481,
            0.3884825110435486,
            0.48884230852127075,
            0.16806234419345856,
            0.16806234419345856,
            0.42989763617515564,
            0.0,
            0.0,
            0.0,
            0.0,
            0.0,
            0.0,
            0.0,
            0.0,
            2.0,
            1.0,
            1.0,
            2.0,
            1.0,
            2.0,
            1.0,
            1.0,
            1.0,
            1.0,
            1.0,
            1.0,
            1.0,
            1.0,
            1.0,
            1.0,
            1.0,
            1.0,
            1.0,
            1.0,
            1.0
        ],
        [
            0.5,
            29.124515533447266,
            8.800000190734863,
            9.300000190734863,
            9.300000190734863,
            9.42540454864502,
            -0.634436309337616,
            8.834108352661133,
            -7.5985565185546875,
            -19.311832427978516,
            -9.956851959228516,
            -9.956851959228516,
            -1.7014439105987549,
            -8.252313613891602,
            1.0254381895065308,
            -8.800000190734863,
            7.726875305175781,
            19.69911003112793,
            9.97313404083252,
            9.97313404083252,
            1.7795956134796143,
            0.6375085711479187,
            0.9292356967926025,
            0.38518258929252625,
            0.7611035108566284,
            0.5345327258110046,
            0.22338031232357025,
            0.22338031232357025,
            0.6776996850967407,
            0.0,
            0.0,
            0.0,
            0.0,
            0.0,
            0.0,
            0.0,
            0.0,
            2.0,
            2.0,
            1.0,
            2.0,
            2.0,
            1.0,
            1.0,
            1.0,
            1.0,
            1.0,
            1.0,
