{
    "eval_chronic": "/home/trlautenbacher/data_grid2op/rte_case5_example_val/chronics/19",
    "eval_rewards": [
        [
            0.8352199435101676,
            -0.5760000000000038,
            -1.0
        ]
    ],
    "eval_actions": [
        11
    ],
    "eval_states": [
        [
            2.0,
            23.050947189331055,
            8.600000381469727,
            8.199999809265137,
            7.800000190734863,
            3.6858229637145996,
            -5.393772125244141,
            7.34623908996582,
            1.275205373764038,
            -19.291181564331055,
            -12.322213172912598,
            -12.322213172912598,
            -9.07520580291748,
            -3.4924089908599854,
            5.4924092292785645,
            -7.325225830078125,
            -1.2747745513916016,
            19.365123748779297,
            12.342476844787598,
            12.342476844787598,
            9.098186492919922,
            0.2512352168560028,
            0.44891393184661865,
            0.3029967248439789,
            0.0747673362493515,
            0.23493172228336334,
            0.238718643784523,
            0.238718643784523,
            0.3289361894130707,
            0.0,
            0.0,
            0.0,
            0.0,
            0.0,
            0.0,
            0.0,
            0.0,
            2.0,
            2.0,
            1.0,
            1.0,
            2.0,
            1.0,
            1.0,
            1.0,
            1.0,
            1.0,
            1.0,
            1.0,
            1.0,
            1.0,
            1.0,
            1.0,
            1.0,
            1.0,
            1.0,
            1.0,
            1.0
        ]
    ],
    "eval_steps": 2016
}