{
    "eval_chronic": "/home/trlautenbacher/data_grid2op/rte_case5_example_val/chronics/19",
    "eval_rewards": [
        [
            0.0002268793247194526,
            -0.0003809523809523809,
            -1.0
        ],
        [
            6.404367956639308e-05,
            -0.0006666666666666666,
            -1.0
        ],
        [
            0.00012287888275314883,
            -0.0005714285714285714,
            -0.5
        ],
        [
            0.9448043366650012,
            -0.9585714285714598,
            -0.5
        ]
    ],
    "eval_actions": [
        41,
        12,
        47,
        27
    ],
    "eval_states": [
        [
            2.0,
            25.801000595092773,
            8.600000381469727,
            8.199999809265137,
            7.800000190734863,
            11.375762939453125,
            3.3504576683044434,
            -1.096423625946045,
            -4.7206830978393555,
            -13.709735870361328,
            -10.226067543029785,
            -9.271490910081615e-13,
            -3.0793168544769287,
            -9.707155227661133,
            -2.918076515197754,
            1.2387354373931885,
            4.786495685577393,
            14.425237655639648,
            10.359219551086426,
            5.808201967738569e-05,
            3.1224918365478516,
            0.7627951502799988,
            0.9793006777763367,
            0.6462855935096741,
            0.5314240455627441,
            0.7246679067611694,
            0.6320348978042603,
            0.0258871391415596,
            0.5151363015174866,
            0.0,
            0.0,
            0.0,
            0.0,
            0.0,
            0.0,
            0.0,
            0.0,
            1.0,
            1.0,
            1.0,
            1.0,
            1.0,
            1.0,
            1.0,
            1.0,
            1.0,
            1.0,
            1.0,
            1.0,
            1.0,
            2.0,
            2.0,
            1.0,
            2.0,
            2.0,
            1.0,
            1.0,
            1.0
        ],
        [
            1.899999976158142,
            25.791927337646484,
            8.600000381469727,
            8.199999809265137,
            7.800000190734863,
            8.599291801452637,
            0.15512096881866455,
            2.044403314590454,
            -2.7541730403900146,
            -16.585315704345703,
            -15.577597618103027,
            -9.287621670003854e-13,
            -5.0458269119262695,
            -8.530220985412598,
            -0.0697796642780304,
            -1.1833449602127075,
            3.0833449363708496,
            17.192636489868164,
            16.430137634277344,
            5.8028985222335905e-05,
            5.333194255828857,
            0.14684438705444336,
            0.4919627904891968,
            1.6895246505737305,
            1.2435286045074463,
            0.6680612564086914,
            1.580852746963501,
            0.02587531879544258,
            1.2550004720687866,
            0.0,
            0.0,
            1.0,
            1.0,
            0.0,
            1.0,
            0.0,
            1.0,
            2.0,
            2.0,
            1.0,
            1.0,
            1.0,
            2.0,
            1.0,
            1.0,
            1.0,
            1.0,
            1.0,
            1.0,
            1.0,
            2.0,
            2.0,
            1.0,
            2.0,
            2.0,
            1.0,
            1.0,
            1.0
        ],
        [
            1.899999976158142,
            24.570087432861328,
            8.5,
            8.0,
            7.900000095367432,
            8.323912620544434,
            0.29847168922424316,
            1.3337342739105225,
            -2.332501173019409,
            -15.77319622039795,
            -5.803745269775391,
            -9.333734512329102,
            -5.567498683929443,
            -8.268548965454102,
            -0.23145103454589844,
            -0.7042557597160339,
            2.6042556762695312,
            16.246173858642578,
            5.937816143035889,
            9.536908149719238,
            5.803745269775391,
            0.13071037828922272,
            0.44045156240463257,
            1.434617280960083,
            1.125435471534729,
            0.5902687311172485,
            0.6346036791801453,
            0.7781236171722412,
            1.1421496868133545,
            0.0,
            0.0,
            2.0,
            2.0,
            0.0,
            0.0,
            0.0,
            2.0,
            2.0,
            2.0,
            1.0,
            1.0,
            1.0,
            2.0,
            1.0,
            1.0,
            1.0,
            1.0,
            1.0,
            1.0,
            1.0,
            2.0,
            1.0,
            2.0,
            1.0,
            2.0,
            1.0,
            1.0,
            1.0
        ],
        [
            1.7999999523162842,
            22.570270538330078,
            8.5,
            8.0,
            7.699999809265137,
            -1.7526251077651978,
            7.504885196685791,
            2.2876687049865723,
            -1.273923635482788,
            -24.249679565429688,
            -6.4375715255737305,
            -10.28766918182373,
            -6.4260759353637695,
            1.7999999523162842,
            -7.488569259643555,
            -2.2858219146728516,
            1.2743912935256958,
            24.32289695739746,
            6.442728042602539,
            10.3020658493042,
            6.4375715255737305,
            0.14354725182056427,
            0.20949338376522064,
            0.1092727929353714,
            0.05462771654129028,
            0.22952786087989807,
            0.12235492467880249,
            0.20041045546531677,
            0.2304750382900238,
            0.0,
            0.0,
            0.0,
            0.0,
            0.0,
            0.0,
            0.0,
            0.0,
            2.0,
            1.0,
            1.0,
            1.0,
            2.0,
            1.0,
            1.0,
            1.0,
            1.0,
            1.0,
            1.0,
            1.0,
            1.0,
            2.0,
            1.0,
            2.0,
            1.0,
            2.0,
            1.0,
            1.0,
            1.0
        ]
    ],
    "eval_steps": 2016
}