{"DoNothing/train/reward_0": 0.0, "DoNothing/train/reward_1": 9.867537624438257e-05, "DoNothing/train/reward_2": 0.0, "DoNothing/train/grid2opsteps": 1432, "_timestamp": 1721644432.557796, "_runtime": 2.6697499752044678, "_step": 16, "_wandb": {"runtime": 1}, "DoNothing/eval/reward_0": 0.0013713818860877686, "DoNothing/eval/reward_1": 0.0013233185644743713, "DoNothing/eval/reward_2": -0.058823529411764705}