{"DoNothing/train/reward_0": 0.0, "DoNothing/train/reward_1": 0.01712995371818138, "DoNothing/train/reward_2": 0.0, "DoNothing/train/grid2opsteps": 131, "_timestamp": 1721292361.8992732, "_runtime": 3.370493173599243, "_step": 32, "_wandb": {"runtime": 2}, "DoNothing/eval/reward_0": 0.0013713818860877686, "DoNothing/eval/reward_1": 0.0014353835208275488, "DoNothing/eval/reward_2": -0.058823529411764705}