{
    "weights": [
        [
            1.0,
            0.0,
            0.0
        ],
        [
            0.0,
            0.0,
            1.0
        ],
        [
            0.0,
            0.5537942364903868,
            0.44620576350961316
        ],
        [
            0.0,
            1.0,
            0.0
        ],
        [
            0.29370998116760827,
            0.0,
            0.7062900188323917
        ],
        [
            0.0,
            0.2775440347999716,
            0.7224559652000284
        ]
    ],
    "values": [
        [
            0.9162753524392001,
            1.0050311523437498,
            -1.2473333333333438
        ],
        [
            7.222111461958551e-05,
            0.00012151006857554118,
            -9.523809523809523e-05
        ],
        [
            0.937738159412179,
            1.0285815622647596,
            -0.38999999999999185
        ],
        [
            0.41882043142790776,
            0.48910750267505754,
            -0.28809523809524
        ],
        [
            0.011152708483401419,
            0.0155210925579071,
            -0.0008095238095238095
        ],
        [
            6.700893290555288e-05,
            0.00011688753763834635,
            -0.00014285714285714284
        ]
    ],
    "ccs_list": [
        [
            [
                0.9162753524392001,
                1.0050311523437498,
                -1.2473333333333438
            ],
            [
                7.222111461958551e-05,
                0.00012151006857554118,
                -9.523809523809523e-05
            ],
            [
                0.937738159412179,
                1.0285815622647596,
                -0.38999999999999185
            ],
            [
                0.011152708483401419,
                0.0155210925579071,
                -0.0008095238095238095
            ]
        ],
        [
            [
                0.9162753524392001,
                1.0050311523437498,
                -1.2473333333333438
            ],
            [
                7.222111461958551e-05,
                0.00012151006857554118,
                -9.523809523809523e-05
            ],
            [
                0.937738159412179,
                1.0285815622647596,
                -0.38999999999999185
            ],
            [
                0.011152708483401419,
                0.0155210925579071,
                -0.0008095238095238095
            ]
        ],
        [
            [
                0.9162753524392001,
                1.0050311523437498,
                -1.2473333333333438
            ],
            [
                7.222111461958551e-05,
                0.00012151006857554118,
                -9.523809523809523e-05
            ],
            [
                0.937738159412179,
                1.0285815622647596,
                -0.38999999999999185
            ],
            [
                0.011152708483401419,
                0.0155210925579071,
                -0.0008095238095238095
            ]
        ],
        [
            [
                0.9162753524392001,
                1.0050311523437498,
                -1.2473333333333438
            ],
            [
                7.222111461958551e-05,
                0.00012151006857554118,
                -9.523809523809523e-05
            ],
            [
                0.937738159412179,
                1.0285815622647596,
                -0.38999999999999185
            ],
            [
                0.011152708483401419,
                0.0155210925579071,
                -0.0008095238095238095
            ]
        ],
        [
            [
                0.9162753524392001,
                1.0050311523437498,
                -1.2473333333333438
            ],
            [
                7.222111461958551e-05,
                0.00012151006857554118,
                -9.523809523809523e-05
            ],
            [
                0.937738159412179,
                1.0285815622647596,
                -0.38999999999999185
            ],
            [
                0.011152708483401419,
                0.0155210925579071,
                -0.0008095238095238095
            ]
        ],
        [
            [
                0.9162753524392001,
                1.0050311523437498,
                -1.2473333333333438
            ],
            [
                7.222111461958551e-05,
                0.00012151006857554118,
                -9.523809523809523e-05
            ],
            [
                0.937738159412179,
                1.0285815622647596,
                -0.38999999999999185
            ],
            [
                0.011152708483401419,
                0.0155210925579071,
                -0.0008095238095238095
            ]
        ]
    ]
}