{
    "weights": [
        [
            1.0,
            0.0,
            0.0
        ],
        [
            0.0,
            0.0,
            1.0
        ],
        [
            0.0,
            0.37495227185948843,
            0.6250477281405116
        ],
        [
            0.0,
            1.0,
            0.0
        ],
        [
            0.38653768641676745,
            0.0,
            0.6134623135832326
        ],
        [
            0.0,
            0.3642463758941572,
            0.6357536241058428
        ],
        [
            0.3889904529758278,
            0.0,
            0.6110095470241722
        ],
        [
            0.0,
            0.3675153531218015,
            0.6324846468781985
        ]
    ],
    "values": [
        [
            0.8515872971345863,
            0.9800866550445564,
            -0.582619047619048
        ],
        [
            0.4187354403712062,
            0.4889843537966421,
            -0.2880000000000019
        ],
        [
            0.0002703319681396568,
            0.00033396482467651367,
            -0.0005714285714285715
        ],
        [
            0.9134955345931126,
            1.0045518362998953,
            -0.5760000000000038
        ],
        [
            0.014344706123535542,
            0.018268092974027,
            -0.022047619047619076
        ],
        [
            0.011101613738335271,
            0.015907990105946863,
            -0.0015238095238095236
        ],
        [
            0.3189196573731377,
            0.4149623025496796,
            -0.384428571428563
        ],
        [
            0.009968873452631683,
            0.013118580230077111,
            -0.00704761904761905
        ]
    ],
    "ccs_list": [
        [
            [
                0.8515872971345863,
                0.9800866550445564,
                -0.582619047619048
            ],
            [
                0.4187354403712062,
                0.4889843537966421,
                -0.2880000000000019
            ],
            [
                0.0002703319681396568,
                0.00033396482467651367,
                -0.0005714285714285715
            ],
            [
                0.9134955345931126,
                1.0045518362998953,
                -0.5760000000000038
            ],
            [
                0.011101613738335271,
                0.015907990105946863,
                -0.0015238095238095236
            ]
        ],
        [
            [
                0.8515872971345863,
                0.9800866550445564,
                -0.582619047619048
            ],
            [
                0.4187354403712062,
                0.4889843537966421,
                -0.2880000000000019
            ],
            [
                0.0002703319681396568,
                0.00033396482467651367,
                -0.0005714285714285715
            ],
            [
                0.9134955345931126,
                1.0045518362998953,
                -0.5760000000000038
            ],
            [
                0.011101613738335271,
                0.015907990105946863,
                -0.0015238095238095236
            ]
        ],
        [
            [
                0.8515872971345863,
                0.9800866550445564,
                -0.582619047619048
            ],
            [
                0.4187354403712062,
                0.4889843537966421,
                -0.2880000000000019
            ],
            [
                0.0002703319681396568,
                0.00033396482467651367,
                -0.0005714285714285715
            ],
            [
                0.9134955345931126,
                1.0045518362998953,
                -0.5760000000000038
            ],
            [
                0.011101613738335271,
                0.015907990105946863,
                -0.0015238095238095236
            ]
        ],
        [
            [
                0.8515872971345863,
                0.9800866550445564,
                -0.582619047619048
            ],
            [
                0.4187354403712062,
                0.4889843537966421,
                -0.2880000000000019
            ],
            [
                0.0002703319681396568,
                0.00033396482467651367,
                -0.0005714285714285715
            ],
            [
                0.9134955345931126,
                1.0045518362998953,
                -0.5760000000000038
            ],
            [
                0.011101613738335271,
                0.015907990105946863,
                -0.0015238095238095236
            ]
        ],
        [
            [
                0.8515872971345863,
                0.9800866550445564,
                -0.582619047619048
            ],
            [
                0.4187354403712062,
                0.4889843537966421,
                -0.2880000000000019
            ],
            [
                0.0002703319681396568,
                0.00033396482467651367,
                -0.0005714285714285715
            ],
            [
                0.9134955345931126,
                1.0045518362998953,
                -0.5760000000000038
            ],
            [
                0.011101613738335271,
                0.015907990105946863,
                -0.0015238095238095236
            ]
        ],
        [
            [
                0.8515872971345863,
                0.9800866550445564,
                -0.582619047619048
            ],
            [
                0.4187354403712062,
                0.4889843537966421,
                -0.2880000000000019
            ],
            [
                0.0002703319681396568,
                0.00033396482467651367,
                -0.0005714285714285715
            ],
            [
                0.9134955345931126,
                1.0045518362998953,
                -0.5760000000000038
            ],
            [
                0.011101613738335271,
                0.015907990105946863,
                -0.0015238095238095236
            ]
        ],
        [
            [
                0.8515872971345863,
                0.9800866550445564,
                -0.582619047619048
            ],
            [
                0.4187354403712062,
                0.4889843537966421,
                -0.2880000000000019
            ],
            [
                0.0002703319681396568,
                0.00033396482467651367,
                -0.0005714285714285715
            ],
            [
                0.9134955345931126,
                1.0045518362998953,
                -0.5760000000000038
            ],
            [
                0.011101613738335271,
                0.015907990105946863,
                -0.0015238095238095236
            ]
        ],
        [
            [
                0.8515872971345863,
                0.9800866550445564,
                -0.582619047619048
            ],
            [
                0.4187354403712062,
                0.4889843537966421,
                -0.2880000000000019
            ],
            [
                0.0002703319681396568,
                0.00033396482467651367,
                -0.0005714285714285715
            ],
            [
                0.9134955345931126,
                1.0045518362998953,
                -0.5760000000000038
            ],
            [
                0.011101613738335271,
                0.015907990105946863,
                -0.0015238095238095236
            ]
        ]
    ]
}