{"DoNothing/train/reward_0": 0.255332350730896, "DoNothing/train/reward_1": -0.7630604201004856, "DoNothing/train/reward_2": -0.1, "DoNothing/train/grid2opsteps": 657, "_timestamp": 1721288094.4314988, "_runtime": 3.7011258602142334, "_step": 32, "_wandb": {"runtime": 2}, "DoNothing/eval/reward_0": 1.3995609177706065, "DoNothing/eval/reward_1": 6.296314200432946, "DoNothing/eval/reward_2": -0.6058823529411754}