{"DoNothing/train/reward_0": 0.0, "DoNothing/train/reward_1": 0.00020837359298132464, "DoNothing/train/reward_2": 0.0, "DoNothing/train/grid2opsteps": 1238, "_timestamp": 1721657719.204997, "_runtime": 3.586496114730835, "_step": 128, "_wandb": {"runtime": 2}, "DoNothing/eval/reward_0": 0.0013713818860877686, "DoNothing/eval/reward_1": 0.0013233185644743713, "DoNothing/eval/reward_2": -0.058823529411764705}