{"Action dimension": 99, "_timestamp": 1720506788.7474082, "_runtime": 2.194364070892334, "_step": 1, "Observation dimension": [58], "_wandb": {"runtime": 85}}