{"DoNothing/train/reward_0": 0.0, "DoNothing/train/reward_1": 0.0, "DoNothing/train/reward_2": -1.0, "DoNothing/train/grid2opsteps": 97, "_timestamp": 1722454795.316688, "_runtime": 17.073534965515137, "_step": 128, "_wandb": {"runtime": 13}, "DoNothing/eval/reward_0": 0.0018279349207183217, "DoNothing/eval/reward_1": 7.785714285714285, "DoNothing/eval/reward_2": -0.08333333333333333}