{"train/reward_0": 0.0, "train/reward_1": 0.00024555220443209187, "train/reward_2": 0.0, "train/grid2opsteps": 427, "_timestamp": 1721721149.5406709, "_runtime": 31.02824378013611, "_step": 47, "_wandb": {"runtime": 32}}