{
    "eval_chronic": "C:\\Users\\thoma\\data_grid2op\\rte_case5_example_val\\chronics\\19",
    "eval_rewards": [
        [
            0.0,
            0.00013714469212623714,
            -0.8333333333333334
        ],
        [
            0.000496031746031746,
            0.0,
            -1.0
        ]
    ],
    "eval_actions": [
        40,
        14
    ],
    "eval_states": [
        [
            2.0,
            27.852882385253906,
            8.600000381469727,
            8.199999809265137,
            7.800000190734863,
            14.98206901550293,
            7.035360813140869,
            4.645751953125,
            -16.02174949645996,
            -11.771077156066895,
            -2.3228759765625,
            -2.3228759765625,
            8.221749305725098,
            -12.206798553466797,
            -6.270693778991699,
            -4.221147537231445,
            16.0986385345459,
            12.870814323425293,
            2.367858409881592,
            2.367858409881592,
            -8.199999809265137,
            0.9874666333198547,
            1.3154834508895874,
            1.166517972946167,
            0.6061027646064758,
            0.8969480395317078,
            0.3730641305446625,
            0.3730641305446625,
            0.3576045632362366,
            0.0,
            1.0,
            1.0,
            0.0,
            0.0,
            0.0,
            0.0,
            0.0,
            1.0,
            1.0,
            1.0,
            1.0,
            1.0,
            1.0,
            1.0,
            1.0,
            1.0,
            1.0,
            1.0,
            1.0,
            1.0,
            2.0,
            2.0,
            2.0,
            1.0,
            1.0,
            1.0,
            1.0,
            1.0
        ],
        [
            0.0,
            0.0,
            0.0,
            0.0,
            0.0,
            0.0,
            0.0,
            0.0,
            0.0,
            0.0,
            0.0,
            0.0,
            0.0,
            0.0,
            0.0,
            0.0,
            0.0,
            0.0,
            0.0,
            0.0,
            0.0,
            0.0,
            0.0,
            0.0,
            0.0,
            0.0,
            0.0,
            0.0,
            0.0,
            0.0,
            0.0,
            0.0,
            0.0,
            0.0,
            0.0,
            0.0,
            0.0,
            -1.0,
            -1.0,
            -1.0,
            -1.0,
            -1.0,
            -1.0,
            -1.0,
            -1.0,
            -1.0,
            -1.0,
            -1.0,
            -1.0,
            -1.0,
            -1.0,
            -1.0,
            -1.0,
            -1.0,
            -1.0,
            -1.0,
            -1.0,
            -1.0
        ]
    ],
    "eval_steps": 2
}