{
    "eval_chronic": "C:\\Users\\thoma\\data_grid2op\\rte_case5_example_val\\chronics\\12",
    "eval_rewards": [
        [
            0.0003412844816433584,
            0.0,
            -1.0
        ],
        [
            0.8370671251047237,
            2.0,
            0.0
        ]
    ],
    "eval_actions": [
        18,
        11
    ],
    "eval_states": [
        [
            0.30000001192092896,
            25.891712188720703,
            7.800000190734863,
            8.300000190734863,
            8.100000381469727,
            10.07267951965332,
            3.570496082305908,
            -0.8496631979942322,
            -3.5609593391418457,
            -15.62928581237793,
            -5.9986677169799805,
            -5.9986677169799805,
            -4.539041042327881,
            -8.743599891662598,
            -3.5641326904296875,
            1.2435994148254395,
            3.5641326904296875,
            15.8190336227417,
            6.02939510345459,
            6.02939510345459,
            4.546998977661133,
            0.6793986558914185,
            0.10156649351119995,
            1.1206133365631104,
            0.13965393602848053,
            0.37584158778190613,
            0.3096998333930969,
            0.3096998333930969,
            0.17628070712089539,
            0.0,
            0.0,
            1.0,
            0.0,
            0.0,
            0.0,
            0.0,
            0.0,
            2.0,
            1.0,
            2.0,
            1.0,
            2.0,
            2.0,
            1.0,
            1.0,
            1.0,
            1.0,
            1.0,
            1.0,
            1.0,
            1.0,
            1.0,
            1.0,
            1.0,
            1.0,
            1.0,
            1.0,
            1.0
        ],
        [
            0.699999988079071,
            24.412443161010742,
            8.0,
            8.199999809265137,
            8.300000190734863,
            4.571211338043213,
            -4.835199356079102,
            7.140213966369629,
            0.8798461556434631,
            -19.748960494995117,
            -12.271885871887207,
            -12.271885871887207,
            -9.17984676361084,
            -4.277312755584717,
            4.977313041687012,
            -7.1203484535217285,
            -0.8796514272689819,
            19.841232299804688,
            12.29207992553711,
            12.29207992553711,
            9.203557968139648,
            0.3126821219921112,
            0.5455601215362549,
            0.29563674330711365,
            0.05969095975160599,
            0.26245149970054626,
            0.23819153010845184,
            0.23819153010845184,
            0.33370181918144226,
            0.0,
            0.0,
            0.0,
            0.0,
            0.0,
            0.0,
            0.0,
            0.0,
            2.0,
            2.0,
            1.0,
            1.0,
            2.0,
            1.0,
            1.0,
            1.0,
            1.0,
            1.0,
            1.0,
            1.0,
            1.0,
            1.0,
            1.0,
            1.0,
            1.0,
            1.0,
            1.0,
            1.0,
            1.0
        ]
    ],
    "eval_steps": 2016
}