{
    "eval_chronic": "C:\\Users\\thoma\\data_grid2op\\rte_case5_example_val\\chronics\\12",
    "eval_rewards": [
        [
            0.0,
            0.0003412844816433584,
            -1.0
        ],
        [
            1.0,
            0.7858492205508061,
            0.0
        ]
    ],
    "eval_actions": [
        18,
        23
    ],
    "eval_states": [
        [
            0.30000001192092896,
            25.891712188720703,
            7.800000190734863,
            8.300000190734863,
            8.100000381469727,
            10.07267951965332,
            3.570496082305908,
            -0.8496631979942322,
            -3.5609593391418457,
            -15.62928581237793,
            -5.9986677169799805,
            -5.9986677169799805,
            -4.539041042327881,
            -8.743599891662598,
            -3.5641326904296875,
            1.2435994148254395,
            3.5641326904296875,
            15.8190336227417,
            6.02939510345459,
            6.02939510345459,
            4.546998977661133,
            0.6793986558914185,
            0.10156649351119995,
            1.1206133365631104,
            0.13965393602848053,
            0.37584158778190613,
            0.3096998333930969,
            0.3096998333930969,
            0.17628070712089539,
            0.0,
            0.0,
            1.0,
            0.0,
            0.0,
            0.0,
            0.0,
            0.0,
            2.0,
            1.0,
            2.0,
            1.0,
            2.0,
            2.0,
            1.0,
            1.0,
            1.0,
            1.0,
            1.0,
            1.0,
            1.0,
            1.0,
            1.0,
            1.0,
            1.0,
            1.0,
            1.0,
            1.0,
            1.0
        ],
        [
            0.699999988079071,
            24.756450653076172,
            8.0,
            8.199999809265137,
            8.300000190734863,
            6.898272514343262,
            5.669801712036133,
            2.343000650405884,
            -6.8309326171875,
            -17.780338287353516,
            -6.044682502746582,
            -6.044682502746582,
            -1.4690673351287842,
            -6.249395370483398,
            -5.6608967781066895,
            -2.3391032218933105,
            6.949395179748535,
            17.858177185058594,
            6.055268287658691,
            6.055268287658691,
            1.5463649034500122,
            0.47084400057792664,
            0.150570347905159,
            0.17372038960456848,
            0.7291253805160522,
            0.24151909351348877,
            0.18469998240470886,
            0.18469998240470886,
            0.6743114590644836,
            0.0,
            0.0,
            0.0,
            0.0,
            0.0,
            0.0,
            0.0,
            0.0,
            2.0,
            1.0,
            1.0,
            2.0,
            2.0,
            1.0,
            1.0,
            1.0,
            1.0,
            1.0,
            1.0,
            1.0,
            1.0,
            1.0,
            1.0,
            1.0,
            1.0,
            1.0,
            1.0,
            1.0,
            1.0
        ]
    ],
    "eval_steps": 2016
}