{
    "eval_rewards": [
        [
            0.0,
            0.00022886861337522408,
            -0.6666666666666666
        ],
        [
            0.0,
            0.00025122279380044324,
            -0.8333333333333334
        ],
        [
            0.0,
            0.0002370447906543557,
            -1.0
        ],
        [
            0.000992063492063492,
            0.0,
            -1.0
        ]
    ],
    "eval_actions": [
        32,
        41,
        2,
        18
    ],
    "eval_states": [
        [
            2.0,
            25.800434112548828,
            8.600000381469727,
            8.199999809265137,
            7.800000190734863,
            11.375960350036621,
            3.3511319160461426,
            -1.0986665487289429,
            -4.721121311187744,
            -13.714180946350098,
            5.799335121992044e-05,
            -10.22237777709961,
            -3.07887864112854,
            -9.707298278808594,
            -2.9159696102142334,
            1.2376306056976318,
            4.785636901855469,
            14.424474716186523,
            -2.7823520397374235e-12,
            10.363049507141113,
            3.120986223220825,
            0.7628076672554016,
            0.982571005821228,
            0.6378321051597595,
            0.5257518887519836,
            0.7220473289489746,
            5.2691710586763585e-14,
            0.6493295431137085,
            0.5092878937721252,
            0.0,
            0.0,
            0.0,
            0.0,
            0.0,
            0.0,
            0.0,
            0.0,
            1.0,
            1.0,
            1.0,
            1.0,
            1.0,
            1.0,
            1.0,
            1.0,
            1.0,
            2.0,
            2.0,
            1.0,
            2.0,
            1.0,
            1.0,
            1.0,
            1.0,
            1.0,
            1.0,
            1.0,
            1.0
        ],
        [
            1.899999976158142,
            28.921466827392578,
            8.600000381469727,
            8.199999809265137,
            7.800000190734863,
            17.85702133178711,
            10.287018775939941,
            -7.09110164642334,
            -8.909292221069336,
            -10.287076950073242,
            5.784994573332369e-05,
            1.8551809394251606e-12,
            1.1092915534973145,
            -14.037678718566895,
            -8.702024459838867,
            7.109399318695068,
            8.930303573608398,
            11.064446449279785,
            -7.14242236860528e-15,
            5.813780444441363e-05,
            -1.108955979347229,
            1.1606379747390747,
            1.9111319780349731,
            0.25225046277046204,
            0.3176937997341156,
            0.7551320791244507,
            4.3758086279324475e-15,
            0.025899570435285568,
            0.05331643298268318,
            1.0,
            1.0,
            0.0,
            0.0,
            0.0,
            0.0,
            0.0,
            0.0,
            1.0,
            1.0,
            1.0,
            1.0,
            1.0,
            1.0,
            1.0,
            1.0,
            1.0,
            2.0,
            2.0,
            1.0,
            2.0,
            2.0,
            2.0,
            1.0,
            2.0,
            2.0,
            1.0,
            1.0,
            1.0
        ],
        [
            1.899999976158142,
            28.70699691772461,
            8.5,
            8.0,
            7.900000095367432,
            17.724586486816406,
            10.215052604675293,
            -15.91661548614502,
            0.0004580602399073541,
            -10.215110778808594,
            5.7485769502818584e-05,
            -9.25297165277339e-13,
            -7.900458335876465,
            -13.956294059753418,
            -8.65155029296875,
            16.007843017578125,
            4.636309782271586e-13,
            10.982410430908203,
            1.8510572848823292e-12,
            5.813796815345995e-05,
            7.916557788848877,
            1.1527692079544067,
            1.897864580154419,
            0.5664736032485962,
            1.6914300973833347e-14,
            0.7502675652503967,
            3.52788951480873e-14,
            0.025899605825543404,
            0.2816646695137024,
            2.0,
            2.0,
            0.0,
            0.0,
            0.0,
            0.0,
            0.0,
            0.0,
            2.0,
            2.0,
            2.0,
            1.0,
            2.0,
            2.0,
            1.0,
            1.0,
            1.0,
            2.0,
            2.0,
            1.0,
            2.0,
            2.0,
            2.0,
            1.0,
            2.0,
            2.0,
            1.0,
            1.0,
            1.0
        ],
        [
            0.0,
            0.0,
            0.0,
            0.0,
            0.0,
            0.0,
            0.0,
            0.0,
            0.0,
            0.0,
            0.0,
            0.0,
            0.0,
            0.0,
            0.0,
            0.0,
            0.0,
            0.0,
            0.0,
            0.0,
            0.0,
            0.0,
            0.0,
            0.0,
            0.0,
            0.0,
            0.0,
            0.0,
            0.0,
            0.0,
            0.0,
            0.0,
            0.0,
            0.0,
            0.0,
            0.0,
            0.0,
            -1.0,
            -1.0,
            -1.0,
            -1.0,
            -1.0,
            -1.0,
            -1.0,
            -1.0,
            -1.0,
            -1.0,
            -1.0,
            -1.0,
            -1.0,
            -1.0,
            -1.0,
            -1.0,
            -1.0,
            -1.0,
            -1.0,
            -1.0,
            -1.0
        ]
    ],
    "eval_steps": 4
}