{
    "eval_rewards": [
        [
            1.0,
            0.8626268489717906,
            0.0
        ]
    ],
    "eval_actions": [
        11
    ],
    "eval_states": [
        [
            1.0,
            24.597055435180664,
            8.800000190734863,
            8.600000381469727,
            7.599999904632568,
            4.469789028167725,
            -5.050820350646973,
            7.405259132385254,
            1.4168314933776855,
            -20.035991668701172,
            -12.522392272949219,
            -12.522392272949219,
            -9.016831398010254,
            -4.188398838043213,
            5.188398838043213,
            -7.383731842041016,
            -1.4162683486938477,
            20.127267837524414,
            12.543405532836914,
            12.543405532836914,
            9.039525032043457,
            0.30567991733551025,
            0.5362955331802368,
            0.30695635080337524,
            0.0830005556344986,
            0.2609562575817108,
            0.24305123090744019,
            0.24305123090744019,
            0.3268011808395386,
            0.0,
            0.0,
            0.0,
            0.0,
            0.0,
            0.0,
            0.0,
            0.0,
            2.0,
            2.0,
            1.0,
            1.0,
            2.0,
            1.0,
            1.0,
            1.0,
            1.0,
            1.0,
            1.0,
            1.0,
            1.0,
            1.0,
            1.0,
            1.0,
            1.0,
            1.0,
            1.0,
            1.0,
            1.0
        ]
    ],
    "eval_steps": 2016
}