{
    "eval_chronic": "C:\\Users\\thoma\\data_grid2op\\rte_case5_example_val\\chronics\\12",
    "eval_rewards": [
        [
            0.02039873432216859,
            0.0,
            0.0
        ],
        [
            0.0003353229555371882,
            0.0,
            -1.0
        ],
        [
            7.77042616589852e-06,
            0.0,
            -1.0
        ],
        [
            0.0,
            0.043154761904761904,
            -1.0
        ]
    ],
    "eval_actions": [
        38,
        18,
        12,
        4
    ],
    "eval_states": [
        [
            0.5,
            28.24102783203125,
            8.300000190734863,
            8.399999618530273,
            8.5,
            11.84891128540039,
            2.861738920211792,
            -0.040393561124801636,
            -4.3463640213012695,
            -15.54110336303711,
            -6.288527488708496,
            -6.288527488708496,
            -4.1536359786987305,
            -10.048818588256836,
            -2.4337079524993896,
            0.24516801536083221,
            4.437358856201172,
            16.39211654663086,
            6.339682102203369,
            6.339682102203369,
            4.217449188232422,
            0.7927752733230591,
            0.9741305708885193,
            0.7887710928916931,
            0.6321009993553162,
            0.7897309064865112,
            0.3964475393295288,
            0.3964475393295288,
            0.615761399269104,
            0.0,
            0.0,
            0.0,
            0.0,
            0.0,
            0.0,
            0.0,
            0.0,
            1.0,
            1.0,
            1.0,
            1.0,
            1.0,
            1.0,
            1.0,
            1.0,
            1.0,
            1.0,
            1.0,
            1.0,
            1.0,
            1.0,
            1.0,
            1.0,
            1.0,
            1.0,
            1.0,
            1.0,
            1.0
        ],
        [
            0.5,
            26.491718292236328,
            8.199999809265137,
            8.300000190734863,
            8.399999618530273,
            10.340141296386719,
            3.684060573577881,
            -0.8269701600074768,
            -3.674067974090576,
            -15.95542049407959,
            -6.103772163391113,
            -6.103772163391113,
            -4.725931644439697,
            -8.944121360778809,
            -3.6774470806121826,
            1.2441214323043823,
            3.6774470806121826,
            16.151578903198242,
            6.135679721832275,
            6.135679721832275,
            4.734514236450195,
            0.6966169476509094,
            0.10435809195041656,
            1.1551482677459717,
            0.14349237084388733,
            0.3820333480834961,
            0.3153670132160187,
            0.3153670132160187,
            0.18399448692798615,
            0.0,
            0.0,
            1.0,
            0.0,
            0.0,
            0.0,
            0.0,
            0.0,
            2.0,
            1.0,
            2.0,
            1.0,
            2.0,
            2.0,
            1.0,
            1.0,
            1.0,
            1.0,
            1.0,
            1.0,
            1.0,
            1.0,
            1.0,
            1.0,
            1.0,
            1.0,
            1.0,
            1.0,
            1.0
        ],
        [
            0.5,
            28.003293991088867,
            8.199999809265137,
            8.5,
            8.5,
            8.850852012634277,
            -0.4640403091907501,
            3.278670310974121,
            -2.3028066158294678,
            -18.402551651000977,
            -9.165131568908691,
            -9.165131568908691,
            -6.197193622589111,
            -8.765174865722656,
            0.56517493724823,
            -2.2120087146759033,
            2.7120087146759033,
            19.152441024780273,
            9.433296203613281,
            9.433296203613281,
            6.551592826843262,
            0.16447113454341888,
            0.5320462584495544,
            1.888235092163086,
            1.3919727802276611,
            0.7416460514068604,
            0.8921721577644348,
            0.8921721577644348,
            1.3882874250411987,
            0.0,
            0.0,
            2.0,
            1.0,
            0.0,
            0.0,
            0.0,
            1.0,
            2.0,
            2.0,
            1.0,
            1.0,
            1.0,
            2.0,
            1.0,
            1.0,
            1.0,
            1.0,
            1.0,
            1.0,
            1.0,
            1.0,
            1.0,
            1.0,
            1.0,
            1.0,
            1.0,
            1.0,
            1.0
        ],
        [
            0.0,
            0.0,
            0.0,
            0.0,
            0.0,
            0.0,
            0.0,
            0.0,
            0.0,
            0.0,
            0.0,
            0.0,
            0.0,
            0.0,
            0.0,
            0.0,
            0.0,
            0.0,
            0.0,
            0.0,
            0.0,
            0.0,
            0.0,
            0.0,
            0.0,
            0.0,
            0.0,
            0.0,
            0.0,
            0.0,
            0.0,
            0.0,
            0.0,
            0.0,
            0.0,
            0.0,
            0.0,
            -1.0,
            -1.0,
            -1.0,
            -1.0,
            -1.0,
            -1.0,
            -1.0,
            -1.0,
            -1.0,
            -1.0,
            -1.0,
            -1.0,
            -1.0,
            -1.0,
            -1.0,
            -1.0,
            -1.0,
            -1.0,
            -1.0,
            -1.0,
            -1.0
        ]
    ],
    "eval_steps": 87
}