{
    "eval_chronic": "C:\\Users\\thoma\\data_grid2op\\rte_case5_example_val\\chronics\\19",
    "eval_rewards": [
        [
            0.0003600346294760026,
            0.0,
            -1.0
        ],
        [
            0.03167294796109152,
            0.0,
            0.0
        ],
        [
            0.010980374757428272,
            0.0,
            0.0
        ],
        [
            0.6032401719367845,
            2.0,
            0.0
        ]
    ],
    "eval_actions": [
        18,
        10,
        7,
        3
    ],
    "eval_states": [
        [
            2.0,
            24.26836395263672,
            8.600000381469727,
            8.199999809265137,
            7.800000190734863,
            9.153416633605957,
            3.430880308151245,
            -1.1158696413040161,
            -3.4220712184906006,
            -14.951424598693848,
            -5.734500885009766,
            -5.734500885009766,
            -4.377928733825684,
            -8.043299674987793,
            -3.4249887466430664,
            1.443299412727356,
            3.4249887466430664,
            15.114947319030762,
            5.760272026062012,
            5.760272026062012,
            4.384871482849121,
            0.6198116540908813,
            0.0970480740070343,
            1.0156275033950806,
            0.13344110548496246,
            0.34929680824279785,
            0.2845545709133148,
            0.2845545709133148,
            0.16540899872779846,
            0.0,
            0.0,
            1.0,
            0.0,
            0.0,
            0.0,
            0.0,
            0.0,
            2.0,
            1.0,
            2.0,
            1.0,
            2.0,
            2.0,
            1.0,
            1.0,
            1.0,
            1.0,
            1.0,
            1.0,
            1.0,
            1.0,
            1.0,
            1.0,
            1.0,
            1.0,
            1.0,
            1.0,
            1.0
        ],
        [
            0.6000000238418579,
            25.02196502685547,
            8.399999618530273,
            8.0,
            7.5,
            8.817246437072754,
            0.4290142059326172,
            2.2016773223876953,
            -2.1971821784973145,
            -15.95547103881836,
            -7.7557692527771,
            -7.7557692527771,
            -5.3028178215026855,
            -7.782829284667969,
            -0.017170481383800507,
            -2.199495792388916,
            2.199495792388916,
            16.2047176361084,
            7.763228416442871,
            7.763228416442871,
            5.309861183166504,
            0.5978603363037109,
            0.9547025561332703,
            0.0824788510799408,
            0.0824788510799408,
            0.4300021231174469,
            0.14706651866436005,
            0.14706651866436005,
            0.19100520014762878,
            0.0,
            0.0,
            0.0,
            0.0,
            0.0,
            0.0,
            0.0,
            0.0,
            2.0,
            2.0,
            1.0,
            1.0,
            2.0,
            2.0,
            1.0,
            1.0,
            1.0,
            1.0,
            1.0,
            1.0,
            1.0,
            1.0,
            1.0,
            1.0,
            1.0,
            1.0,
            1.0,
            1.0,
            1.0
        ],
        [
            0.6000000238418579,
            30.0237979888916,
            9.800000190734863,
            9.399999618530273,
            9.100000381469727,
            9.626224517822266,
            -0.7771754860877991,
            9.842355728149414,
            -7.686590671539307,
            -19.99578285217285,
            -10.369145393371582,
            -10.369145393371582,
            -1.4134098291397095,
            -8.405653953552246,
            1.1859315633773804,
            -9.800000190734863,
            7.819722652435303,
            20.397573471069336,
            10.386479377746582,
            10.386479377746582,
            1.4959346055984497,
            0.6505388021469116,
            0.9509883522987366,
            0.42473921179771423,
            0.7760491371154785,
            0.5443294048309326,
            0.2300788164138794,
            0.2300788164138794,
            0.6951404213905334,
            0.0,
            0.0,
            0.0,
            0.0,
            0.0,
            0.0,
            0.0,
            0.0,
            2.0,
            2.0,
            1.0,
            2.0,
            2.0,
            1.0,
            1.0,
            1.0,
            1.0,
            1.0,
            1.0,
            1.0,
            1.0,
            1.0,
            1.0,
            1.0,
            1.0,
            1.0,
            1.0,
            1.0,
            1.0
        ],
        [
            1.0,
            25.57780647277832,
            8.699999809265137,
            8.399999618530273,
            8.0,
            7.170985698699951,
            -1.9720665216445923,
            -5.131078720092773,
            8.72496509552002,
            -18.139347076416016,
            -10.039289474487305,
            -10.039289474487305,
            -16.724966049194336,
            -6.472267150878906,
            2.189912796020508,
            5.282354354858398,
            -8.699999809265137,
            18.40682029724121,
            10.055706977844238,
            10.055706977844238,
            16.80965805053711,
            0.4890766441822052,
            0.6837111115455627,
            0.6707764863967896,
            0.38154467940330505,
            0.44513845443725586,
            0.22420203685760498,
            0.22420203685760498,
            0.6367451548576355,
            0.0,
            0.0,
            0.0,
            0.0,
            0.0,
            0.0,
            0.0,
            0.0,
            2.0,
            2.0,
            2.0,
            1.0,
            2.0,
            1.0,
            1.0,
            1.0,
            1.0,
            1.0,
            1.0,
            1.0,
            1.0,
            1.0,
            1.0,
            1.0,
            1.0,
            1.0,
            1.0,
            1.0,
            1.0
        ]
    ],
    "eval_steps": 2016
}