{
    "eval_rewards": [
        [
            0.0,
            0.0003948518211184713,
            -0.6666666666666666
        ],
        [
            0.0,
            0.00039056881149337607,
            -1.0
        ],
        [
            0.000744047619047619,
            0.0,
            -1.0
        ]
    ],
    "eval_actions": [
        34,
        6,
        24
    ],
    "eval_states": [
        [
            4.199999809265137,
            29.30176544189453,
            8.699999809265137,
            8.300000190734863,
            7.300000190734863,
            29.301708221435547,
            -4.508047103881836,
            -4.363117694854736,
            -6.730887413024902,
            -9.277045277811258e-13,
            -2.2532107830047607,
            -2.2532107830047607,
            -0.5691128373146057,
            -20.12601661682129,
            4.5137248039245605,
            4.369776725769043,
            6.7425150871276855,
            5.814511314383708e-05,
            2.254023551940918,
            2.254023551940918,
            0.5695388317108154,
            1.806025743484497,
            0.12693391740322113,
            0.16812312602996826,
            0.23854978382587433,
            0.012950598262250423,
            0.04376797005534172,
            0.04376797005534172,
            0.02123863250017166,
            1.0,
            0.0,
            0.0,
            0.0,
            0.0,
            0.0,
            0.0,
            0.0,
            1.0,
            1.0,
            1.0,
            1.0,
            1.0,
            1.0,
            1.0,
            1.0,
            1.0,
            2.0,
            1.0,
            2.0,
            2.0,
            1.0,
            1.0,
            1.0,
            1.0,
            1.0,
            1.0,
            1.0,
            1.0
        ],
        [
            4.300000190734863,
            29.548959732055664,
            8.800000190734863,
            8.399999618530273,
            7.300000190734863,
            29.548900604248047,
            -7.160526752471924,
            0.001304871286265552,
            -8.545374870300293,
            -9.277045277811258e-13,
            -3.5786197185516357,
            -3.5786197185516357,
            1.2453746795654297,
            -20.238941192626953,
            7.175394058227539,
            -9.272909046523226e-13,
            8.563547134399414,
            5.814511314383708e-05,
            3.580263376235962,
            3.580263376235962,
            -1.2440650463104248,
            1.8192850351333618,
            0.20098015666007996,
            3.288259828272341e-14,
            0.3043921887874603,
            0.012950598262250423,
            0.06768186390399933,
            0.06768186390399933,
            0.04846438765525818,
            2.0,
            0.0,
            0.0,
            0.0,
            0.0,
            0.0,
            0.0,
            0.0,
            2.0,
            2.0,
            1.0,
            2.0,
            2.0,
            2.0,
            1.0,
            1.0,
            1.0,
            2.0,
            1.0,
            2.0,
            2.0,
            1.0,
            1.0,
            1.0,
            1.0,
            1.0,
            1.0,
            1.0,
            1.0
        ],
        [
            0.0,
            0.0,
            0.0,
            0.0,
            0.0,
            0.0,
            0.0,
            0.0,
            0.0,
            0.0,
            0.0,
            0.0,
            0.0,
            0.0,
            0.0,
            0.0,
            0.0,
            0.0,
            0.0,
            0.0,
            0.0,
            0.0,
            0.0,
            0.0,
            0.0,
            0.0,
            0.0,
            0.0,
            0.0,
            0.0,
            0.0,
            0.0,
            0.0,
            0.0,
            0.0,
            0.0,
            0.0,
            -1.0,
            -1.0,
            -1.0,
            -1.0,
            -1.0,
            -1.0,
            -1.0,
            -1.0,
            -1.0,
            -1.0,
            -1.0,
            -1.0,
            -1.0,
            -1.0,
            -1.0,
            -1.0,
            -1.0,
            -1.0,
            -1.0,
            -1.0,
            -1.0
        ]
    ],
    "eval_steps": 3
}