{
    "eval_chronic": "C:\\Users\\thoma\\data_grid2op\\rte_case5_example_val\\chronics\\12",
    "eval_rewards": [
        [
            0.0,
            0.00014444222923917102,
            -0.6666666666666666
        ],
        [
            0.0,
            0.26544380659852734,
            0.0
        ],
        [
            0.0,
            0.0002447161246205999,
            -0.6666666666666666
        ],
        [
            0.24925595238095238,
            0.0,
            -1.0
        ]
    ],
    "eval_actions": [
        36,
        7,
        30,
        51
    ],
    "eval_states": [
        [
            0.30000001192092896,
            28.216333389282227,
            7.800000190734863,
            8.300000190734863,
            8.100000381469727,
            14.482370376586914,
            0.027517767623066902,
            0.10720924288034439,
            -4.050703525543213,
            -13.169119834899902,
            -12.62651538848877,
            0.09814802557229996,
            -4.049296855926514,
            -11.874398231506348,
            0.10241755843162537,
            0.1219843178987503,
            4.149996757507324,
            13.733963012695312,
            13.169119834899902,
            -0.027517767623066902,
            4.121157646179199,
            0.9568477272987366,
            0.5189483165740967,
            0.8384486436843872,
            0.6621096730232239,
            0.6445605754852295,
            1.2637451887130737,
            0.4384278953075409,
            0.650800347328186,
            0.0,
            0.0,
            0.0,
            0.0,
            0.0,
            1.0,
            0.0,
            0.0,
            1.0,
            1.0,
            1.0,
            1.0,
            1.0,
            1.0,
            1.0,
            1.0,
            1.0,
            2.0,
            1.0,
            1.0,
            2.0,
            1.0,
            1.0,
            1.0,
            1.0,
            1.0,
            1.0,
            1.0,
            1.0
        ],
        [
            1.0,
            32.363609313964844,
            9.699999809265137,
            9.899999618530273,
            10.100000381469727,
            13.557172775268555,
            -3.719468593597412,
            9.74168586730957,
            -8.097064971923828,
            -18.48140525817871,
            -18.17233657836914,
            -3.5945656299591064,
            -2.0029349327087402,
            -11.247379302978516,
            3.961362361907959,
            -9.699999809265137,
            8.286016464233398,
            18.80643653869629,
            18.48140525817871,
            3.719468593597412,
            2.1252171993255615,
            0.8997317552566528,
            0.7228212356567383,
            0.42190074920654297,
            0.9325847625732422,
            0.49016717076301575,
            0.9562243819236755,
            0.5874040722846985,
            0.8356205821037292,
            0.0,
            0.0,
            0.0,
            0.0,
            0.0,
            0.0,
            0.0,
            0.0,
            2.0,
            2.0,
            1.0,
            2.0,
            2.0,
            1.0,
            1.0,
            1.0,
            1.0,
            2.0,
            1.0,
            1.0,
            2.0,
            1.0,
            1.0,
            1.0,
            1.0,
            1.0,
            1.0,
            1.0,
            1.0
        ],
        [
            1.0,
            30.602222442626953,
            9.399999618530273,
            9.899999618530273,
            9.899999618530273,
            9.800948143005371,
            -0.8102540373802185,
            9.43929386138916,
            -8.160843849182129,
            -20.38772201538086,
            -10.581097602844238,
            -10.581097602844238,
            -1.7391552925109863,
            -8.538395881652832,
            1.2347445487976074,
            -9.399999618530273,
            8.303650856018066,
            20.8012752532959,
            10.59898853302002,
            10.59898853302002,
            1.8229026794433594,
            0.6618510484695435,
            0.9698718786239624,
            0.41100621223449707,
            0.8055302500724792,
            0.5521460175514221,
            0.2335430085659027,
            0.2335430085659027,
            0.699840784072876,
            0.0,
            0.0,
            0.0,
            0.0,
            0.0,
            0.0,
            0.0,
            0.0,
            2.0,
            2.0,
            1.0,
            2.0,
            2.0,
            1.0,
            1.0,
            1.0,
            1.0,
            1.0,
            1.0,
            1.0,
            1.0,
            1.0,
            1.0,
            1.0,
            1.0,
            1.0,
            1.0,
            1.0,
            1.0
        ],
        [
            0.0,
            0.0,
            0.0,
            0.0,
            0.0,
            0.0,
            0.0,
            0.0,
            0.0,
            0.0,
            0.0,
            0.0,
            0.0,
            0.0,
            0.0,
            0.0,
            0.0,
            0.0,
            0.0,
            0.0,
            0.0,
            0.0,
            0.0,
            0.0,
            0.0,
            0.0,
            0.0,
            0.0,
            0.0,
            0.0,
            0.0,
            0.0,
            0.0,
            0.0,
            0.0,
            0.0,
            0.0,
            -1.0,
            -1.0,
            -1.0,
            -1.0,
            -1.0,
            -1.0,
            -1.0,
            -1.0,
            -1.0,
            -1.0,
            -1.0,
            -1.0,
            -1.0,
            -1.0,
            -1.0,
            -1.0,
            -1.0,
            -1.0,
            -1.0,
            -1.0,
            -1.0
        ]
    ],
    "eval_steps": 1005
}