{
    "eval_chronic": "C:\\Users\\thoma\\data_grid2op\\rte_case5_example_val\\chronics\\19",
    "eval_rewards": [
        [
            0.024195545384142043,
            0.0,
            0.0
        ],
        [
            0.0,
            0.02976190476190476,
            -1.0
        ]
    ],
    "eval_actions": [
        8,
        33
    ],
    "eval_states": [
        [
            0.800000011920929,
            20.259218215942383,
            7.099999904632568,
            6.900000095367432,
            6.599999904632568,
            8.333736419677734,
            2.130643367767334,
            -0.510967493057251,
            -3.3231921195983887,
            -11.84550952911377,
            -4.838557243347168,
            -4.838557243347168,
            -3.2768077850341797,
            -8.30455493927002,
            -2.125391721725464,
            0.800000011920929,
            3.329946756362915,
            11.925480842590332,
            4.857432842254639,
            4.857432842254639,
            3.288081645965576,
            0.09477061033248901,
            0.14790748059749603,
            0.9500247836112976,
            0.22454223036766052,
            0.24588465690612793,
            0.24528715014457703,
            0.24528715014457703,
            0.19815751910209656,
            0.0,
            0.0,
            0.0,
            0.0,
            0.0,
            0.0,
            0.0,
            0.0,
            2.0,
            2.0,
            1.0,
            2.0,
            1.0,
            2.0,
            1.0,
            1.0,
            1.0,
            1.0,
            1.0,
            1.0,
            1.0,
            1.0,
            1.0,
            1.0,
            1.0,
            1.0,
            1.0,
            1.0,
            1.0
        ],
        [
            0.0,
            0.0,
            0.0,
            0.0,
            0.0,
            0.0,
            0.0,
            0.0,
            0.0,
            0.0,
            0.0,
            0.0,
            0.0,
            0.0,
            0.0,
            0.0,
            0.0,
            0.0,
            0.0,
            0.0,
            0.0,
            0.0,
            0.0,
            0.0,
            0.0,
            0.0,
            0.0,
            0.0,
            0.0,
            0.0,
            0.0,
            0.0,
            0.0,
            0.0,
            0.0,
            0.0,
            0.0,
            -1.0,
            -1.0,
            -1.0,
            -1.0,
            -1.0,
            -1.0,
            -1.0,
            -1.0,
            -1.0,
            -1.0,
            -1.0,
            -1.0,
            -1.0,
            -1.0,
            -1.0,
            -1.0,
            -1.0,
            -1.0,
            -1.0,
            -1.0,
            -1.0
        ]
    ],
    "eval_steps": 60
}