{
    "eval_chronic": "C:\\Users\\thoma\\data_grid2op\\rte_case5_example_val\\chronics\\19",
    "eval_rewards": [
        [
            0.0001931163856971832,
            0.0,
            -1.0
        ],
        [
            0.9592810337472003,
            2.0,
            0.0
        ]
    ],
    "eval_actions": [
        4,
        26
    ],
    "eval_states": [
        [
            2.0,
            24.15598487854004,
            8.600000381469727,
            8.199999809265137,
            7.800000190734863,
            8.944064140319824,
            1.2156894207000732,
            -1.4591425657272339,
            -1.3819103240966797,
            -15.028570175170898,
            -6.860119342803955,
            -6.860119342803955,
            -6.418089866638184,
            -8.883251190185547,
            -1.210186243057251,
            1.4934370517730713,
            2.0,
            15.211920738220215,
            6.906440734863281,
            6.906440734863281,
            6.979381561279297,
            0.1376236528158188,
            0.15321505069732666,
            0.4186830520629883,
            1.7217785120010376,
            0.3695772886276245,
            0.37764132022857666,
            0.37764132022857666,
            1.734969139099121,
            0.0,
            0.0,
            0.0,
            1.0,
            0.0,
            0.0,
            0.0,
            1.0,
            2.0,
            2.0,
            2.0,
            1.0,
            1.0,
            2.0,
            1.0,
            1.0,
            1.0,
            1.0,
            1.0,
            1.0,
            1.0,
            1.0,
            1.0,
            1.0,
            1.0,
            1.0,
            1.0,
            1.0,
            1.0
        ],
        [
            1.0,
            25.170894622802734,
            8.699999809265137,
            8.399999618530273,
            8.0,
            8.710983276367188,
            3.3824307918548584,
            0.36736828088760376,
            -3.7408270835876465,
            -16.424114227294922,
            -6.515563011169434,
            -6.515563011169434,
            -4.2591729164123535,
            -7.699999809265137,
            -3.3787312507629395,
            -0.3668172359466553,
            3.7455484867095947,
            16.459911346435547,
            6.5208420753479,
            6.5208420753479,
            4.263758182525635,
            0.5909033417701721,
            0.08725284785032272,
            0.028961187228560448,
            0.1364140808582306,
            0.16244961321353912,
            0.12349545955657959,
            0.12349545955657959,
            0.1540462225675583,
            0.0,
            0.0,
            0.0,
            0.0,
            0.0,
            0.0,
            0.0,
            0.0,
            2.0,
            1.0,
            1.0,
            1.0,
            2.0,
            2.0,
            1.0,
            1.0,
            1.0,
            1.0,
            1.0,
            1.0,
            1.0,
            1.0,
            1.0,
            1.0,
            1.0,
            1.0,
            1.0,
            1.0,
            1.0
        ]
    ],
    "eval_steps": 2016
}