{
    "eval_rewards": [
        [
            0.0,
            0.021557286734560643,
            0.0
        ],
        [
            1.0,
            0.7706020000649456,
            0.0
        ]
    ],
    "eval_actions": [
        46,
        23
    ],
    "eval_states": [
        [
            0.6000000238418579,
            25.433286666870117,
            8.100000381469727,
            7.800000190734863,
            7.400000095367432,
            10.442399978637695,
            2.316926956176758,
            0.2520701587200165,
            -3.5577476024627686,
            -14.390172958374023,
            -7.800000190734863,
            -4.128745079040527,
            -3.842252492904663,
            -9.020407676696777,
            -1.941703200340271,
            -0.1446240097284317,
            3.6067347526550293,
            14.990887641906738,
            7.810408115386963,
            4.262837886810303,
            3.8766751289367676,
            0.7031861543655396,
            0.9095313549041748,
            0.5524502992630005,
            0.4516081213951111,
            0.664497971534729,
            0.16683660447597504,
            0.6347594261169434,
            0.4638858735561371,
            0.0,
            0.0,
            0.0,
            0.0,
            0.0,
            0.0,
            0.0,
            0.0,
            1.0,
            1.0,
            1.0,
            1.0,
            1.0,
            1.0,
            1.0,
            1.0,
            1.0,
            1.0,
            1.0,
            1.0,
            1.0,
            2.0,
            1.0,
            2.0,
            2.0,
            1.0,
            1.0,
            1.0,
            1.0
        ],
        [
            1.0,
            24.920700073242188,
            8.699999809265137,
            8.399999618530273,
            8.0,
            6.337306499481201,
            5.728415489196777,
            2.990199565887451,
            -6.698456764221191,
            -18.515491485595703,
            -8.399999618530273,
            -4.346088409423828,
            -1.3015429973602295,
            -5.785637378692627,
            -5.71882438659668,
            -2.981175661087036,
            6.785637378692627,
            18.583393096923828,
            8.412145614624023,
            4.374931812286377,
            1.3558886051177979,
            0.4331446886062622,
            0.14773784577846527,
            0.2386714667081833,
            0.6198209524154663,
            0.2252899706363678,
            0.1806940734386444,
            0.30084654688835144,
            0.5731963515281677,
            0.0,
            0.0,
            0.0,
            0.0,
            0.0,
            0.0,
            0.0,
            0.0,
            2.0,
            1.0,
            1.0,
            2.0,
            2.0,
            1.0,
            1.0,
            1.0,
            1.0,
            1.0,
            1.0,
            1.0,
            1.0,
            2.0,
            1.0,
            2.0,
            2.0,
            1.0,
            1.0,
            1.0,
            1.0
        ]
    ],
    "eval_steps": 2016
}