{
    "eval_rewards": [
        [
            1.0,
            0.9036349663354161,
            0.0
        ]
    ],
    "eval_actions": [
        19
    ],
    "eval_states": [
        [
            1.0,
            24.598766326904297,
            8.800000190734863,
            8.600000381469727,
            7.599999904632568,
            4.902904033660889,
            8.95948600769043,
            -5.437592506408691,
            -0.13563479483127594,
            -19.6217041015625,
            -5.32234001159668,
            -5.32234001159668,
            -7.464365005493164,
            -4.566325664520264,
            -8.936155319213867,
            5.566325664520264,
            0.13615477085113525,
            19.69586181640625,
            5.331109046936035,
            5.331109046936035,
            7.482272624969482,
            0.33551692962646484,
            0.24811764061450958,
            0.6144524812698364,
            0.09956980496644974,
            0.23516370356082916,
            0.16923372447490692,
            0.16923372447490692,
            0.2816515564918518,
            0.0,
            0.0,
            0.0,
            0.0,
            0.0,
            0.0,
            0.0,
            0.0,
            2.0,
            1.0,
            2.0,
            1.0,
            2.0,
            1.0,
            1.0,
            1.0,
            1.0,
            1.0,
            1.0,
            1.0,
            1.0,
            1.0,
            1.0,
            1.0,
            1.0,
            1.0,
            1.0,
            1.0,
            1.0
        ]
    ],
    "eval_steps": 2016
}