{
    "eval_chronic": "C:\\Users\\thoma\\data_grid2op\\rte_case5_example_val\\chronics\\12",
    "eval_rewards": [
        [
            0.00019111550512371627,
            0.0,
            -1.0
        ],
        [
            0.0,
            0.000992063492063492,
            -1.0
        ]
    ],
    "eval_actions": [
        14,
        17
    ],
    "eval_states": [
        [
            0.30000001192092896,
            27.281768798828125,
            7.800000190734863,
            8.300000190734863,
            8.100000381469727,
            12.72269344329834,
            0.0006481412565335631,
            0.9145923256874084,
            -3.5359528064727783,
            -14.098603248596191,
            -6.951838970184326,
            -6.951838970184326,
            -4.564047336578369,
            -10.668633460998535,
            9.283308713761707e-13,
            -0.5260072946548462,
            3.6946403980255127,
            14.559075355529785,
            7.048977851867676,
            7.048977851867676,
            4.689085006713867,
            0.8477314114570618,
            2.428397550592338e-14,
            1.1124681234359741,
            0.8489853143692017,
            0.5825355648994446,
            0.5418708920478821,
            0.5418708920478821,
            0.8437339663505554,
            0.0,
            0.0,
            1.0,
            0.0,
            0.0,
            0.0,
            0.0,
            0.0,
            2.0,
            1.0,
            2.0,
            2.0,
            2.0,
            2.0,
            1.0,
            1.0,
            1.0,
            1.0,
            1.0,
            1.0,
            1.0,
            1.0,
            1.0,
            1.0,
            1.0,
            1.0,
            1.0,
            1.0,
            1.0
        ],
        [
            0.0,
            0.0,
            0.0,
            0.0,
            0.0,
            0.0,
            0.0,
            0.0,
            0.0,
            0.0,
            0.0,
            0.0,
            0.0,
            0.0,
            0.0,
            0.0,
            0.0,
            0.0,
            0.0,
            0.0,
            0.0,
            0.0,
            0.0,
            0.0,
            0.0,
            0.0,
            0.0,
            0.0,
            0.0,
            0.0,
            0.0,
            0.0,
            0.0,
            0.0,
            0.0,
            0.0,
            0.0,
            -1.0,
            -1.0,
            -1.0,
            -1.0,
            -1.0,
            -1.0,
            -1.0,
            -1.0,
            -1.0,
            -1.0,
            -1.0,
            -1.0,
            -1.0,
            -1.0,
            -1.0,
            -1.0,
            -1.0,
            -1.0,
            -1.0,
            -1.0,
            -1.0
        ]
    ],
    "eval_steps": 2
}