{
    "eval_rewards": [
        [
            0.0,
            0.037744120402032746,
            0.0
        ],
        [
            1.0,
            0.8859202155515772,
            0.0
        ]
    ],
    "eval_actions": [
        15,
        27
    ],
    "eval_states": [
        [
            0.6000000238418579,
            29.795198440551758,
            9.800000190734863,
            9.399999618530273,
            9.100000381469727,
            9.64460277557373,
            9.83450698852539,
            -2.3460841178894043,
            -6.291478633880615,
            -19.89329719543457,
            -4.969771862030029,
            -4.969771862030029,
            -2.8085217475891113,
            -8.419646263122559,
            -9.800000190734863,
            2.608212947845459,
            6.411433219909668,
            20.150596618652344,
            5.029394626617432,
            5.029394626617432,
            2.8856284618377686,
            0.6517297625541687,
            0.3083508312702179,
            0.9017669558525085,
            0.7335547208786011,
            0.4365699291229248,
            0.4272997975349426,
            0.4272997975349426,
            0.6731271147727966,
            0.0,
            0.0,
            0.0,
            0.0,
            0.0,
            0.0,
            0.0,
            0.0,
            2.0,
            1.0,
            2.0,
            2.0,
            2.0,
            1.0,
            1.0,
            1.0,
            1.0,
            1.0,
            1.0,
            1.0,
            1.0,
            1.0,
            1.0,
            1.0,
            1.0,
            1.0,
            1.0,
            1.0,
            1.0
        ],
        [
            1.0,
            24.245256423950195,
            8.699999809265137,
            8.399999618530273,
            8.0,
            -0.9852069020271301,
            7.664780616760254,
            2.9656312465667725,
            -1.9089534282684326,
            -25.151458740234375,
            -8.733402252197266,
            -8.733402252197266,
            -6.0910468101501465,
            1.0,
            -7.6476922035217285,
            -2.962386131286621,
            1.9100786447525024,
            25.230464935302734,
            8.743339538574219,
            8.743339538574219,
            6.1011738777160645,
            0.08589152246713638,
            0.21437132358551025,
            0.1396404653787613,
            0.06963352859020233,
            0.23829203844070435,
            0.16705316305160522,
            0.16705316305160522,
            0.21748502552509308,
            0.0,
            0.0,
            0.0,
            0.0,
            0.0,
            0.0,
            0.0,
            0.0,
            2.0,
            1.0,
            1.0,
            1.0,
            2.0,
            1.0,
            1.0,
            1.0,
            1.0,
            1.0,
            1.0,
            1.0,
            1.0,
            1.0,
            1.0,
            1.0,
            1.0,
            1.0,
            1.0,
            1.0,
            1.0
        ]
    ],
    "eval_steps": 2016
}