{
    "eval_rewards": [
        [
            0.0,
            0.033199023823711434,
            0.0
        ],
        [
            0.0,
            0.00016316844537076663,
            -1.0
        ],
        [
            0.0,
            0.00427273701040787,
            0.0
        ],
        [
            1.0,
            0.6124570875467434,
            0.0
        ]
    ],
    "eval_actions": [
        7,
        20,
        15,
        44
    ],
    "eval_states": [
        [
            0.6000000238418579,
            29.075237274169922,
            9.600000381469727,
            9.100000381469727,
            8.800000190734863,
            9.291455268859863,
            -0.7853748798370361,
            9.640971183776855,
            -7.461869239807129,
            -19.404842376708984,
            -10.07863998413086,
            -10.07863998413086,
            -1.3381307125091553,
            -8.149569511413574,
            1.165837049484253,
            -9.600000381469727,
            7.5837321281433105,
            19.783782958984375,
            10.095108985900879,
            10.095108985900879,
            1.4163082838058472,
            0.6288001537322998,
            0.9160956740379333,
            0.4188423156738281,
            0.7406006455421448,
            0.5287997126579285,
            0.22449468076229095,
            0.22449468076229095,
            0.677884578704834,
            0.0,
            0.0,
            0.0,
            0.0,
            0.0,
            0.0,
            0.0,
            0.0,
            2.0,
            2.0,
            1.0,
            2.0,
            2.0,
            1.0,
            1.0,
            1.0,
            1.0,
            1.0,
            1.0,
            1.0,
            1.0,
            1.0,
            1.0,
            1.0,
            1.0,
            1.0,
            1.0,
            1.0,
            1.0
        ],
        [
            0.6000000238418579,
            29.131540298461914,
            9.600000381469727,
            9.0,
            8.699999809265137,
            10.800582885742188,
            4.451924800872803,
            -1.0092027187347412,
            -3.7783114910125732,
            -17.615585327148438,
            -6.5729079246521,
            -6.5729079246521,
            -4.921688556671143,
            -10.720209121704102,
            -3.462509870529175,
            1.120208740234375,
            4.062510013580322,
            18.330957412719727,
            6.5818305015563965,
            6.5818305015563965,
            5.1550188064575195,
            0.16003794968128204,
            1.501534342765808,
            0.6995736360549927,
            1.152217984199524,
            0.7245291471481323,
            0.1689022034406662,
            0.1689022034406662,
            1.1355156898498535,
            0.0,
            1.0,
            0.0,
            1.0,
            0.0,
            0.0,
            0.0,
            1.0,
            2.0,
            1.0,
            2.0,
            1.0,
            1.0,
            2.0,
            1.0,
            1.0,
            1.0,
            1.0,
            1.0,
            1.0,
            1.0,
            1.0,
            1.0,
            1.0,
            1.0,
            1.0,
            1.0,
            1.0,
            1.0
        ],
        [
            0.6000000238418579,
            29.795198440551758,
            9.800000190734863,
            9.399999618530273,
            9.100000381469727,
            9.64460277557373,
            9.83450698852539,
            -2.3460841178894043,
            -6.291478633880615,
            -19.89329719543457,
            -4.969771862030029,
            -4.969771862030029,
            -2.8085217475891113,
            -8.419646263122559,
            -9.800000190734863,
            2.608212947845459,
            6.411433219909668,
            20.150596618652344,
            5.029394626617432,
            5.029394626617432,
            2.8856284618377686,
            0.6517297625541687,
            0.3083508312702179,
            0.9017669558525085,
            0.7335547208786011,
            0.4365699291229248,
            0.4272997975349426,
            0.4272997975349426,
            0.6731271147727966,
            0.0,
            0.0,
            0.0,
            0.0,
            0.0,
            0.0,
            0.0,
            0.0,
            2.0,
            1.0,
            2.0,
            2.0,
            2.0,
            1.0,
            1.0,
            1.0,
            1.0,
            1.0,
            1.0,
            1.0,
            1.0,
            1.0,
            1.0,
            1.0,
            1.0,
            1.0,
            1.0,
            1.0,
            1.0
        ],
        [
            1.0,
            25.529237747192383,
            8.699999809265137,
            8.399999618530273,
            8.0,
            7.819393157958984,
            8.727144241333008,
            -0.6945284008979797,
            -7.058084964752197,
            -17.5304012298584,
            0.6945284008979797,
            -9.40371036529541,
            -0.9419149160385132,
            -6.995506763458252,
            -8.699999809265137,
            0.8399648070335388,
            7.155541896820068,
            17.7098445892334,
            -0.6289856433868408,
            9.432243347167969,
            1.0037106275558472,
            0.532181978225708,
            0.27602648735046387,
            0.6540107131004333,
            0.6578820943832397,
            0.3654695749282837,
            0.4477328956127167,
            0.2971242666244507,
            0.6081066727638245,
            0.0,
            0.0,
            0.0,
            0.0,
            0.0,
            0.0,
            0.0,
            0.0,
            2.0,
            1.0,
            2.0,
            2.0,
            2.0,
            1.0,
            1.0,
            1.0,
            1.0,
            1.0,
            1.0,
            1.0,
            1.0,
            2.0,
            2.0,
            1.0,
            1.0,
            1.0,
            1.0,
            1.0,
            1.0
        ]
    ],
    "eval_steps": 2016
}