{
    "eval_rewards": [
        [
            0.0,
            0.037744120402032746,
            0.0
        ],
        [
            0.0,
            0.0012346333636530581,
            0.0
        ],
        [
            0.0,
            0.0003443641244342633,
            -1.0
        ],
        [
            0.0,
            0.00034369005951935885,
            -0.6666666666666666
        ],
        [
            1.0,
            0.8195405792239225,
            0.0
        ]
    ],
    "eval_actions": [
        15,
        15,
        10,
        32,
        44
    ],
    "eval_states": [
        [
            0.6000000238418579,
            29.795198440551758,
            9.800000190734863,
            9.399999618530273,
            9.100000381469727,
            9.64460277557373,
            9.83450698852539,
            -2.3460841178894043,
            -6.291478633880615,
            -19.89329719543457,
            -4.969771862030029,
            -4.969771862030029,
            -2.8085217475891113,
            -8.419646263122559,
            -9.800000190734863,
            2.608212947845459,
            6.411433219909668,
            20.150596618652344,
            5.029394626617432,
            5.029394626617432,
            2.8856284618377686,
            0.6517297625541687,
            0.3083508312702179,
            0.9017669558525085,
            0.7335547208786011,
            0.4365699291229248,
            0.4272997975349426,
            0.4272997975349426,
            0.6731271147727966,
            0.0,
            0.0,
            0.0,
            0.0,
            0.0,
            0.0,
            0.0,
            0.0,
            2.0,
            1.0,
            2.0,
            2.0,
            2.0,
            1.0,
            1.0,
            1.0,
            1.0,
            1.0,
            1.0,
            1.0,
            1.0,
            1.0,
            1.0,
            1.0,
            1.0,
            1.0,
            1.0,
            1.0,
            1.0
        ],
        [
            0.5,
            29.684711456298828,
            9.899999618530273,
            9.199999809265137,
            9.0,
            9.61566162109375,
            9.935965538024902,
            -2.304283380508423,
            -6.2121758460998535,
            -19.81572723388672,
            -4.880515098571777,
            -4.880515098571777,
            -2.7878241539001465,
            -8.39760971069336,
            -9.899999618530273,
            2.566274404525757,
            6.331335067749023,
            20.069049835205078,
            4.939880847930908,
            4.939880847930908,
            2.86531400680542,
            0.6498541831970215,
            0.3149447739124298,
            0.9015013575553894,
            0.7309249043464661,
            0.43322208523750305,
            0.4264168441295624,
            0.4264168441295624,
            0.6746900081634521,
            0.0,
            0.0,
            0.0,
            0.0,
            0.0,
            0.0,
            0.0,
            0.0,
            2.0,
            1.0,
            2.0,
            2.0,
            2.0,
            1.0,
            1.0,
            1.0,
            1.0,
            1.0,
            1.0,
            1.0,
            1.0,
            1.0,
            1.0,
            1.0,
            1.0,
            1.0,
            1.0,
            1.0,
            1.0
        ],
        [
            0.5,
            30.008834838867188,
            9.899999618530273,
            9.300000190734863,
            8.800000190734863,
            10.784663200378418,
            0.7464978098869324,
            2.5837557315826416,
            -2.5780622959136963,
            -18.882722854614258,
            -9.057815551757812,
            -9.057815551757812,
            -6.221937656402588,
            -9.274227142333984,
            -0.1257726550102234,
            -2.5811264514923096,
            2.5811264514923096,
            19.224172592163086,
            9.06811237335205,
            9.06811237335205,
            6.231875896453857,
            0.7251177430152893,
            1.1810508966445923,
            0.0984916239976883,
            0.0984916239976883,
            0.5022468566894531,
            0.17144688963890076,
            0.17144688963890076,
            0.2212630808353424,
            0.0,
            1.0,
            0.0,
            0.0,
            0.0,
            0.0,
            0.0,
            0.0,
            2.0,
            2.0,
            1.0,
            1.0,
            2.0,
            2.0,
            1.0,
            1.0,
            1.0,
            1.0,
            1.0,
            1.0,
            1.0,
            1.0,
            1.0,
            1.0,
            1.0,
            1.0,
            1.0,
            1.0,
            1.0
        ],
        [
            0.5,
            30.120914459228516,
            9.800000190734863,
            9.300000190734863,
            9.0,
            10.759420394897461,
            0.6642376780509949,
            2.6425588130950928,
            -2.6366734504699707,
            -19.02259063720703,
            5.769413473899476e-05,
            -18.316354751586914,
            -6.363326549530029,
            -9.255586624145508,
            -0.04441375285387039,
            -2.639819622039795,
            2.639819622039795,
            19.361494064331055,
            3.69778903677731e-12,
            18.358352661132812,
            6.373737812042236,
            0.7235031127929688,
            1.1801645755767822,
            0.10057927668094635,
            0.10057927668094635,
            0.5003829598426819,
            7.014954752065233e-14,
            0.34725943207740784,
            0.2265421599149704,
            0.0,
            2.0,
            0.0,
            0.0,
            0.0,
            0.0,
            0.0,
            0.0,
            2.0,
            2.0,
            1.0,
            1.0,
            2.0,
            2.0,
            1.0,
            1.0,
            1.0,
            2.0,
            2.0,
            1.0,
            2.0,
            1.0,
            1.0,
            1.0,
            1.0,
            1.0,
            1.0,
            1.0,
            1.0
        ],
        [
            1.0,
            25.21251106262207,
            8.699999809265137,
            8.399999618530273,
            8.0,
            8.710983276367188,
            0.0,
            -5.749931369791739e-05,
            0.01454619038850069,
            -16.46772575378418,
            5.7499317335896194e-05,
            -16.43412208557129,
            -8.014546394348145,
            -7.699999809265137,
            0.0,
            0.0038390352856367826,
            -0.0038390352856367826,
            16.501527786254883,
            -9.247054077315964e-13,
            16.46772575378418,
            8.034122467041016,
            0.5909033417701721,
            0.0,
            0.18471476435661316,
            0.18471476435661316,
            0.15675047039985657,
            1.9569210550521125e-14,
            0.31152793765068054,
            0.3383934497833252,
            0.0,
            0.0,
            0.0,
            0.0,
            0.0,
            0.0,
            0.0,
            0.0,
            2.0,
            -1.0,
            1.0,
            1.0,
            2.0,
            2.0,
            1.0,
            1.0,
            1.0,
            -1.0,
            2.0,
            1.0,
            2.0,
            2.0,
            2.0,
            1.0,
            1.0,
            1.0,
            1.0,
            1.0,
            1.0
        ]
    ],
    "eval_steps": 2016
}