{
    "eval_rewards": [
        [
            0.0,
            0.12396225733004931,
            0.0
        ],
        [
            0.0,
            0.001126513439686509,
            0.0
        ],
        [
            0.0,
            0.035173186573612555,
            0.0
        ],
        [
            0.12400793650793651,
            0.0,
            -1.0
        ]
    ],
    "eval_actions": [
        41,
        18,
        40,
        9
    ],
    "eval_states": [
        [
            5.699999809265137,
            24.661151885986328,
            9.800000190734863,
            9.600000381469727,
            8.199999809265137,
            10.491460800170898,
            2.7256195545196533,
            -1.7456377744674683,
            -5.373214244842529,
            -13.556452751159668,
            -10.718162536621094,
            0.0,
            -2.8267853260040283,
            -9.056934356689453,
            -2.3520522117614746,
            1.8732022047042847,
            5.435783863067627,
            14.16969108581543,
            10.830774307250977,
            5.807434718008153e-05,
            2.863800048828125,
            0.7063350677490234,
            0.9074616432189941,
            0.6084635257720947,
            0.5178707838058472,
            0.6713422536849976,
            0.5820379853248596,
            0.025885429233312607,
            0.48049816489219666,
            0.0,
            0.0,
            0.0,
            0.0,
            0.0,
            0.0,
            0.0,
            0.0,
            1.0,
            1.0,
            1.0,
            1.0,
            1.0,
            1.0,
            1.0,
            1.0,
            1.0,
            1.0,
            1.0,
            1.0,
            1.0,
            2.0,
            2.0,
            1.0,
            2.0,
            2.0,
            1.0,
            1.0,
            1.0
        ],
        [
            5.599999904632568,
            23.572235107421875,
            9.899999618530273,
            9.5,
            8.300000190734863,
            8.635169982910156,
            4.346713066101074,
            -3.07761812210083,
            -4.331828594207764,
            -14.80947208404541,
            -10.399012565612793,
            -1.8528115239974108e-12,
            -3.9681715965270996,
            -7.640758514404297,
            -4.336852073669434,
            3.3407585620880127,
            4.336852073669434,
            14.937065124511719,
            10.462701797485352,
            5.798450001748279e-05,
            3.976630449295044,
            0.5859345197677612,
            0.1299949437379837,
            0.9038501977920532,
            0.17874304950237274,
            0.309081494808197,
            0.4401310682296753,
            0.025865398347377777,
            0.17475605010986328,
            0.0,
            0.0,
            0.0,
            0.0,
            0.0,
            0.0,
            0.0,
            0.0,
            2.0,
            1.0,
            2.0,
            1.0,
            2.0,
            2.0,
            1.0,
            1.0,
            1.0,
            1.0,
            1.0,
            1.0,
            1.0,
            2.0,
            2.0,
            1.0,
            2.0,
            2.0,
            1.0,
            1.0,
            1.0
        ],
        [
            2.9000000953674316,
            25.709692001342773,
            9.699999809265137,
            9.300000190734863,
            8.0,
            8.352765083312988,
            17.514244079589844,
            -0.35619688034057617,
            -17.328720092773438,
            -17.216442108154297,
            0.17809844017028809,
            0.17809844017028809,
            9.328719139099121,
            -7.419008255004883,
            -17.42145538330078,
            0.6190084218978882,
            17.42145538330078,
            17.3569278717041,
            -0.14890079200267792,
            -0.14890079200267792,
            -9.300000190734863,
            0.5673860907554626,
            0.48480984568595886,
            0.9027136564254761,
            0.6666135191917419,
            0.32385843992233276,
            0.3031363785266876,
            0.3031363785266876,
            0.4070110321044922,
            0.0,
            0.0,
            0.0,
            0.0,
            0.0,
            0.0,
            0.0,
            0.0,
            2.0,
            1.0,
            2.0,
            1.0,
            2.0,
            2.0,
            1.0,
            1.0,
            1.0,
            1.0,
            1.0,
            1.0,
            1.0,
            2.0,
            2.0,
            2.0,
            1.0,
            1.0,
            1.0,
            1.0,
            1.0
        ],
        [
            0.0,
            0.0,
            0.0,
            0.0,
            0.0,
            0.0,
            0.0,
            0.0,
            0.0,
            0.0,
            0.0,
            0.0,
            0.0,
            0.0,
            0.0,
            0.0,
            0.0,
            0.0,
            0.0,
            0.0,
            0.0,
            0.0,
            0.0,
            0.0,
            0.0,
            0.0,
            0.0,
            0.0,
            0.0,
            0.0,
            0.0,
            0.0,
            0.0,
            0.0,
            0.0,
            0.0,
            0.0,
            -1.0,
            -1.0,
            -1.0,
            -1.0,
            -1.0,
            -1.0,
            -1.0,
            -1.0,
            -1.0,
            -1.0,
            -1.0,
            -1.0,
            -1.0,
            -1.0,
            -1.0,
            -1.0,
            -1.0,
            -1.0,
            -1.0,
            -1.0,
            -1.0
        ]
    ],
    "eval_steps": 500
}