{
    "eval_chronic": "C:\\Users\\thoma\\data_grid2op\\rte_case5_example_val\\chronics\\12",
    "eval_rewards": [
        [
            0.7862136698652538,
            2.0,
            0.0
        ]
    ],
    "eval_actions": [
        23
    ],
    "eval_states": [
        [
            0.699999988079071,
            24.756450653076172,
            8.0,
            8.199999809265137,
            8.300000190734863,
            6.898272514343262,
            5.669801712036133,
            2.343000650405884,
            -6.8309326171875,
            -17.780338287353516,
            -6.044682502746582,
            -6.044682502746582,
            -1.4690673351287842,
            -6.249395370483398,
            -5.6608967781066895,
            -2.3391032218933105,
            6.949395179748535,
            17.858177185058594,
            6.055268287658691,
            6.055268287658691,
            1.5463649034500122,
            0.47084400057792664,
            0.150570347905159,
            0.17372038960456848,
            0.7291253805160522,
            0.24151909351348877,
            0.18469998240470886,
            0.18469998240470886,
            0.6743114590644836,
            0.0,
            0.0,
            0.0,
            0.0,
            0.0,
            0.0,
            0.0,
            0.0,
            2.0,
            1.0,
            1.0,
            2.0,
            2.0,
            1.0,
            1.0,
            1.0,
            1.0,
            1.0,
            1.0,
            1.0,
            1.0,
            1.0,
            1.0,
            1.0,
            1.0,
            1.0,
            1.0,
            1.0,
            1.0
        ]
    ],
    "eval_steps": 2016
}