{
    "eval_chronic": "/home/trlautenbacher/data_grid2op/rte_case5_example_val/chronics/12",
    "eval_rewards": [
        [
            0.0003161354422703234,
            -0.00019047619047619045,
            -1.0
        ],
        [
            0.0001990449887174648,
            -0.0003809523809523809,
            0.0
        ],
        [
            0.0001288872063100404,
            -0.0003809523809523809,
            -1.0
        ],
        [
            0.0,
            0.0,
            0.0
        ]
    ],
    "eval_actions": [
        50,
        45,
        1,
        32
    ],
    "eval_states": [
        [
            0.30000001192092896,
            27.655668258666992,
            7.800000190734863,
            8.300000190734863,
            8.100000381469727,
            13.543827056884766,
            5.357969760894775,
            -2.3756279945373535,
            -5.727036476135254,
            -13.663393020629883,
            -4.150000095367432,
            -4.150000095367432,
            -2.3729639053344727,
            -11.2382230758667,
            -4.375067234039307,
            2.377977132797241,
            5.7353129386901855,
            14.11184024810791,
            4.152711391448975,
            4.152711391448975,
            2.3756279945373535,
            0.8989037275314331,
            1.4964956045150757,
            0.13487061858177185,
            0.20391280949115753,
            0.5749689936637878,
            0.08324697613716125,
            0.08324697613716125,
            0.08987759798765182,
            0.0,
            1.0,
            0.0,
            0.0,
            0.0,
            0.0,
            0.0,
            0.0,
            1.0,
            1.0,
            1.0,
            1.0,
            1.0,
            1.0,
            1.0,
            1.0,
            1.0,
            1.0,
            1.0,
            1.0,
            1.0,
            2.0,
            1.0,
            1.0,
            2.0,
            1.0,
            1.0,
            1.0,
            1.0
        ],
        [
            0.30000001192092896,
            27.7408504486084,
            8.0,
            8.100000381469727,
            8.199999809265137,
            12.376151084899902,
            3.7620182037353516,
            -0.9294651746749878,
            -4.810279846191406,
            -14.529614448547363,
            1.8590409159996435e-12,
            -10.610488891601562,
            -3.3897199630737305,
            -10.424527168273926,
            -3.255666732788086,
            1.0943101644515991,
            4.885883331298828,
            15.36469841003418,
            5.808062996948138e-05,
            10.767538070678711,
            3.439953327178955,
            0.8259986639022827,
            1.063003659248352,
            0.7007447481155396,
            0.5726726055145264,
            0.7823782563209534,
            0.025886831805109978,
            0.685410737991333,
            0.5518718957901001,
            0.0,
            2.0,
            0.0,
            0.0,
            0.0,
            0.0,
            0.0,
            0.0,
            1.0,
            1.0,
            1.0,
            1.0,
            1.0,
            1.0,
            1.0,
            1.0,
            1.0,
            1.0,
            1.0,
            1.0,
            1.0,
            2.0,
            1.0,
            2.0,
            2.0,
            2.0,
            1.0,
            1.0,
            1.0
        ],
        [
            0.30000001192092896,
            28.116601943969727,
            7.900000095367432,
            8.100000381469727,
            8.300000190734863,
            14.58859920501709,
            0.0,
            0.2864153981208801,
            -4.0800628662109375,
            -13.111079216003418,
            1.8573393691101447e-12,
            -12.731513023376465,
            -4.219937324523926,
            -11.945425033569336,
            0.0,
            0.10464178770780563,
            4.240783214569092,
            13.528002738952637,
            5.8058882132172585e-05,
            13.111021995544434,
            4.345097541809082,
            0.963370144367218,
            0.0,
            1.1162104606628418,
            0.8548782467842102,
            0.5546187162399292,
            0.02588198333978653,
            1.0588537454605103,
            0.8442573547363281,
            0.0,
            0.0,
            1.0,
            0.0,
            0.0,
            0.0,
            1.0,
            0.0,
            1.0,
            -1.0,
            1.0,
            1.0,
            1.0,
            1.0,
            1.0,
            1.0,
            1.0,
            -1.0,
            1.0,
            1.0,
            1.0,
            2.0,
            1.0,
            2.0,
            2.0,
            2.0,
            1.0,
            1.0,
            1.0
        ],
        [
            0.0,
            0.0,
            0.0,
            0.0,
            0.0,
            0.0,
            0.0,
            0.0,
            0.0,
            0.0,
            0.0,
            0.0,
            0.0,
            0.0,
            0.0,
            0.0,
            0.0,
            0.0,
            0.0,
            0.0,
            0.0,
            0.0,
            0.0,
            0.0,
            0.0,
            0.0,
            0.0,
            0.0,
            0.0,
            0.0,
            0.0,
            0.0,
            0.0,
            0.0,
            0.0,
            0.0,
            0.0,
            -1.0,
            -1.0,
            -1.0,
            -1.0,
            -1.0,
            -1.0,
            -1.0,
            -1.0,
            -1.0,
            -1.0,
            -1.0,
            -1.0,
            -1.0,
            -1.0,
            -1.0,
            -1.0,
            -1.0,
            -1.0,
            -1.0,
            -1.0,
            -1.0
        ]
    ],
    "eval_steps": 5
}