{
    "eval_chronic": "/home/trlautenbacher/data_grid2op/rte_case5_example_val/chronics/19",
    "eval_rewards": [
        [
            0.2995759496101425,
            -0.37142857142856517,
            -1.0
        ],
        [
            0.4999346531815213,
            -0.29742857142856804,
            0.0
        ]
    ],
    "eval_actions": [
        15,
        26
    ],
    "eval_states": [
        [
            2.0,
            23.776588439941406,
            8.600000381469727,
            8.199999809265137,
            7.800000190734863,
            7.0559186935424805,
            8.626147270202637,
            -2.4734222888946533,
            -5.692783355712891,
            -16.568370819091797,
            -3.9378345012664795,
            -3.9378345012664795,
            -2.1072165966033936,
            -6.378434181213379,
            -8.600000381469727,
            2.6173746585845947,
            5.761059284210205,
            16.72066879272461,
            3.9711122512817383,
            3.9711122512817383,
            2.1490917205810547,
            0.48139113187789917,
            0.27090710401535034,
            0.6508821845054626,
            0.5430790781974792,
            0.33710864186286926,
            0.3223819136619568,
            0.3223819136619568,
            0.5086597800254822,
            0.0,
            0.0,
            0.0,
            0.0,
            0.0,
            0.0,
            0.0,
            0.0,
            2.0,
            1.0,
            2.0,
            2.0,
            2.0,
            1.0,
            1.0,
            1.0,
            1.0,
            1.0,
            1.0,
            1.0,
            1.0,
            1.0,
            1.0,
            1.0,
            1.0,
            1.0,
            1.0,
            1.0,
            1.0
        ],
        [
            0.30000001192092896,
            30.75837516784668,
            10.300000190734863,
            9.600000381469727,
            9.300000190734863,
            11.780940055847168,
            3.914144277572632,
            0.43820616602897644,
            -4.3408203125,
            -18.93218231201172,
            -7.501903533935547,
            -7.501903533935547,
            -4.959179878234863,
            -10.0,
            -3.9096286296844482,
            -0.4376869797706604,
            4.347315788269043,
            18.977434158325195,
            7.509018898010254,
            7.509018898010254,
            4.965600967407227,
            0.7884780168533325,
            0.1018705740571022,
            0.03209958225488663,
            0.16134120523929596,
            0.18162298202514648,
            0.14213186502456665,
            0.14213186502456665,
            0.17650708556175232,
            0.0,
            0.0,
            0.0,
            0.0,
            0.0,
            0.0,
            0.0,
            0.0,
            2.0,
            1.0,
            1.0,
            1.0,
            2.0,
            2.0,
            1.0,
            1.0,
            1.0,
            1.0,
            1.0,
            1.0,
            1.0,
            1.0,
            1.0,
            1.0,
            1.0,
            1.0,
            1.0,
            1.0,
            1.0
        ]
    ],
    "eval_steps": 2016
}