{
    "eval_chronic": "/home/trlautenbacher/data_grid2op/rte_case5_example_val/chronics/12",
    "eval_rewards": [
        [
            0.03860486174647057,
            -0.03171428571428566,
            -1.0
        ],
        [
            0.00012608586666923563,
            -0.0004761904761904762,
            -1.0
        ],
        [
            0.0,
            0.0,
            0.0
        ]
    ],
    "eval_actions": [
        24,
        33,
        8
    ],
    "eval_states": [
        [
            0.30000001192092896,
            24.873184204101562,
            7.800000190734863,
            8.300000190734863,
            8.100000381469727,
            11.201451301574707,
            1.3280948400497437,
            -1.0968722105026245,
            -3.3379926681518555,
            -13.35234546661377,
            -6.00349760055542,
            -6.00349760055542,
            -4.762007713317871,
            -11.160903930664062,
            -1.010900855064392,
            1.3109009265899658,
            3.360903739929199,
            13.671732902526855,
            6.012125015258789,
            6.012125015258789,
            4.803866863250732,
            0.11516698449850082,
            0.833033561706543,
            0.8080304265022278,
            0.38658788800239563,
            0.48615604639053345,
            0.16699717938899994,
            0.16699717938899994,
            0.4160262644290924,
            0.0,
            0.0,
            0.0,
            0.0,
            0.0,
            0.0,
            0.0,
            0.0,
            2.0,
            1.0,
            1.0,
            2.0,
            1.0,
            2.0,
            1.0,
            1.0,
            1.0,
            1.0,
            1.0,
            1.0,
            1.0,
            1.0,
            1.0,
            1.0,
            1.0,
            1.0,
            1.0,
            1.0,
            1.0
        ],
        [
            0.5,
            30.436176300048828,
            8.800000190734863,
            9.300000190734863,
            9.300000190734863,
            19.052579879760742,
            10.584112167358398,
            -9.016611099243164,
            -9.820890426635742,
            -10.584112167358398,
            5.76068414375186e-05,
            5.76068414375186e-05,
            0.5208904147148132,
            -18.827600479125977,
            -8.893632888793945,
            9.393632888793945,
            10.02760124206543,
            11.38359546661377,
            -1.8561797064664542e-12,
            -1.8561797064664542e-12,
            -0.2835039496421814,
            0.27487435936927795,
            1.9749804735183716,
            1.0977871417999268,
            1.069256067276001,
            0.7657055258750916,
            3.6083840722258426e-14,
            3.6083840722258426e-14,
            1.0487722158432007,
            0.0,
            1.0,
            1.0,
            1.0,
            0.0,
            0.0,
            0.0,
            1.0,
            2.0,
            1.0,
            1.0,
            2.0,
            1.0,
            2.0,
            1.0,
            1.0,
            1.0,
            2.0,
            2.0,
            1.0,
            1.0,
            1.0,
            1.0,
            1.0,
            1.0,
            1.0,
            1.0,
            1.0,
            1.0
        ],
        [
            0.0,
            0.0,
            0.0,
            0.0,
            0.0,
            0.0,
            0.0,
            0.0,
            0.0,
            0.0,
            0.0,
            0.0,
            0.0,
            0.0,
            0.0,
            0.0,
            0.0,
            0.0,
            0.0,
            0.0,
            0.0,
            0.0,
            0.0,
            0.0,
            0.0,
            0.0,
            0.0,
            0.0,
            0.0,
            0.0,
            0.0,
            0.0,
            0.0,
            0.0,
            0.0,
            0.0,
            0.0,
            -1.0,
            -1.0,
            -1.0,
            -1.0,
            -1.0,
            -1.0,
            -1.0,
            -1.0,
            -1.0,
            -1.0,
            -1.0,
            -1.0,
            -1.0,
            -1.0,
            -1.0,
            -1.0,
            -1.0,
            -1.0,
            -1.0,
            -1.0,
            -1.0
        ]
    ],
    "eval_steps": 113
}