{
    "eval_chronic": "/home/trlautenbacher/data_grid2op/rte_case5_example_val/chronics/19",
    "eval_rewards": [
        [
            0.06075661417867546,
            -0.05295238095238078,
            -1.0
        ],
        [
            0.0011956195238720197,
            -0.002,
            -1.0
        ],
        [
            0.772826172175369,
            -1.070857142857137,
            -0.5
        ]
    ],
    "eval_actions": [
        16,
        43,
        11
    ],
    "eval_states": [
        [
            2.0,
            22.810415267944336,
            8.600000381469727,
            8.199999809265137,
            7.800000190734863,
            10.840739250183105,
            -1.8961151838302612,
            0.9946913123130798,
            -3.1997222900390625,
            -11.921992301940918,
            -6.901510238647461,
            -6.901510238647461,
            -4.600277900695801,
            -10.810723304748535,
            2.0,
            -0.991627037525177,
            3.202349901199341,
            11.96967601776123,
            6.909053802490234,
            6.909053802490234,
            4.6083292961120605,
            0.10244333744049072,
            0.46006983518600464,
            0.17088404297828674,
            0.1328851282596588,
            0.19061188399791718,
            0.14194412529468536,
            0.14194412529468536,
            0.1779080182313919,
            0.0,
            0.0,
            0.0,
            0.0,
            0.0,
            0.0,
            0.0,
            0.0,
            2.0,
            1.0,
            2.0,
            2.0,
            1.0,
            2.0,
            1.0,
            1.0,
            1.0,
            1.0,
            1.0,
            1.0,
            1.0,
            1.0,
            1.0,
            1.0,
            1.0,
            1.0,
            1.0,
            1.0,
            1.0
        ],
        [
            0.5,
            28.4278621673584,
            10.0,
            9.300000190734863,
            9.0,
            13.0005464553833,
            -0.10623859614133835,
            0.3413078784942627,
            -3.284862756729126,
            -15.29286003112793,
            -9.641307830810547,
            -5.731854438781738,
            -5.715137481689453,
            -12.95417308807373,
            0.5,
            -0.33480921387672424,
            3.288982391357422,
            15.427316665649414,
            9.66135311126709,
            5.73774528503418,
            5.731854438781738,
            0.12579548358917236,
            0.9326362609863281,
            0.2209790199995041,
            0.17744296789169312,
            0.3171224594116211,
            0.23224982619285583,
            0.12364324927330017,
            0.25866296887397766,
            0.0,
            0.0,
            0.0,
            0.0,
            0.0,
            0.0,
            0.0,
            0.0,
            2.0,
            1.0,
            2.0,
            2.0,
            1.0,
            2.0,
            1.0,
            1.0,
            1.0,
            1.0,
            1.0,
            1.0,
            1.0,
            2.0,
            2.0,
            1.0,
            1.0,
            2.0,
            1.0,
            1.0,
            1.0
        ],
        [
            0.5,
            28.797670364379883,
            10.0,
            9.300000190734863,
            9.100000381469727,
            5.595558166503906,
            -5.444126605987549,
            7.730347633361816,
            2.294830799102783,
            -23.07806396484375,
            -17.03034782409668,
            -11.43295669555664,
            -11.394830703735352,
            -5.161223888397217,
            5.661223888397217,
            -7.706762313842773,
            -2.2932374477386475,
            23.202112197875977,
            17.072063446044922,
            11.450126647949219,
            11.43295669555664,
            0.38288453221321106,
            0.6831981539726257,
            0.31992700695991516,
            0.11833749711513519,
            0.3035402297973633,
            0.3423765301704407,
            0.21993398666381836,
            0.42349085211753845,
            0.0,
            0.0,
            0.0,
            0.0,
            0.0,
            0.0,
            0.0,
            0.0,
            2.0,
            2.0,
            1.0,
            1.0,
            2.0,
            1.0,
            1.0,
            1.0,
            1.0,
            1.0,
            1.0,
            1.0,
            1.0,
            2.0,
            2.0,
            1.0,
            1.0,
            2.0,
            1.0,
            1.0,
            1.0
        ]
    ],
    "eval_steps": 2016
}