{
    "eval_chronic": "/home/trlautenbacher/data_grid2op/rte_case5_example_val/chronics/19",
    "eval_rewards": [
        [
            0.0002641313289863618,
            -9.523809523809523e-05,
            -1.0
        ],
        [
            0.765310961709009,
            -0.9595238095238409,
            -1.0
        ]
    ],
    "eval_actions": [
        52,
        3
    ],
    "eval_states": [
        [
            2.0,
            25.165504455566406,
            8.600000381469727,
            8.199999809265137,
            7.800000190734863,
            10.388675689697266,
            2.3764469623565674,
            -4.626654961925603e-13,
            -4.184758186340332,
            -14.309590339660645,
            -5.954268455505371,
            -5.954268455505371,
            -3.6152420043945312,
            -8.980355262756348,
            -1.9281107187271118,
            0.001311096828430891,
            4.307154655456543,
            14.77682876586914,
            5.96657133102417,
            5.96657133102417,
            3.7085368633270264,
            0.6997358202934265,
            0.9978604912757874,
            0.13720062375068665,
            0.7401942014694214,
            0.5867512226104736,
            0.1989045888185501,
            0.1989045888185501,
            0.7354408502578735,
            0.0,
            0.0,
            0.0,
            0.0,
            0.0,
            0.0,
            0.0,
            0.0,
            1.0,
            1.0,
            1.0,
            1.0,
            1.0,
            1.0,
            1.0,
            1.0,
            1.0,
            1.0,
            1.0,
            1.0,
            1.0,
            2.0,
            1.0,
            1.0,
            1.0,
            1.0,
            1.0,
            1.0,
            1.0
        ],
        [
            1.899999976158142,
            23.236351013183594,
            8.600000381469727,
            8.199999809265137,
            7.800000190734863,
            3.7744367122650146,
            -5.3556599617004395,
            0.0,
            8.624343872070312,
            -19.395055770874023,
            -12.35299015045166,
            -12.35299015045166,
            -16.42434310913086,
            -3.571859836578369,
            5.470548629760742,
            0.001311096828430891,
            -8.600000381469727,
            19.461915969848633,
            12.375357627868652,
            12.375357627868652,
            16.505979537963867,
            0.2574179470539093,
            0.4871802031993866,
            0.13720062375068665,
            0.3769378960132599,
            0.2231941670179367,
            0.24926699697971344,
            0.24926699697971344,
            0.6249853372573853,
            0.0,
            0.0,
            0.0,
            0.0,
            0.0,
            0.0,
            0.0,
            0.0,
            2.0,
            2.0,
            2.0,
            1.0,
            2.0,
            1.0,
            1.0,
            1.0,
            1.0,
            1.0,
            1.0,
            1.0,
            1.0,
            2.0,
            1.0,
            1.0,
            1.0,
            1.0,
            1.0,
            1.0,
            1.0
        ]
    ],
    "eval_steps": 2016
}