{
    "eval_chronic": "/home/trlautenbacher/data_grid2op/rte_case5_example_val/chronics/12",
    "eval_rewards": [
        [
            0.00037941198164131334,
            -0.0003809523809523809,
            -1.0
        ],
        [
            0.00037726676299589706,
            -0.0003809523809523809,
            -1.0
        ],
        [
            0.9596600238603722,
            -0.5754285714285752,
            -0.5
        ]
    ],
    "eval_actions": [
        10,
        38,
        26
    ],
    "eval_states": [
        [
            0.30000001192092896,
            25.622663497924805,
            7.800000190734863,
            8.300000190734863,
            8.100000381469727,
            8.803028106689453,
            0.14274191856384277,
            2.3779897689819336,
            -2.372964859008789,
            -16.572837829589844,
            -8.206674575805664,
            -8.206674575805664,
            -5.7270355224609375,
            -7.7717604637146,
            0.27176016569137573,
            -2.375638723373413,
            2.375638723373413,
            16.81963539123535,
            8.215047836303711,
            8.215047836303711,
            5.735358715057373,
            0.5969299674034119,
            0.9579070210456848,
            0.09014551341533661,
            0.09014551341533661,
            0.4278746545314789,
            0.15530043840408325,
            0.15530043840408325,
            0.2043309211730957,
            0.0,
            0.0,
            0.0,
            0.0,
            0.0,
            0.0,
            0.0,
            0.0,
            2.0,
            2.0,
            1.0,
            1.0,
            2.0,
            2.0,
            1.0,
            1.0,
            1.0,
            1.0,
            1.0,
            1.0,
            1.0,
            1.0,
            1.0,
            1.0,
            1.0,
            1.0,
            1.0,
            1.0,
            1.0
        ],
        [
            0.30000001192092896,
            25.770662307739258,
            8.0,
            8.100000381469727,
            8.199999809265137,
            8.936492919921875,
            0.24921587109565735,
            2.4073774814605713,
            -2.402279853820801,
            -16.579330444335938,
            -8.156798362731934,
            -8.156798362731934,
            -5.797719955444336,
            -7.875494956970215,
            0.17549492418766022,
            -2.4049558639526367,
            2.4049558639526367,
            16.834169387817383,
            8.165057182312012,
            8.165057182312012,
            5.806218147277832,
            0.6056568622589111,
            0.9701138138771057,
            0.09075938910245895,
            0.09075938910245895,
            0.4347057640552521,
            0.15447483956813812,
            0.15447483956813812,
            0.20708081126213074,
            0.0,
            0.0,
            0.0,
            0.0,
            0.0,
            0.0,
            0.0,
            0.0,
            2.0,
            2.0,
            1.0,
            1.0,
            2.0,
            2.0,
            1.0,
            1.0,
            1.0,
            1.0,
            1.0,
            1.0,
            1.0,
            1.0,
            1.0,
            1.0,
            1.0,
            1.0,
            1.0,
            1.0,
            1.0
        ],
        [
            0.30000001192092896,
            25.04376220703125,
            7.900000095367432,
            8.100000381469727,
            8.300000190734863,
            8.583100318908691,
            3.439256429672241,
            0.4222085475921631,
            -3.8521206378936768,
            -16.424863815307617,
            -6.4875712394714355,
            -6.4875712394714355,
            -4.447879791259766,
            -7.599999904632568,
            -3.4354922771453857,
            -0.4216873347759247,
            3.857179641723633,
            16.460662841796875,
            6.49280309677124,
            6.49280309677124,
            4.4529337882995605,
            0.5825192928314209,
            0.08878931403160095,
            0.03158417344093323,
            0.14119952917099,
            0.1624549776315689,
            0.12299942225217819,
            0.12299942225217819,
            0.15955904126167297,
            0.0,
            0.0,
            0.0,
            0.0,
            0.0,
            0.0,
            0.0,
            0.0,
            2.0,
            1.0,
            1.0,
            1.0,
            2.0,
            2.0,
            1.0,
            1.0,
            1.0,
            1.0,
            1.0,
            1.0,
            1.0,
            1.0,
            1.0,
            1.0,
            1.0,
            1.0,
            1.0,
            1.0,
            1.0
        ]
    ],
    "eval_steps": 2016
}