{
    "eval_chronic": "/home/trlautenbacher/data_grid2op/rte_case5_example_val/chronics/19",
    "eval_rewards": [
        [
            0.0002193828553415522,
            -0.0004761904761904762,
            -1.0
        ],
        [
            0.00035828017063677055,
            -0.0003809523809523809,
            0.0
        ],
        [
            0.020545594129128188,
            0.0,
            0.0
        ],
        [
            0.00032833297817601173,
            -0.0003809523809523809,
            0.0
        ],
        [
            0.9029234296032315,
            -0.367999999999992,
            0.0
        ]
    ],
    "eval_actions": [
        14,
        18,
        1,
        18,
        27
    ],
    "eval_states": [
        [
            2.0,
            25.503881454467773,
            8.600000381469727,
            8.199999809265137,
            7.800000190734863,
            11.714866638183594,
            0.0006481730379164219,
            0.6617861390113831,
            -3.54569935798645,
            -13.390277862548828,
            -6.611783981323242,
            -6.611783981323242,
            -4.254301071166992,
            -9.952459335327148,
            4.634849361945248e-13,
            -0.3291566073894501,
            3.6816158294677734,
            13.789015769958496,
            6.694814682006836,
            6.694814682006836,
            4.361782550811768,
            0.7842977643013,
            1.1934023376718866e-14,
            1.0241247415542603,
            0.7822268605232239,
            0.5425119996070862,
            0.5019010901451111,
            0.5019010901451111,
            0.7857221961021423,
            0.0,
            0.0,
            1.0,
            0.0,
            0.0,
            0.0,
            0.0,
            0.0,
            2.0,
            1.0,
            2.0,
            2.0,
            2.0,
            2.0,
            1.0,
            1.0,
            1.0,
            1.0,
            1.0,
            1.0,
            1.0,
            1.0,
            1.0,
            1.0,
            1.0,
            1.0,
            1.0,
            1.0,
            1.0
        ],
        [
            1.899999976158142,
            24.397960662841797,
            8.600000381469727,
            8.199999809265137,
            7.800000190734863,
            9.241231918334961,
            3.433748483657837,
            -1.078931212425232,
            -3.424818277359009,
            -14.989639282226562,
            -5.7515645027160645,
            -5.7515645027160645,
            -4.375181674957275,
            -8.110950469970703,
            -3.4277470111846924,
            1.410949945449829,
            3.4277470111846924,
            15.156728744506836,
            5.777945518493652,
            5.777945518493652,
            4.382060527801514,
            0.6255314350128174,
            0.09776929765939713,
            1.0231934785842896,
            0.13443277776241302,
            0.3530302941799164,
            0.28777796030044556,
            0.28777796030044556,
            0.16484007239341736,
            0.0,
            0.0,
            2.0,
            0.0,
            0.0,
            0.0,
            0.0,
            0.0,
            2.0,
            1.0,
            2.0,
            1.0,
            2.0,
            2.0,
            1.0,
            1.0,
            1.0,
            1.0,
            1.0,
            1.0,
            1.0,
            1.0,
            1.0,
            1.0,
            1.0,
            1.0,
            1.0,
            1.0,
            1.0
        ],
        [
            1.899999976158142,
            25.32895278930664,
            8.5,
            8.0,
            7.900000095367432,
            10.501794815063477,
            2.438337564468384,
            -0.19039934873580933,
            -4.138530731201172,
            -14.142663955688477,
            -5.811158180236816,
            -5.811158180236816,
            -3.7614691257476807,
            -9.064620971679688,
            -2.098757266998291,
            0.3527965247631073,
            4.210582256317139,
            14.827157974243164,
            5.852162837982178,
            5.852162837982178,
            3.8127152919769287,
            0.7069981098175049,
            0.8633525371551514,
            0.6949266195297241,
            0.5574873685836792,
            0.7089180946350098,
            0.35619810223579407,
            0.35619810223579407,
            0.5566718578338623,
            0.0,
            0.0,
            0.0,
            0.0,
            0.0,
            0.0,
            0.0,
            0.0,
            1.0,
            1.0,
            1.0,
            1.0,
            1.0,
            1.0,
            1.0,
            1.0,
            1.0,
            1.0,
            1.0,
            1.0,
            1.0,
            1.0,
            1.0,
            1.0,
            1.0,
            1.0,
            1.0,
            1.0,
            1.0
        ],
        [
            0.6000000238418579,
            26.854190826416016,
            8.899999618530273,
            8.399999618530273,
            7.900000095367432,
            10.777953147888184,
            3.5283994674682617,
            -0.5240796208381653,
            -3.5184643268585205,
            -15.863327980041504,
            -6.132505893707275,
            -6.132505893707275,
            -4.38153600692749,
            -9.269272804260254,
            -3.5216219425201416,
            0.9692730903625488,
            3.5216219425201416,
            16.07623863220215,
            6.167464256286621,
            6.167464256286621,
            4.389091491699219,
            0.7246885895729065,
            0.10374327749013901,
            1.195589303970337,
            0.14264699816703796,
            0.39781454205513,
            0.3296142518520355,
            0.3296142518520355,
            0.17071549594402313,
            0.0,
            0.0,
            1.0,
            0.0,
            0.0,
            0.0,
            0.0,
            0.0,
            2.0,
            1.0,
            2.0,
            1.0,
            2.0,
            2.0,
            1.0,
            1.0,
            1.0,
            1.0,
            1.0,
            1.0,
            1.0,
            1.0,
            1.0,
            1.0,
            1.0,
            1.0,
            1.0,
            1.0,
            1.0
        ],
        [
            0.6000000238418579,
            24.43350601196289,
            8.800000190734863,
            8.300000190734863,
            7.800000190734863,
            -0.5946429967880249,
            7.641774654388428,
            2.978956699371338,
            -1.7995034456253052,
            -24.950489044189453,
            -8.644645690917969,
            -8.644645690917969,
            -6.000496864318848,
            0.6000000238418579,
            -7.624840259552002,
            -2.975694417953491,
            1.800534725189209,
            25.02815055847168,
            8.654356956481934,
            8.654356956481934,
            6.010334014892578,
            0.056816522032022476,
            0.21321627497673035,
            0.1394551694393158,
            0.0657048299908638,
            0.23630167543888092,
            0.1652020961046219,
            0.1652020961046219,
            0.21421155333518982,
            0.0,
            0.0,
            0.0,
            0.0,
            0.0,
            0.0,
            0.0,
            0.0,
            2.0,
            1.0,
            1.0,
            1.0,
            2.0,
            1.0,
            1.0,
            1.0,
            1.0,
            1.0,
            1.0,
            1.0,
            1.0,
            1.0,
            1.0,
            1.0,
            1.0,
            1.0,
            1.0,
            1.0,
            1.0
        ]
    ],
    "eval_steps": 2016
}