{
    "eval_chronic": "/home/trlautenbacher/data_grid2op/rte_case5_example_val/chronics/19",
    "eval_rewards": [
        [
            0.2995759496101425,
            -0.37142857142856517,
            -1.0
        ],
        [
            0.0002863934369509415,
            -0.0007619047619047618,
            -1.0
        ],
        [
            0.00028925176249798714,
            -0.0007619047619047618,
            0.0
        ],
        [
            0.48653256282248053,
            -0.593714285714279,
            0.0
        ]
    ],
    "eval_actions": [
        15,
        39,
        0,
        50
    ],
    "eval_states": [
        [
            2.0,
            23.776588439941406,
            8.600000381469727,
            8.199999809265137,
            7.800000190734863,
            7.0559186935424805,
            8.626147270202637,
            -2.4734222888946533,
            -5.692783355712891,
            -16.568370819091797,
            -3.9378345012664795,
            -3.9378345012664795,
            -2.1072165966033936,
            -6.378434181213379,
            -8.600000381469727,
            2.6173746585845947,
            5.761059284210205,
            16.72066879272461,
            3.9711122512817383,
            3.9711122512817383,
            2.1490917205810547,
            0.48139113187789917,
            0.27090710401535034,
            0.6508821845054626,
            0.5430790781974792,
            0.33710864186286926,
            0.3223819136619568,
            0.3223819136619568,
            0.5086597800254822,
            0.0,
            0.0,
            0.0,
            0.0,
            0.0,
            0.0,
            0.0,
            0.0,
            2.0,
            1.0,
            2.0,
            2.0,
            2.0,
            1.0,
            1.0,
            1.0,
            1.0,
            1.0,
            1.0,
            1.0,
            1.0,
            1.0,
            1.0,
            1.0,
            1.0,
            1.0,
            1.0,
            1.0,
            1.0
        ],
        [
            0.30000001192092896,
            31.667789459228516,
            10.300000190734863,
            9.600000381469727,
            9.300000190734863,
            11.928546905517578,
            10.338542938232422,
            -0.49482089281082153,
            -9.30046272277832,
            -19.536312103271484,
            -4.5525898933410645,
            -4.5525898933410645,
            0.00046298163942992687,
            -10.105903625488281,
            -10.300000190734863,
            1.082558512687683,
            9.323345184326172,
            19.73924446105957,
            4.598884105682373,
            4.598884105682373,
            2.4789926920043212e-15,
            0.7978057265281677,
            0.3249305784702301,
            1.3839385509490967,
            0.3318425714969635,
            0.3882124125957489,
            0.3779944181442261,
            0.3779944181442261,
            4.1023203239888735e-15,
            0.0,
            0.0,
            1.0,
            0.0,
            0.0,
            0.0,
            0.0,
            0.0,
            2.0,
            1.0,
            2.0,
            2.0,
            2.0,
            1.0,
            1.0,
            1.0,
            1.0,
            1.0,
            1.0,
            1.0,
            1.0,
            2.0,
            2.0,
            2.0,
            1.0,
            2.0,
            1.0,
            1.0,
            1.0
        ],
        [
            0.30000001192092896,
            31.420612335205078,
            10.100000381469727,
            9.699999809265137,
            9.199999809265137,
            11.820822715759277,
            10.136778831481934,
            -0.5277743935585022,
            -9.200462341308594,
            -19.399625778198242,
            -4.5861124992370605,
            -4.5861124992370605,
            0.00046300466055981815,
            -10.028656005859375,
            -10.100000381469727,
            1.1057711839675903,
            9.222885131835938,
            19.599790573120117,
            4.6314239501953125,
            4.6314239501953125,
            -4.65124520929866e-13,
            0.7909998297691345,
            0.31770777702331543,
            1.3718533515930176,
            0.3283093571662903,
            0.3855952322483063,
            0.37407949566841125,
            0.37407949566841125,
            1.6914300973833347e-14,
            0.0,
            0.0,
            2.0,
            0.0,
            0.0,
            0.0,
            0.0,
            0.0,
            2.0,
            1.0,
            2.0,
            2.0,
            2.0,
            1.0,
            1.0,
            1.0,
            1.0,
            1.0,
            1.0,
            1.0,
            1.0,
            2.0,
            2.0,
            2.0,
            1.0,
            2.0,
            1.0,
            1.0,
            1.0
        ],
        [
            0.30000001192092896,
            30.43988037109375,
            10.199999809265137,
            9.699999809265137,
            9.300000190734863,
            10.438247680664062,
            10.238032341003418,
            -2.727907657623291,
            -6.575441837310791,
            -19.94557762145996,
            -4.849999904632568,
            -4.849999904632568,
            -2.724558115005493,
            -9.017314910888672,
            -10.199999809265137,
            2.730750560760498,
            6.586564064025879,
            20.001632690429688,
            4.85377311706543,
            4.85377311706543,
            2.727907657623291,
            0.7029195427894592,
            0.3230421245098114,
            0.13770264387130737,
            0.23302821815013885,
            0.1989108771085739,
            0.09884875267744064,
            0.09884875267744064,
            0.10415510833263397,
            0.0,
            0.0,
            0.0,
            0.0,
            0.0,
            0.0,
            0.0,
            0.0,
            2.0,
            1.0,
            2.0,
            2.0,
            2.0,
            1.0,
            1.0,
            1.0,
            1.0,
            1.0,
            1.0,
            1.0,
            1.0,
            2.0,
            1.0,
            1.0,
            2.0,
            1.0,
            1.0,
            1.0,
            1.0
        ]
    ],
    "eval_steps": 2016
}