{"train/reward_0": 1.0, "train/reward_1": 0.8777907954282624, "train/reward_2": 0.0, "train/grid2opsteps": 2022, "_timestamp": 1721370022.4560256, "_runtime": 22.30642867088318, "_step": 47, "_wandb": {"runtime": 21}}