{"DoNothing/train/reward_0": 0.0, "DoNothing/train/reward_1": 0.3586372137069702, "DoNothing/train/reward_2": -0.1, "DoNothing/train/grid2opsteps": 7259, "_timestamp": 1721209159.6822352, "_runtime": 2.2404191493988037, "_step": 16, "_wandb": {"runtime": 1}, "DoNothing/eval/reward_0": 0.002742763772175537, "DoNothing/eval/reward_1": 2.3202971109823016, "DoNothing/eval/reward_2": -0.6058823529411754}