{
    "eval_chronic": "/home/trlautenbacher/data_grid2op/rte_case5_example_val/chronics/19",
    "eval_rewards": [
        [
            0.000265221037237518,
            -0.0002857142857142857,
            -1.0
        ],
        [
            0.00026134124618058753,
            -0.0002857142857142857,
            -1.0
        ],
        [
            0.2989276077724943,
            -0.3706666666666604,
            -0.5
        ],
        [
            0.0,
            0.0,
            0.0
        ]
    ],
    "eval_actions": [
        20,
        38,
        15,
        12
    ],
    "eval_states": [
        [
            2.0,
            23.947877883911133,
            8.600000381469727,
            8.199999809265137,
            7.800000190734863,
            9.285236358642578,
            2.6868021488189697,
            -0.5735146403312683,
            -3.9915175437927246,
            -14.259552001953125,
            -5.780397891998291,
            -5.780397891998291,
            -3.8084826469421387,
            -9.23601245880127,
            -2.150015354156494,
            0.6360117793083191,
            4.150015354156494,
            14.662641525268555,
            5.786375045776367,
            5.786375045776367,
            3.9343109130859375,
            0.12374977022409439,
            1.095579981803894,
            0.5420461297035217,
            0.8485938906669617,
            0.545406699180603,
            0.1388966590166092,
            0.1388966590166092,
            0.8465371131896973,
            0.0,
            1.0,
            0.0,
            0.0,
            0.0,
            0.0,
            0.0,
            0.0,
            2.0,
            1.0,
            2.0,
            1.0,
            1.0,
            2.0,
            1.0,
            1.0,
            1.0,
            1.0,
            1.0,
            1.0,
            1.0,
            1.0,
            1.0,
            1.0,
            1.0,
            1.0,
            1.0,
            1.0,
            1.0
        ],
        [
            1.899999976158142,
            24.083038330078125,
            8.600000381469727,
            8.199999809265137,
            7.800000190734863,
            9.310155868530273,
            2.766143560409546,
            -0.5955169796943665,
            -3.9538662433624268,
            -14.358637809753418,
            -5.790152072906494,
            -5.790152072906494,
            -3.8461339473724365,
            -9.260152816772461,
            -2.2152931690216064,
            0.660152792930603,
            4.115293025970459,
            14.772882461547852,
            5.7962470054626465,
            5.7962470054626465,
            3.975821018218994,
            0.12475546449422836,
            1.110353946685791,
            0.5500791072845459,
            0.8568148612976074,
            0.5528192520141602,
            0.14030411839485168,
            0.14030411839485168,
            0.8586982488632202,
            0.0,
            2.0,
            0.0,
            0.0,
            0.0,
            0.0,
            0.0,
            0.0,
            2.0,
            1.0,
            2.0,
            1.0,
            1.0,
            2.0,
            1.0,
            1.0,
            1.0,
            1.0,
            1.0,
            1.0,
            1.0,
            1.0,
            1.0,
            1.0,
            1.0,
            1.0,
            1.0,
            1.0,
            1.0
        ],
        [
            1.899999976158142,
            23.685544967651367,
            8.5,
            8.0,
            7.900000095367432,
            7.090175151824951,
            8.525668144226074,
            -2.401808977127075,
            -5.692488670349121,
            -16.441410064697266,
            -3.924046039581299,
            -3.924046039581299,
            -2.2075114250183105,
            -6.406400203704834,
            -8.5,
            2.545914888381958,
            5.7604851722717285,
            16.59537124633789,
            3.957871198654175,
            3.957871198654175,
            2.249901056289673,
            0.4836803674697876,
            0.2687794268131256,
            0.6512306928634644,
            0.5418887734413147,
            0.3389326333999634,
            0.324928879737854,
            0.324928879737854,
            0.5114339590072632,
            0.0,
            0.0,
            0.0,
            0.0,
            0.0,
            0.0,
            0.0,
            0.0,
            2.0,
            1.0,
            2.0,
            2.0,
            2.0,
            1.0,
            1.0,
            1.0,
            1.0,
            1.0,
            1.0,
            1.0,
            1.0,
            1.0,
            1.0,
            1.0,
            1.0,
            1.0,
            1.0,
            1.0,
            1.0
        ],
        [
            0.0,
            0.0,
            0.0,
            0.0,
            0.0,
            0.0,
            0.0,
            0.0,
            0.0,
            0.0,
            0.0,
            0.0,
            0.0,
            0.0,
            0.0,
            0.0,
            0.0,
            0.0,
            0.0,
            0.0,
            0.0,
            0.0,
            0.0,
            0.0,
            0.0,
            0.0,
            0.0,
            0.0,
            0.0,
            0.0,
            0.0,
            0.0,
            0.0,
            0.0,
            0.0,
            0.0,
            0.0,
            -1.0,
            -1.0,
            -1.0,
            -1.0,
            -1.0,
            -1.0,
            -1.0,
            -1.0,
            -1.0,
            -1.0,
            -1.0,
            -1.0,
            -1.0,
            -1.0,
            -1.0,
            -1.0,
            -1.0,
            -1.0,
            -1.0,
            -1.0,
            -1.0
        ]
    ],
    "eval_steps": 976
}