{
    "eval_chronic": "/home/trlautenbacher/data_grid2op/rte_case5_example_val/chronics/19",
    "eval_rewards": [
        [
            0.02099769727595194,
            0.0,
            0.0
        ],
        [
            0.00018524081641858108,
            -0.00019047619047619045,
            -1.0
        ],
        [
            0.00016041140462950837,
            -0.0004761904761904762,
            -1.0
        ],
        [
            0.6215645659183704,
            -1.103428571428571,
            0.0
        ]
    ],
    "eval_actions": [
        0,
        48,
        20,
        15
    ],
    "eval_states": [
        [
            2.0,
            25.44330406188965,
            8.600000381469727,
            8.199999809265137,
            7.800000190734863,
            10.530046463012695,
            2.423443078994751,
            -0.2199360728263855,
            -4.109758377075195,
            -14.227006912231445,
            -5.860817909240723,
            -5.860817909240723,
            -3.690241575241089,
            -9.085627555847168,
            -2.0812861919403076,
            0.38408100605010986,
            4.18283224105835,
            14.913256645202637,
            5.9017815589904785,
            5.9017815589904785,
            3.741572380065918,
            0.7088104486465454,
            0.8667688965797424,
            0.6990258693695068,
            0.5617147088050842,
            0.7098175287246704,
            0.3560121953487396,
            0.3560121953487396,
            0.5571550130844116,
            0.0,
            0.0,
            0.0,
            0.0,
            0.0,
            0.0,
            0.0,
            0.0,
            1.0,
            1.0,
            1.0,
            1.0,
            1.0,
            1.0,
            1.0,
            1.0,
            1.0,
            1.0,
            1.0,
            1.0,
            1.0,
            1.0,
            1.0,
            1.0,
            1.0,
            1.0,
            1.0,
            1.0,
            1.0
        ],
        [
            0.6000000238418579,
            28.079423904418945,
            8.899999618530273,
            8.399999618530273,
            7.900000095367432,
            11.724664688110352,
            2.775108814239502,
            1.5518147945404053,
            -5.290587902069092,
            -15.522692680358887,
            -11.082793235778809,
            -1.5518147945404053,
            -2.6094119548797607,
            -9.959514617919922,
            -2.3540637493133545,
            -1.3808435201644897,
            5.39442253112793,
            16.354759216308594,
            11.12009048461914,
            1.6274936199188232,
            2.682793617248535,
            0.7849178314208984,
            0.9658216238021851,
            0.7149590253829956,
            0.6788578629493713,
            0.7809597253799438,
            0.3380434811115265,
            0.4801359176635742,
            0.6579051613807678,
            0.0,
            0.0,
            0.0,
            0.0,
            0.0,
            0.0,
            0.0,
            0.0,
            1.0,
            1.0,
            1.0,
            1.0,
            1.0,
            1.0,
            1.0,
            1.0,
            1.0,
            1.0,
            1.0,
            1.0,
            1.0,
            2.0,
            1.0,
            2.0,
            1.0,
            1.0,
            1.0,
            1.0,
            1.0
        ],
        [
            0.6000000238418579,
            26.73916244506836,
            8.800000190734863,
            8.300000190734863,
            7.800000190734863,
            8.856786727905273,
            5.0373854637146,
            0.06951494514942169,
            -4.366463661193848,
            -17.126535415649414,
            -11.917573928833008,
            -0.06951494514942169,
            -3.4335365295410156,
            -8.803813934326172,
            -3.9912607669830322,
            0.003813372924923897,
            4.59126091003418,
            17.882375717163086,
            12.002215385437012,
            0.08693336695432663,
            3.6175737380981445,
            0.1281181424856186,
            1.54509699344635,
            0.5815277695655823,
            1.0196490287780762,
            0.7445844411849976,
            0.505646824836731,
            0.21121270954608917,
            1.014050841331482,
            0.0,
            1.0,
            0.0,
            1.0,
            0.0,
            0.0,
            0.0,
            1.0,
            2.0,
            1.0,
            2.0,
            1.0,
            1.0,
            2.0,
            1.0,
            1.0,
            1.0,
            1.0,
            1.0,
            1.0,
            1.0,
            2.0,
            1.0,
            2.0,
            1.0,
            1.0,
            1.0,
            1.0,
            1.0
        ],
        [
            0.6000000238418579,
            26.147729873657227,
            8.800000190734863,
            8.300000190734863,
            8.100000381469727,
            8.173562049865723,
            8.827375411987305,
            -0.5917075276374817,
            -7.023556709289551,
            -17.780017852783203,
            -9.443275451660156,
            0.5917075276374817,
            -1.0764437913894653,
            -7.277406215667725,
            -8.800000190734863,
            0.7497352957725525,
            7.127671241760254,
            17.97416877746582,
            9.473787307739258,
            -0.5211451053619385,
            1.143275499343872,
            0.5555833578109741,
            0.2766630947589874,
            0.6846218109130859,
            0.6812323331832886,
            0.3799593150615692,
            0.3070726692676544,
            0.46407777070999146,
            0.6304501295089722,
            0.0,
            0.0,
            0.0,
            0.0,
            0.0,
            0.0,
            0.0,
            0.0,
            2.0,
            1.0,
            2.0,
            2.0,
            2.0,
            1.0,
            1.0,
            1.0,
            1.0,
            1.0,
            1.0,
            1.0,
            1.0,
            2.0,
            1.0,
            2.0,
            1.0,
            1.0,
            1.0,
            1.0,
            1.0
        ]
    ],
    "eval_steps": 2016
}