{
    "eval_chronic": "/home/trlautenbacher/data_grid2op/rte_case5_example_val/chronics/12",
    "eval_rewards": [
        [
            0.00019422744211347937,
            -0.0002857142857142857,
            -1.0
        ],
        [
            0.6372690012340733,
            -0.7676190476190308,
            0.0
        ]
    ],
    "eval_actions": [
        20,
        15
    ],
    "eval_states": [
        [
            0.30000001192092896,
            25.980878829956055,
            7.800000190734863,
            8.300000190734863,
            8.100000381469727,
            9.274837493896484,
            4.199976444244385,
            -1.3111532926559448,
            -3.4187796115875244,
            -16.083478927612305,
            -5.933969974517822,
            -5.933969974517822,
            -4.681220531463623,
            -9.204680442810059,
            -3.358767509460449,
            1.4046802520751953,
            3.6587674617767334,
            16.70604133605957,
            5.941751003265381,
            5.941751003265381,
            4.879092693328857,
            0.14839403331279755,
            1.3814526796340942,
            0.647668719291687,
            1.054890751838684,
            0.6763303875923157,
            0.15868434309959412,
            0.15868434309959412,
            1.0494391918182373,
            0.0,
            1.0,
            0.0,
            1.0,
            0.0,
            0.0,
            0.0,
            1.0,
            2.0,
            1.0,
            2.0,
            1.0,
            1.0,
            2.0,
            1.0,
            1.0,
            1.0,
            1.0,
            1.0,
            1.0,
            1.0,
            1.0,
            1.0,
            1.0,
            1.0,
            1.0,
            1.0,
            1.0,
            1.0
        ],
        [
            0.30000001192092896,
            25.60602378845215,
            8.0,
            8.100000381469727,
            8.199999809265137,
            8.396864891052246,
            8.02241325378418,
            -1.9389705657958984,
            -5.532472610473633,
            -17.002063751220703,
            -4.4433465003967285,
            -4.4433465003967285,
            -2.667527198791504,
            -7.45374870300293,
            -8.0,
            2.1329755783081055,
            5.620772838592529,
            17.20915985107422,
            4.489825248718262,
            4.489825248718262,
            2.725663185119629,
            0.5702866911888123,
            0.25222501158714294,
            0.7662239670753479,
            0.6229158639907837,
            0.3923335373401642,
            0.37874311208724976,
            0.37874311208724976,
            0.5906980633735657,
            0.0,
            0.0,
            0.0,
            0.0,
            0.0,
            0.0,
            0.0,
            0.0,
            2.0,
            1.0,
            2.0,
            2.0,
            2.0,
            1.0,
            1.0,
            1.0,
            1.0,
            1.0,
            1.0,
            1.0,
            1.0,
            1.0,
            1.0,
            1.0,
            1.0,
            1.0,
            1.0,
            1.0,
            1.0
        ]
    ],
    "eval_steps": 2016
}