{
    "eval_chronic": "/home/trlautenbacher/data_grid2op/rte_case5_example_val/chronics/12",
    "eval_rewards": [
        [
            0.0002533613496427267,
            -0.0003809523809523809,
            -1.0
        ],
        [
            0.00024447419008031163,
            -0.0004761904761904762,
            -1.0
        ],
        [
            0.0,
            0.0,
            0.0
        ]
    ],
    "eval_actions": [
        22,
        52,
        21
    ],
    "eval_states": [
        [
            0.30000001192092896,
            26.858312606811523,
            7.800000190734863,
            8.300000190734863,
            8.100000381469727,
            13.008560180664062,
            1.230185866355896,
            -1.2222137451171875,
            -3.0695948600769043,
            -13.652769088745117,
            -6.180328369140625,
            -6.180328369140625,
            -5.030405521392822,
            -10.868326187133789,
            -1.223370909690857,
            1.223370909690857,
            3.368326425552368,
            13.849752426147461,
            6.211291790008545,
            6.211291790008545,
            5.282870292663574,
            0.8655977249145508,
            0.09020742774009705,
            0.12403521686792374,
            1.1824023723602295,
            0.3829752206802368,
            0.31079331040382385,
            0.31079331040382385,
            1.179260015487671,
            0.0,
            0.0,
            0.0,
            1.0,
            0.0,
            0.0,
            0.0,
            1.0,
            2.0,
            1.0,
            1.0,
            2.0,
            2.0,
            2.0,
            1.0,
            1.0,
            1.0,
            1.0,
            1.0,
            1.0,
            1.0,
            1.0,
            1.0,
            1.0,
            1.0,
            1.0,
            1.0,
            1.0,
            1.0
        ],
        [
            0.30000001192092896,
            27.103015899658203,
            8.0,
            8.100000381469727,
            8.199999809265137,
            13.347440719604492,
            0.009374593384563923,
            0.0,
            -3.0915300846099854,
            -13.549148559570312,
            -6.737211227416992,
            -6.737211227416992,
            -5.108469486236572,
            -11.103114128112793,
            -0.0013087919214740396,
            0.0013087919214740396,
            3.403113842010498,
            13.755575180053711,
            6.7698869705200195,
            6.7698869705200195,
            5.374422550201416,
            0.8867061138153076,
            0.09969452768564224,
            0.13707998394966125,
            1.2085925340652466,
            0.39192673563957214,
            0.31881341338157654,
            0.31881341338157654,
            1.2090990543365479,
            0.0,
            0.0,
            0.0,
            2.0,
            0.0,
            0.0,
            0.0,
            2.0,
            2.0,
            1.0,
            1.0,
            2.0,
            2.0,
            2.0,
            1.0,
            1.0,
            1.0,
            1.0,
            1.0,
            1.0,
            1.0,
            2.0,
            1.0,
            1.0,
            1.0,
            1.0,
            1.0,
            1.0,
            1.0
        ],
        [
            0.0,
            0.0,
            0.0,
            0.0,
            0.0,
            0.0,
            0.0,
            0.0,
            0.0,
            0.0,
            0.0,
            0.0,
            0.0,
            0.0,
            0.0,
            0.0,
            0.0,
            0.0,
            0.0,
            0.0,
            0.0,
            0.0,
            0.0,
            0.0,
            0.0,
            0.0,
            0.0,
            0.0,
            0.0,
            0.0,
            0.0,
            0.0,
            0.0,
            0.0,
            0.0,
            0.0,
            0.0,
            -1.0,
            -1.0,
            -1.0,
            -1.0,
            -1.0,
            -1.0,
            -1.0,
            -1.0,
            -1.0,
            -1.0,
            -1.0,
            -1.0,
            -1.0,
            -1.0,
            -1.0,
            -1.0,
            -1.0,
            -1.0,
            -1.0,
            -1.0,
            -1.0
        ]
    ],
    "eval_steps": 3
}