{
    "eval_chronic": "/home/trlautenbacher/data_grid2op/rte_case5_example_val/chronics/19",
    "eval_rewards": [
        [
            0.0002756284037188158,
            -0.0004761904761904762,
            -1.0
        ],
        [
            0.7960244732001814,
            -0.5757142857142895,
            0.0
        ]
    ],
    "eval_actions": [
        6,
        23
    ],
    "eval_states": [
        [
            2.0,
            25.15855598449707,
            8.600000381469727,
            8.199999809265137,
            7.800000190734863,
            10.374353408813477,
            2.358222484588623,
            0.0013074447633698583,
            -4.188169956207275,
            -14.287225723266602,
            -5.949009895324707,
            -5.949009895324707,
            -3.611830472946167,
            -8.969667434692383,
            -1.9312487840652466,
            4.643490453259957e-13,
            4.300915718078613,
            14.784202575683594,
            5.96450138092041,
            5.96450138092041,
            3.6967124938964844,
            0.6988155841827393,
            0.9728488326072693,
            1.6914300973833347e-14,
            0.708584189414978,
            0.6049501895904541,
            0.22244787216186523,
            0.22244787216186523,
            0.7036266922950745,
            0.0,
            0.0,
            0.0,
            0.0,
            0.0,
            0.0,
            0.0,
            0.0,
            2.0,
            2.0,
            1.0,
            2.0,
            2.0,
            2.0,
            1.0,
            1.0,
            1.0,
            1.0,
            1.0,
            1.0,
            1.0,
            1.0,
            1.0,
            1.0,
            1.0,
            1.0,
            1.0,
            1.0,
            1.0
        ],
        [
            1.899999976158142,
            23.38262939453125,
            8.600000381469727,
            8.199999809265137,
            7.800000190734863,
            5.681231498718262,
            5.962769985198975,
            2.651412010192871,
            -7.047276020050049,
            -17.636690139770508,
            -5.828770637512207,
            -5.828770637512207,
            -0.7527239918708801,
            -5.234006404876709,
            -5.952887535095215,
            -2.6471128463745117,
            7.134006500244141,
            17.701396942138672,
            5.836960315704346,
            5.836960315704346,
            0.8061294555664062,
            0.38871392607688904,
            0.161251500248909,
            0.17666378617286682,
            0.6185088157653809,
            0.2201777696609497,
            0.16295896470546722,
            0.16295896470546722,
            0.5687450170516968,
            0.0,
            0.0,
            0.0,
            0.0,
            0.0,
            0.0,
            0.0,
            0.0,
            2.0,
            1.0,
            1.0,
            2.0,
            2.0,
            1.0,
            1.0,
            1.0,
            1.0,
            1.0,
            1.0,
            1.0,
            1.0,
            1.0,
            1.0,
            1.0,
            1.0,
            1.0,
            1.0,
            1.0,
            1.0
        ]
    ],
    "eval_steps": 2016
}