{"Action dimension": 99, "_timestamp": 1720508279.4613786, "_runtime": 1.7992784976959229, "_step": 1, "Observation dimension": [58], "_wandb": {"runtime": 5}}