{"train/reward_0": 0.0, "train/reward_1": 0.0, "train/reward_2": -1.0, "train/grid2opsteps": 1, "_timestamp": 1722453767.6935716, "_runtime": 152.12740445137024, "_step": 128, "_wandb": {"runtime": 151}}