{"train/reward_0": 0.0, "train/reward_1": 0.0, "train/reward_2": -1.0, "train/grid2opsteps": 3, "_timestamp": 1722454396.757258, "_runtime": 38.331449031829834, "_step": 36, "_wandb": {"runtime": 49}}