{"DoNothing/train/reward_0": 0.0, "DoNothing/train/reward_1": 0.34563589096069336, "DoNothing/train/reward_2": 0.0, "DoNothing/train/grid2opsteps": 3822, "_timestamp": 1721291935.7480576, "_runtime": 5.03483772277832, "_step": 32, "_wandb": {"runtime": 3}, "DoNothing/eval/reward_0": 0.0032242063492063495, "DoNothing/eval/reward_1": 3.41770008531, "DoNothing/eval/reward_2": -0.0125}