{"Action dimension": 99, "_timestamp": 1720447735.2722237, "_runtime": 3.190002679824829, "_step": 1, "Observation dimension": [58], "_wandb": {"runtime": 48}}