{"DoNothing/train/reward_0": 0.0, "DoNothing/train/reward_1": 0.00020828010977410355, "DoNothing/train/reward_2": 0.0, "DoNothing/train/grid2opsteps": 152, "_timestamp": 1721720427.3602762, "_runtime": 4.701703310012817, "_step": 128, "_wandb": {"runtime": 4}, "DoNothing/eval/reward_0": 0.0013713818860877686, "DoNothing/eval/reward_1": 0.0013233185644743713, "DoNothing/eval/reward_2": 0.0}