{"DoNothing/train/reward_0": 0.0, "DoNothing/train/reward_1": 0.00018150740306721212, "DoNothing/train/reward_2": 1.0, "DoNothing/train/grid2opsteps": 116, "_timestamp": 1722417140.024587, "_runtime": 4.952039003372192, "_step": 64, "_wandb": {"runtime": 3}, "DoNothing/eval/reward_0": 0.0019427910052910054, "DoNothing/eval/reward_1": 0.0018732123926306155, "DoNothing/eval/reward_2": 7.666666666666667}