{
    "weights": [
        [
            1.0,
            0.0,
            0.0
        ],
        [
            0.0,
            0.0,
            1.0
        ],
        [
            0.0,
            0.2707907173591029,
            0.7292092826408971
        ],
        [
            0.0,
            1.0,
            0.0
        ],
        [
            0.288842073583628,
            0.0,
            0.711157926416372
        ]
    ],
    "values": [
        [
            0.9454158591981543,
            1.0340557624022166,
            -0.38409523809522966
        ],
        [
            0.00017172334861777108,
            0.0003023587226867676,
            -0.00023809523809523807
        ],
        [
            0.00038298443390679434,
            0.0005792210181554159,
            -0.00047619047619047614
        ],
        [
            0.8653694763361821,
            0.983464445320765,
            -0.5760000000000038
        ],
        [
            0.4902407873021306,
            0.5261026099681853,
            -0.2951904761904781
        ]
    ],
    "ccs_list": [
        [
            [
                0.9454158591981543,
                1.0340557624022166,
                -0.38409523809522966
            ],
            [
                0.00017172334861777108,
                0.0003023587226867676,
                -0.00023809523809523807
            ]
        ],
        [
            [
                0.9454158591981543,
                1.0340557624022166,
                -0.38409523809522966
            ],
            [
                0.00017172334861777108,
                0.0003023587226867676,
                -0.00023809523809523807
            ]
        ],
        [
            [
                0.9454158591981543,
                1.0340557624022166,
                -0.38409523809522966
            ],
            [
                0.00017172334861777108,
                0.0003023587226867676,
                -0.00023809523809523807
            ]
        ],
        [
            [
                0.9454158591981543,
                1.0340557624022166,
                -0.38409523809522966
            ],
            [
                0.00017172334861777108,
                0.0003023587226867676,
                -0.00023809523809523807
            ]
        ],
        [
            [
                0.9454158591981543,
                1.0340557624022166,
                -0.38409523809522966
            ],
            [
                0.00017172334861777108,
                0.0003023587226867676,
                -0.00023809523809523807
            ]
        ]
    ]
}