{
    "eval_chronic": "/home/trlautenbacher/data_grid2op/rte_case5_example_val/chronics/19",
    "eval_rewards": [
        [
            0.00022886861337522408,
            -0.0002857142857142857,
            -1.0
        ],
        [
            0.0003479346390478128,
            -0.0006666666666666666,
            -1.0
        ],
        [
            0.00026875599423842995,
            -0.0006666666666666666,
            0.0
        ],
        [
            0.9452410790081511,
            -0.9585714285714598,
            0.0
        ]
    ],
    "eval_actions": [
        32,
        18,
        22,
        27
    ],
    "eval_states": [
        [
            2.0,
            25.800434112548828,
            8.600000381469727,
            8.199999809265137,
            7.800000190734863,
            11.375960350036621,
            3.3511319160461426,
            -1.0986665487289429,
            -4.721121311187744,
            -13.714180946350098,
            5.799335121992044e-05,
            -10.22237777709961,
            -3.07887864112854,
            -9.707298278808594,
            -2.9159696102142334,
            1.2376306056976318,
            4.785636901855469,
            14.424474716186523,
            -2.7823520397374235e-12,
            10.363049507141113,
            3.120986223220825,
            0.7628076672554016,
            0.982571005821228,
            0.6378321051597595,
            0.5257518887519836,
            0.7220473289489746,
            5.2691710586763585e-14,
            0.6493295431137085,
            0.5092878937721252,
            0.0,
            0.0,
            0.0,
            0.0,
            0.0,
            0.0,
            0.0,
            0.0,
            1.0,
            1.0,
            1.0,
            1.0,
            1.0,
            1.0,
            1.0,
            1.0,
            1.0,
            2.0,
            2.0,
            1.0,
            2.0,
            1.0,
            1.0,
            1.0,
            1.0,
            1.0,
            1.0,
            1.0,
            1.0
        ],
        [
            1.899999976158142,
            24.68266487121582,
            8.600000381469727,
            8.199999809265137,
            7.800000190734863,
            10.193220138549805,
            4.140908718109131,
            -1.7977203130722046,
            -4.1234846115112305,
            -14.32353687286377,
            5.790307477582246e-05,
            -10.088159561157227,
            -3.6765153408050537,
            -8.834149360656738,
            -4.128934860229492,
            2.1341493129730225,
            4.128934860229492,
            14.489444732666016,
            -9.257335566517644e-13,
            10.182628631591797,
            3.6858222484588623,
            0.6871652007102966,
            0.1410544067621231,
            1.030516505241394,
            0.19394980370998383,
            0.3518480956554413,
            1.750323451172979e-14,
            0.5340573191642761,
            0.18088017404079437,
            0.0,
            0.0,
            1.0,
            0.0,
            0.0,
            0.0,
            0.0,
            0.0,
            2.0,
            1.0,
            2.0,
            1.0,
            2.0,
            2.0,
            1.0,
            1.0,
            1.0,
            2.0,
            2.0,
            1.0,
            2.0,
            1.0,
            1.0,
            1.0,
            1.0,
            1.0,
            1.0,
            1.0,
            1.0
        ],
        [
            1.899999976158142,
            25.288698196411133,
            8.5,
            8.0,
            7.900000095367432,
            12.711593627929688,
            2.0506985187530518,
            -2.030874490737915,
            -3.8122787475585938,
            -12.407876014709473,
            5.792898446088657e-05,
            -10.266242027282715,
            -4.087721347808838,
            -10.660849571228027,
            -2.0364253520965576,
            2.0364253520965576,
            4.060849189758301,
            12.577104568481445,
            -9.259404224262746e-13,
            10.357176780700684,
            4.297058582305908,
            0.8470366597175598,
            0.14769986271858215,
            0.20308730006217957,
            1.0745084285736084,
            0.3554328382015228,
            1.750323451172979e-14,
            0.5241346955299377,
            1.0782219171524048,
            0.0,
            0.0,
            0.0,
            1.0,
            0.0,
            0.0,
            0.0,
            1.0,
            2.0,
            1.0,
            1.0,
            2.0,
            2.0,
            2.0,
            1.0,
            1.0,
            1.0,
            2.0,
            2.0,
            1.0,
            2.0,
            1.0,
            1.0,
            1.0,
            1.0,
            1.0,
            1.0,
            1.0,
            1.0
        ],
        [
            1.7999999523162842,
            22.584524154663086,
            8.5,
            8.0,
            7.699999809265137,
            -1.7526251077651978,
            9.154159545898438,
            1.8900988101959229,
            -2.517005205154419,
            -24.263839721679688,
            5.757272447226569e-05,
            -15.080578804016113,
            -5.182994365692139,
            1.7999999523162842,
            -9.130082130432129,
            -1.8887567520141602,
            2.518838405609131,
            24.337148666381836,
            -9.231458913266932e-13,
            15.10968017578125,
            5.190422534942627,
            0.14354725182056427,
            0.2506299316883087,
            0.10882578790187836,
            0.09051255136728287,
            0.22966726124286652,
            1.763944757404365e-14,
            0.2879330515861511,
            0.18490692973136902,
            0.0,
            0.0,
            0.0,
            0.0,
            0.0,
            0.0,
            0.0,
            0.0,
            2.0,
            1.0,
            1.0,
            1.0,
            2.0,
            1.0,
            1.0,
            1.0,
            1.0,
            2.0,
            2.0,
            1.0,
            2.0,
            1.0,
            1.0,
            1.0,
            1.0,
            1.0,
            1.0,
            1.0,
            1.0
        ]
    ],
    "eval_steps": 2016
}