{
    "eval_chronic": "/home/trlautenbacher/data_grid2op/rte_case5_example_val/chronics/12",
    "eval_rewards": [
        [
            0.9606003707619314,
            -0.5760000000000038,
            -1.0
        ]
    ],
    "eval_actions": [
        26
    ],
    "eval_states": [
        [
            0.30000001192092896,
            24.915782928466797,
            7.800000190734863,
            8.300000190734863,
            8.100000381469727,
            8.455658912658691,
            3.4013783931732178,
            0.3856472969055176,
            -3.7779018878936768,
            -16.4244327545166,
            -6.506261825561523,
            -6.506261825561523,
            -4.322098255157471,
            -7.5,
            -3.3976943492889404,
            -0.38513103127479553,
            3.782825231552124,
            16.46012306213379,
            6.511527061462402,
            6.511527061462402,
            4.326876163482666,
            0.5741514563560486,
            0.0878322422504425,
            0.030778110027313232,
            0.13868466019630432,
            0.16217616200447083,
            0.12330204248428345,
            0.12330204248428345,
            0.15515878796577454,
            0.0,
            0.0,
            0.0,
            0.0,
            0.0,
            0.0,
            0.0,
            0.0,
            2.0,
            1.0,
            1.0,
            1.0,
            2.0,
            2.0,
            1.0,
            1.0,
            1.0,
            1.0,
            1.0,
            1.0,
            1.0,
            1.0,
            1.0,
            1.0,
            1.0,
            1.0,
            1.0,
            1.0,
            1.0
        ]
    ],
    "eval_steps": 2016
}