{
    "eval_chronic": "/home/trlautenbacher/data_grid2op/rte_case5_example_val/chronics/19",
    "eval_rewards": [
        [
            0.021075186492240414,
            -0.016000000000000004,
            -1.0
        ],
        [
            0.00023185970207347044,
            -9.523809523809523e-05,
            0.0
        ],
        [
            0.8983067478807982,
            -0.7356190476190316,
            -1.0
        ]
    ],
    "eval_actions": [
        44,
        52,
        26
    ],
    "eval_states": [
        [
            2.0,
            25.387449264526367,
            8.600000381469727,
            8.199999809265137,
            7.800000190734863,
            10.39999771118164,
            2.2812752723693848,
            1.2768239974975586,
            -5.388486862182617,
            -14.319948196411133,
            -1.2768239974975586,
            -10.670052528381348,
            -2.411513328552246,
            -8.988800048828125,
            -1.9452779293060303,
            -1.141396403312683,
            5.4754743576049805,
            14.987452507019043,
            1.3383519649505615,
            10.70032024383545,
            2.470053195953369,
            0.700463056564331,
            0.8585675954818726,
            0.6287684440612793,
            0.6178348660469055,
            0.70013827085495,
            0.43420055508613586,
            0.30505040287971497,
            0.5927112698554993,
            0.0,
            0.0,
            0.0,
            0.0,
            0.0,
            0.0,
            0.0,
            0.0,
            1.0,
            1.0,
            1.0,
            1.0,
            1.0,
            1.0,
            1.0,
            1.0,
            1.0,
            1.0,
            1.0,
            1.0,
            1.0,
            2.0,
            2.0,
            1.0,
            1.0,
            1.0,
            1.0,
            1.0,
            1.0
        ],
        [
            0.6000000238418579,
            27.463623046875,
            8.800000190734863,
            8.300000190734863,
            7.800000190734863,
            11.634800910949707,
            2.948627471923828,
            0.0,
            -3.9407713413238525,
            -15.253667831420898,
            -6.137593746185303,
            -6.137593746185303,
            -3.8592288494110107,
            -9.894740104675293,
            -2.3945040702819824,
            0.001311096828430891,
            4.087932586669922,
            15.828822135925293,
            6.152520179748535,
            6.152520179748535,
            3.975187301635742,
            0.7792280316352844,
            1.1137728691101074,
            0.13720062375068665,
            0.8159721493721008,
            0.6503180265426636,
            0.21833913028240204,
            0.21833913028240204,
            0.8145009875297546,
            0.0,
            1.0,
            0.0,
            0.0,
            0.0,
            0.0,
            0.0,
            0.0,
            1.0,
            1.0,
            1.0,
            1.0,
            1.0,
            1.0,
            1.0,
            1.0,
            1.0,
            1.0,
            1.0,
            1.0,
            1.0,
            2.0,
            1.0,
            1.0,
            1.0,
            1.0,
            1.0,
            1.0,
            1.0
        ],
        [
            0.6000000238418579,
            25.822669982910156,
            8.800000190734863,
            8.300000190734863,
            8.100000381469727,
            9.357142448425293,
            3.6343090534210205,
            -9.25403200249808e-13,
            -3.620126724243164,
            -16.42981719970703,
            -6.392487525939941,
            -6.392487525939941,
            -4.4798736572265625,
            -8.199999809265137,
            -3.627805233001709,
            0.0013036264572292566,
            3.6265017986297607,
            16.46552848815918,
            6.397754192352295,
            6.397754192352295,
            4.484975337982178,
            0.6330723166465759,
            0.10317132622003555,
            0.13680920004844666,
            0.15002134442329407,
            0.16222324967384338,
            0.12142812460660934,
            0.12142812460660934,
            0.17461110651493073,
            0.0,
            0.0,
            0.0,
            0.0,
            0.0,
            0.0,
            0.0,
            0.0,
            2.0,
            1.0,
            1.0,
            1.0,
            2.0,
            2.0,
            1.0,
            1.0,
            1.0,
            1.0,
            1.0,
            1.0,
            1.0,
            2.0,
            1.0,
            1.0,
            1.0,
            1.0,
            1.0,
            1.0,
            1.0
        ]
    ],
    "eval_steps": 2016
}