{
    "eval_chronic": "/home/trlautenbacher/data_grid2op/rte_case5_example_val/chronics/19",
    "eval_rewards": [
        [
            0.02941256879744002,
            -0.04190476190476196,
            -1.0
        ],
        [
            0.9173684987328917,
            -0.5508571428571425,
            0.0
        ]
    ],
    "eval_actions": [
        2,
        26
    ],
    "eval_states": [
        [
            2.0,
            24.67810821533203,
            8.600000381469727,
            8.199999809265137,
            7.800000190734863,
            9.093437194824219,
            0.9183204174041748,
            -1.8223587274551392,
            0.00046177691547200084,
            -15.15003490447998,
            -7.096864223480225,
            -7.096864223480225,
            -7.800461769104004,
            -7.997000694274902,
            -0.6090759634971619,
            2.0060760974884033,
            -4.621386823569495e-13,
            15.584671020507812,
            7.115857124328613,
            7.115857124328613,
            7.816087245941162,
            0.6159014701843262,
            0.8220195174217224,
            0.7437765598297119,
            1.6409281295955494e-14,
            0.5660962462425232,
            0.24476781487464905,
            0.24476781487464905,
            0.27698391675949097,
            0.0,
            0.0,
            0.0,
            0.0,
            0.0,
            0.0,
            0.0,
            0.0,
            2.0,
            2.0,
            2.0,
            1.0,
            2.0,
            2.0,
            1.0,
            1.0,
            1.0,
            1.0,
            1.0,
            1.0,
            1.0,
            1.0,
            1.0,
            1.0,
            1.0,
            1.0,
            1.0,
            1.0,
            1.0
        ],
        [
            0.6000000238418579,
            26.74490737915039,
            9.199999809265137,
            8.5,
            8.300000190734863,
            9.882316589355469,
            3.484905958175659,
            0.3955172598361969,
            -3.8709511756896973,
            -16.82555389404297,
            -6.664786338806152,
            -6.664786338806152,
            -4.429049015045166,
            -8.59999942779541,
            -3.4810872077941895,
            -0.39498212933540344,
            3.8760693073272705,
            16.862592697143555,
            6.670324325561523,
            6.670324325561523,
            4.434055805206299,
            0.667111337184906,
            0.09004466235637665,
            0.03030405007302761,
            0.14202681183815002,
            0.16503213346004486,
            0.126189723610878,
            0.126189723610878,
            0.159001886844635,
            0.0,
            0.0,
            0.0,
            0.0,
            0.0,
            0.0,
            0.0,
            0.0,
            2.0,
            1.0,
            1.0,
            1.0,
            2.0,
            2.0,
            1.0,
            1.0,
            1.0,
            1.0,
            1.0,
            1.0,
            1.0,
            1.0,
            1.0,
            1.0,
            1.0,
            1.0,
            1.0,
            1.0,
            1.0
        ]
    ],
    "eval_steps": 2016
}