{
    "eval_chronic": "/home/trlautenbacher/data_grid2op/rte_case5_example_val/chronics/12",
    "eval_rewards": [
        [
            0.00014444222923917102,
            -0.00019047619047619045,
            -1.0
        ],
        [
            0.00023528849614487275,
            -0.0004761904761904762,
            -1.0
        ],
        [
            0.0002347675397264497,
            -0.0008571428571428571,
            -1.0
        ],
        [
            0.0002670530021540097,
            -0.0007619047619047618,
            -0.5
        ],
        [
            0.899128050542523,
            -1.3413333333333186,
            -0.5
        ]
    ],
    "eval_actions": [
        35,
        47,
        22,
        37,
        11
    ],
    "eval_states": [
        [
            0.30000001192092896,
            28.216333389282227,
            7.800000190734863,
            8.300000190734863,
            8.100000381469727,
            14.482370376586914,
            0.027517767623066902,
            0.10720924288034439,
            -4.050703525543213,
            -13.169119834899902,
            0.09814802557229996,
            -12.62651538848877,
            -4.049296855926514,
            -11.874398231506348,
            0.10241755843162537,
            0.1219843178987503,
            4.149996757507324,
            13.733963012695312,
            -0.027517767623066902,
            13.169119834899902,
            4.121157646179199,
            0.9568477272987366,
            0.5189483165740967,
            0.8384486436843872,
            0.6621096730232239,
            0.6445605754852295,
            0.4384278953075409,
            1.2637451887130737,
            0.650800347328186,
            0.0,
            0.0,
            0.0,
            0.0,
            0.0,
            0.0,
            1.0,
            0.0,
            1.0,
            1.0,
            1.0,
            1.0,
            1.0,
            1.0,
            1.0,
            1.0,
            1.0,
            2.0,
            1.0,
            2.0,
            1.0,
            1.0,
            1.0,
            1.0,
            1.0,
            1.0,
            1.0,
            1.0,
            1.0
        ],
        [
            0.30000001192092896,
            29.078384399414062,
            8.0,
            8.100000381469727,
            8.199999809265137,
            17.210168838500977,
            -2.269284248352051,
            3.1644198894500732,
            -5.934091567993164,
            -11.55817699432373,
            -2.2686314582824707,
            -11.264420509338379,
            -2.2659080028533936,
            -13.637521743774414,
            2.2716526985168457,
            -2.277012825012207,
            5.9428815841674805,
            11.868215560913086,
            2.269284248352051,
            11.55817699432373,
            2.2686314582824707,
            1.1221073865890503,
            0.10488350689411163,
            1.716273546218872,
            0.21228644251823425,
            0.47913259267807007,
            0.04326074942946434,
            0.9330902099609375,
            0.08854059129953384,
            1.0,
            0.0,
            1.0,
            0.0,
            0.0,
            0.0,
            0.0,
            0.0,
            1.0,
            1.0,
            1.0,
            1.0,
            1.0,
            1.0,
            1.0,
            1.0,
            1.0,
            2.0,
            1.0,
            2.0,
            1.0,
            2.0,
            1.0,
            2.0,
            1.0,
            2.0,
            1.0,
            1.0,
            1.0
        ],
        [
            0.30000001192092896,
            28.18279266357422,
            7.900000095367432,
            8.100000381469727,
            8.300000190734863,
            17.151309967041016,
            -2.4933104515075684,
            2.793935775756836,
            -5.906627655029297,
            -10.959174156188965,
            -2.4543983936309814,
            -10.893936157226562,
            -2.3933725357055664,
            -13.600777626037598,
            2.6031265258789062,
            -2.6031265258789062,
            6.000777721405029,
            11.031482696533203,
            2.4933104515075684,
            10.959174156188965,
            2.4543983936309814,
            1.1185890436172485,
            0.5524466633796692,
            0.7596141695976257,
            0.6448838114738464,
            0.23413287103176117,
            0.34782713651657104,
            0.4452073276042938,
            0.6041810512542725,
            2.0,
            0.0,
            0.0,
            0.0,
            0.0,
            0.0,
            0.0,
            0.0,
            2.0,
            1.0,
            1.0,
            2.0,
            2.0,
            2.0,
            1.0,
            1.0,
            1.0,
            2.0,
            1.0,
            2.0,
            1.0,
            2.0,
            1.0,
            2.0,
            1.0,
            2.0,
            1.0,
            1.0,
            1.0
        ],
        [
            0.30000001192092896,
            26.62502098083496,
            7.800000190734863,
            8.100000381469727,
            8.199999809265137,
            12.827153205871582,
            -8.074777791669454e-16,
            0.00935513898730278,
            -3.0033035278320312,
            -13.631162643432617,
            -5.397839546203613,
            -8.109355926513672,
            -5.1966962814331055,
            -10.741778373718262,
            0.0006467470084317029,
            -0.0006467470084317029,
            3.2417781352996826,
            13.797867774963379,
            5.513160705566406,
            8.118002891540527,
            5.397839546203613,
            0.8542664647102356,
            0.07879174500703812,
            0.10833865404129028,
            1.0513335466384888,
            0.35273075103759766,
            0.5894806385040283,
            0.1615147739648819,
            1.0575530529022217,
            0.0,
            0.0,
            0.0,
            1.0,
            0.0,
            0.0,
            0.0,
            1.0,
            2.0,
            1.0,
            1.0,
            2.0,
            2.0,
            2.0,
            1.0,
            1.0,
            1.0,
            2.0,
            1.0,
            1.0,
            1.0,
            2.0,
            1.0,
            2.0,
            1.0,
            2.0,
            1.0,
            1.0,
            1.0
        ],
        [
            0.30000001192092896,
            23.45296287536621,
            7.599999904632568,
            8.0,
            8.0,
            -0.2980113625526428,
            0.0,
            6.134277820587158,
            1.4805011749267578,
            -23.679323196411133,
            -9.505902290344238,
            -14.13427734375,
            -9.480501174926758,
            0.2993507981300354,
            0.0006492077955044806,
            -6.120115756988525,
            -1.479884147644043,
            23.750972747802734,
            9.517383575439453,
            14.16193962097168,
            9.505902290344238,
            0.034859076142311096,
            0.07894150167703629,
            0.25158244371414185,
            0.0851752907037735,
            0.22630655765533447,
            0.18059079349040985,
            0.2786639928817749,
            0.34552276134490967,
            0.0,
            0.0,
            0.0,
            0.0,
            0.0,
            0.0,
            0.0,
            0.0,
            2.0,
            2.0,
            1.0,
            1.0,
            2.0,
            1.0,
            1.0,
            1.0,
            1.0,
            2.0,
            1.0,
            1.0,
            1.0,
            2.0,
            1.0,
            2.0,
            1.0,
            2.0,
            1.0,
            1.0,
            1.0
        ]
    ],
    "eval_steps": 2016
}