{
    "eval_chronic": "/home/trlautenbacher/data_grid2op/rte_case5_example_val/chronics/12",
    "eval_rewards": [
        [
            0.0003412844816433584,
            -0.0003809523809523809,
            -1.0
        ],
        [
            0.9601295254048491,
            -0.5757142857142895,
            0.0
        ]
    ],
    "eval_actions": [
        18,
        26
    ],
    "eval_states": [
        [
            0.30000001192092896,
            25.891712188720703,
            7.800000190734863,
            8.300000190734863,
            8.100000381469727,
            10.07267951965332,
            3.570496082305908,
            -0.8496631979942322,
            -3.5609593391418457,
            -15.62928581237793,
            -5.9986677169799805,
            -5.9986677169799805,
            -4.539041042327881,
            -8.743599891662598,
            -3.5641326904296875,
            1.2435994148254395,
            3.5641326904296875,
            15.8190336227417,
            6.02939510345459,
            6.02939510345459,
            4.546998977661133,
            0.6793986558914185,
            0.10156649351119995,
            1.1206133365631104,
            0.13965393602848053,
            0.37584158778190613,
            0.3096998333930969,
            0.3096998333930969,
            0.17628070712089539,
            0.0,
            0.0,
            1.0,
            0.0,
            0.0,
            0.0,
            0.0,
            0.0,
            2.0,
            1.0,
            2.0,
            1.0,
            2.0,
            2.0,
            1.0,
            1.0,
            1.0,
            1.0,
            1.0,
            1.0,
            1.0,
            1.0,
            1.0,
            1.0,
            1.0,
            1.0,
            1.0,
            1.0,
            1.0
        ],
        [
            0.30000001192092896,
            25.07103157043457,
            8.0,
            8.100000381469727,
            8.199999809265137,
            8.710984230041504,
            3.408902883529663,
            0.41059765219688416,
            -3.8103158473968506,
            -16.324434280395508,
            -6.452594757080078,
            -6.452594757080078,
            -4.389684200286865,
            -7.699999809265137,
            -3.405165195465088,
            -0.4100758731365204,
            3.8152410984039307,
            16.36004638671875,
            6.457765579223633,
            6.457765579223633,
            4.394591331481934,
            0.5909033417701721,
            0.08795032650232315,
            0.031236637383699417,
            0.13935160636901855,
            0.16211774945259094,
            0.1224428191781044,
            0.1224428191781044,
            0.15779007971286774,
            0.0,
            0.0,
            0.0,
            0.0,
            0.0,
            0.0,
            0.0,
            0.0,
            2.0,
            1.0,
            1.0,
            1.0,
            2.0,
            2.0,
            1.0,
            1.0,
            1.0,
            1.0,
            1.0,
            1.0,
            1.0,
            1.0,
            1.0,
            1.0,
            1.0,
            1.0,
            1.0,
            1.0,
            1.0
        ]
    ],
    "eval_steps": 2016
}