{
    "eval_chronic": "/home/trlautenbacher/data_grid2op/rte_case5_example_val/chronics/19",
    "eval_rewards": [
        [
            0.00013401786581110575,
            -0.0002857142857142857,
            -1.0
        ],
        [
            0.00012065350650677714,
            -0.0005714285714285714,
            -1.0
        ],
        [
            0.8298592955652441,
            -1.1508571428571504,
            -0.5
        ]
    ],
    "eval_actions": [
        12,
        43,
        11
    ],
    "eval_states": [
        [
            2.0,
            24.587257385253906,
            8.600000381469727,
            8.199999809265137,
            7.800000190734863,
            8.370132446289062,
            0.34803077578544617,
            1.7608593702316284,
            -2.875864028930664,
            -15.762970924377441,
            -7.547789096832275,
            -7.547789096832275,
            -4.924136161804199,
            -8.316417694091797,
            -0.2835831344127655,
            -1.1237329244613647,
            3.123732805252075,
            16.217124938964844,
            7.707470417022705,
            7.707470417022705,
            5.134718894958496,
            0.1287052482366562,
            0.432674765586853,
            1.4437363147735596,
            1.0727533102035522,
            0.5785201787948608,
            0.6913175582885742,
            0.6913175582885742,
            1.081087589263916,
            0.0,
            0.0,
            1.0,
            1.0,
            0.0,
            0.0,
            0.0,
            1.0,
            2.0,
            2.0,
            1.0,
            1.0,
            1.0,
            2.0,
            1.0,
            1.0,
            1.0,
            1.0,
            1.0,
            1.0,
            1.0,
            1.0,
            1.0,
            1.0,
            1.0,
            1.0,
            1.0,
            1.0,
            1.0
        ],
        [
            1.899999976158142,
            24.790132522583008,
            8.600000381469727,
            8.199999809265137,
            7.800000190734863,
            8.408641815185547,
            0.3149087727069855,
            1.2839338779449463,
            -2.272874593734741,
            -15.904873847961426,
            -9.483933448791504,
            -5.7657623291015625,
            -5.527125835418701,
            -8.352951049804688,
            -0.24704962968826294,
            -0.6472799777984619,
            2.5472798347473145,
            16.38149070739746,
            9.688852310180664,
            5.9011125564575195,
            5.7657623291015625,
            0.13116446137428284,
            0.4429512619972229,
            1.4431588649749756,
            1.131138563156128,
            0.5925094485282898,
            0.7813937664031982,
            0.6375682353973389,
            1.1476913690567017,
            0.0,
            0.0,
            2.0,
            2.0,
            0.0,
            0.0,
            0.0,
            2.0,
            2.0,
            2.0,
            1.0,
            1.0,
            1.0,
            2.0,
            1.0,
            1.0,
            1.0,
            1.0,
            1.0,
            1.0,
            1.0,
            2.0,
            2.0,
            1.0,
            1.0,
            2.0,
            1.0,
            1.0,
            1.0
        ],
        [
            1.899999976158142,
            22.95600128173828,
            8.5,
            8.0,
            7.900000095367432,
            3.7119743824005127,
            -5.31721305847168,
            6.612514019012451,
            1.9051955938339233,
            -19.16944122314453,
            -14.61251449584961,
            -9.832317352294922,
            -9.805195808410645,
            -3.5158772468566895,
            5.415877342224121,
            -6.595887184143066,
            -1.9041125774383545,
            19.24402618408203,
            14.642051696777344,
            9.844602584838867,
            9.832317352294922,
            0.25306063890457153,
            0.4489288032054901,
            0.2711171507835388,
            0.1034729853272438,
            0.23600006103515625,
            0.2880592346191406,
            0.18675975501537323,
            0.35738974809646606,
            0.0,
            0.0,
            0.0,
            0.0,
            0.0,
            0.0,
            0.0,
            0.0,
            2.0,
            2.0,
            1.0,
            1.0,
            2.0,
            1.0,
            1.0,
            1.0,
            1.0,
            1.0,
            1.0,
            1.0,
            1.0,
            2.0,
            2.0,
            1.0,
            1.0,
            2.0,
            1.0,
            1.0,
            1.0
        ]
    ],
    "eval_steps": 2016
}