{
    "eval_chronic": "/home/trlautenbacher/data_grid2op/rte_case5_example_val/chronics/12",
    "eval_rewards": [
        [
            0.00020383044508595326,
            -0.0002857142857142857,
            -1.0
        ],
        [
            0.39259145774498316,
            -0.5725714285714224,
            -1.0
        ],
        [
            0.4163501099295756,
            -0.5788571428571365,
            0.0
        ]
    ],
    "eval_actions": [
        32,
        23,
        11
    ],
    "eval_states": [
        [
            0.30000001192092896,
            27.579082489013672,
            7.800000190734863,
            8.300000190734863,
            8.100000381469727,
            12.265398979187012,
            3.6931354999542236,
            -0.9974709749221802,
            -4.806310176849365,
            -14.499184608459473,
            5.7989454944618046e-05,
            -10.64437198638916,
            -3.2936899662017822,
            -10.346039772033691,
            -3.191481351852417,
            1.1572057008743286,
            4.880315780639648,
            15.313682556152344,
            -9.297397920993156e-13,
            10.806049346923828,
            3.341785192489624,
            0.8190357089042664,
            1.0578747987747192,
            0.6887421011924744,
            0.5661367774009705,
            0.7727517485618591,
            1.8041920361129213e-14,
            0.6952664256095886,
            0.5410341024398804,
            0.0,
            1.0,
            0.0,
            0.0,
            0.0,
            0.0,
            0.0,
            0.0,
            1.0,
            1.0,
            1.0,
            1.0,
            1.0,
            1.0,
            1.0,
            1.0,
            1.0,
            2.0,
            2.0,
            1.0,
            2.0,
            1.0,
            1.0,
            1.0,
            1.0,
            1.0,
            1.0,
            1.0,
            1.0
        ],
        [
            0.30000001192092896,
            25.21956443786621,
            8.0,
            8.100000381469727,
            8.199999809265137,
            7.966673851013184,
            6.56840181350708,
            1.450425148010254,
            -7.280582427978516,
            -17.16913604736328,
            5.7810128055280074e-05,
            -10.559329986572266,
            -0.9194173812866211,
            -7.113065719604492,
            -6.555622577667236,
            -1.4443774223327637,
            7.4130659103393555,
            17.25288963317871,
            0.0,
            10.600733757019043,
            1.0088465213775635,
            0.5419255495071411,
            0.1693626344203949,
            0.2127547562122345,
            0.7737464308738708,
            0.25064826011657715,
            0.0,
            0.35619625449180603,
            0.7217421531677246,
            0.0,
            0.0,
            0.0,
            0.0,
            0.0,
            0.0,
            0.0,
            0.0,
            2.0,
            1.0,
            1.0,
            2.0,
            2.0,
            1.0,
            1.0,
            1.0,
            1.0,
            2.0,
            2.0,
            1.0,
            2.0,
            1.0,
            1.0,
            1.0,
            1.0,
            1.0,
            1.0,
            1.0,
            1.0
        ],
        [
            1.0,
            29.122133255004883,
            9.399999618530273,
            9.899999618530273,
            9.899999618530273,
            5.427462577819824,
            -5.808265686035156,
            8.438467025756836,
            0.9907482862472534,
            -23.573633193969727,
            5.7405886764172465e-05,
            -29.26412582397461,
            -10.890748023986816,
            -5.017912864685059,
            6.017912864685059,
            -8.409504890441895,
            -0.990494430065155,
            23.694669723510742,
            9.217763271424095e-13,
            29.381898880004883,
            10.9256010055542,
            0.37142816185951233,
            0.6708540320396423,
            0.3528718650341034,
            0.06461597234010696,
            0.2997113764286041,
            1.750323451172979e-14,
            0.5790943503379822,
            0.4045563340187073,
            0.0,
            0.0,
            0.0,
            0.0,
            0.0,
            0.0,
            0.0,
            0.0,
            2.0,
            2.0,
            1.0,
            1.0,
            2.0,
            1.0,
            1.0,
            1.0,
            1.0,
            2.0,
            2.0,
            1.0,
            2.0,
            1.0,
            1.0,
            1.0,
            1.0,
            1.0,
            1.0,
            1.0,
            1.0
        ]
    ],
    "eval_steps": 2016
}