{
    "eval_chronic": "/home/trlautenbacher/data_grid2op/rte_case5_example_val/chronics/19",
    "eval_rewards": [
        [
            0.00013401786581110575,
            -0.0002857142857142857,
            -1.0
        ],
        [
            0.00027684674486310823,
            -0.0003809523809523809,
            0.0
        ],
        [
            0.640991900036215,
            -0.7672380952380784,
            0.0
        ]
    ],
    "eval_actions": [
        12,
        22,
        3
    ],
    "eval_states": [
        [
            2.0,
            24.587257385253906,
            8.600000381469727,
            8.199999809265137,
            7.800000190734863,
            8.370132446289062,
            0.34803077578544617,
            1.7608593702316284,
            -2.875864028930664,
            -15.762970924377441,
            -7.547789096832275,
            -7.547789096832275,
            -4.924136161804199,
            -8.316417694091797,
            -0.2835831344127655,
            -1.1237329244613647,
            3.123732805252075,
            16.217124938964844,
            7.707470417022705,
            7.707470417022705,
            5.134718894958496,
            0.1287052482366562,
            0.432674765586853,
            1.4437363147735596,
            1.0727533102035522,
            0.5785201787948608,
            0.6913175582885742,
            0.6913175582885742,
            1.081087589263916,
            0.0,
            0.0,
            1.0,
            1.0,
            0.0,
            0.0,
            0.0,
            1.0,
            2.0,
            2.0,
            1.0,
            1.0,
            1.0,
            2.0,
            1.0,
            1.0,
            1.0,
            1.0,
            1.0,
            1.0,
            1.0,
            1.0,
            1.0,
            1.0,
            1.0,
            1.0,
            1.0,
            1.0,
            1.0
        ],
        [
            1.899999976158142,
            25.2318172454834,
            8.600000381469727,
            8.199999809265137,
            7.800000190734863,
            11.951871871948242,
            1.1809347867965698,
            -1.173783540725708,
            -3.169846534729004,
            -13.106297492980957,
            -5.9358720779418945,
            -5.9358720779418945,
            -4.630153656005859,
            -10.122600555419922,
            -1.1747130155563354,
            1.1747130155563354,
            3.422600269317627,
            13.279946327209473,
            5.962681293487549,
            5.962681293487549,
            4.8455281257629395,
            0.7992783188819885,
            0.08456695079803467,
            0.11627955734729767,
            1.0837900638580322,
            0.35993120074272156,
            0.2899608314037323,
            0.2899608314037323,
            1.09286367893219,
            0.0,
            0.0,
            0.0,
            2.0,
            0.0,
            0.0,
            0.0,
            2.0,
            2.0,
            1.0,
            1.0,
            2.0,
            2.0,
            2.0,
            1.0,
            1.0,
            1.0,
            1.0,
            1.0,
            1.0,
            1.0,
            1.0,
            1.0,
            1.0,
            1.0,
            1.0,
            1.0,
            1.0,
            1.0
        ],
        [
            1.899999976158142,
            23.696582794189453,
            8.5,
            8.0,
            7.900000095367432,
            6.341126918792725,
            -2.2116591930389404,
            -5.182440280914307,
            8.52361011505127,
            -17.13947105407715,
            -9.661099433898926,
            -9.661099433898926,
            -16.42361068725586,
            -5.788820266723633,
            2.384113073348999,
            5.304707050323486,
            -8.5,
            17.35545539855957,
            9.675564765930176,
            9.675564765930176,
            16.504638671875,
            0.43340229988098145,
            0.6040488481521606,
            0.5970228910446167,
            0.3715004622936249,
            0.40055564045906067,
            0.21035584807395935,
            0.21035584807395935,
            0.6228272914886475,
            0.0,
            0.0,
            0.0,
            0.0,
            0.0,
            0.0,
            0.0,
            0.0,
            2.0,
            2.0,
            2.0,
            1.0,
            2.0,
            1.0,
            1.0,
            1.0,
            1.0,
            1.0,
            1.0,
            1.0,
            1.0,
            1.0,
            1.0,
            1.0,
            1.0,
            1.0,
            1.0,
            1.0,
            1.0
        ]
    ],
    "eval_steps": 2016
}