{
    "eval_chronic": "/home/trlautenbacher/data_grid2op/rte_case5_example_val/chronics/12",
    "eval_rewards": [
        [
            2.2734742063342878e-05,
            -0.0002857142857142857,
            -1.0
        ],
        [
            0.7858436365778785,
            -0.5757142857142895,
            0.0
        ]
    ],
    "eval_actions": [
        12,
        23
    ],
    "eval_states": [
        [
            0.30000001192092896,
            27.031208038330078,
            7.800000190734863,
            8.300000190734863,
            8.100000381469727,
            8.494162559509277,
            -0.51697838306427,
            3.220421075820923,
            -2.1246743202209473,
            -17.824087142944336,
            -8.916014671325684,
            -8.916014671325684,
            -5.975326061248779,
            -8.413068771362305,
            0.6130685210227966,
            -2.210757255554199,
            2.5107572078704834,
            18.537044525146484,
            9.170533180236816,
            9.170533180236816,
            6.31160831451416,
            0.1596606969833374,
            0.5196017026901245,
            1.8352396488189697,
            1.3506803512573242,
            0.7233115434646606,
            0.8695045113563538,
            0.8695045113563538,
            1.3535935878753662,
            0.0,
            0.0,
            1.0,
            1.0,
            0.0,
            0.0,
            0.0,
            1.0,
            2.0,
            2.0,
            1.0,
            1.0,
            1.0,
            2.0,
            1.0,
            1.0,
            1.0,
            1.0,
            1.0,
            1.0,
            1.0,
            1.0,
            1.0,
            1.0,
            1.0,
            1.0,
            1.0,
            1.0,
            1.0
        ],
        [
            0.30000001192092896,
            25.02384376525879,
            8.0,
            8.100000381469727,
            8.199999809265137,
            7.173924922943115,
            5.668537139892578,
            2.3443715572357178,
            -6.652082920074463,
            -17.76692771911621,
            -6.03772497177124,
            -6.03772497177124,
            -1.5479168891906738,
            -6.4746599197387695,
            -5.659619331359863,
            -2.340380907058716,
            6.774660110473633,
            17.849918365478516,
            6.049195766448975,
            6.049195766448975,
            1.6310778856277466,
            0.489272803068161,
            0.1496259868144989,
            0.1754368245601654,
            0.7422449588775635,
            0.24937233328819275,
            0.1921241730451584,
            0.1921241730451584,
            0.6976166367530823,
            0.0,
            0.0,
            0.0,
            0.0,
            0.0,
            0.0,
            0.0,
            0.0,
            2.0,
            1.0,
            1.0,
            2.0,
            2.0,
            1.0,
            1.0,
            1.0,
            1.0,
            1.0,
            1.0,
            1.0,
            1.0,
            1.0,
            1.0,
            1.0,
            1.0,
            1.0,
            1.0,
            1.0,
            1.0
        ]
    ],
    "eval_steps": 2016
}