{"DoNothing/train/reward_0": 0.0, "DoNothing/train/reward_1": -0.5245874507211461, "DoNothing/train/reward_2": -0.1, "DoNothing/train/grid2opsteps": 866, "_timestamp": 1721219837.8523424, "_runtime": 4.5089123249053955, "_step": 16, "_wandb": {"runtime": 3}, "DoNothing/eval/reward_0": 0.0032242063492063495, "DoNothing/eval/reward_1": -3.3976381669101094, "DoNothing/eval/reward_2": -0.6612500000000056}