{"Action dimension": 99, "_timestamp": 1720507652.5010998, "_runtime": 2.2370219230651855, "_step": 1, "Observation dimension": [58], "_wandb": {"runtime": 23}}