{
    "eval_chronic": "/home/trlautenbacher/data_grid2op/rte_case5_example_val/chronics/19",
    "eval_rewards": [
        [
            0.02099769727595194,
            0.0,
            -1.0
        ],
        [
            0.9197008477622955,
            -0.5522857142857142,
            0.0
        ]
    ],
    "eval_actions": [
        1,
        26
    ],
    "eval_states": [
        [
            2.0,
            25.44330406188965,
            8.600000381469727,
            8.199999809265137,
            7.800000190734863,
            10.530046463012695,
            2.423443078994751,
            -0.2199360728263855,
            -4.109758377075195,
            -14.227006912231445,
            -5.860817909240723,
            -5.860817909240723,
            -3.690241575241089,
            -9.085627555847168,
            -2.0812861919403076,
            0.38408100605010986,
            4.18283224105835,
            14.913256645202637,
            5.9017815589904785,
            5.9017815589904785,
            3.741572380065918,
            0.7088104486465454,
            0.8667688965797424,
            0.6990258693695068,
            0.5617147088050842,
            0.7098175287246704,
            0.3560121953487396,
            0.3560121953487396,
            0.5571550130844116,
            0.0,
            0.0,
            0.0,
            0.0,
            0.0,
            0.0,
            0.0,
            0.0,
            1.0,
            1.0,
            1.0,
            1.0,
            1.0,
            1.0,
            1.0,
            1.0,
            1.0,
            1.0,
            1.0,
            1.0,
            1.0,
            1.0,
            1.0,
            1.0,
            1.0,
            1.0,
            1.0,
            1.0,
            1.0
        ],
        [
            0.6000000238418579,
            25.84708023071289,
            8.899999618530273,
            8.399999618530273,
            7.900000095367432,
            9.487739562988281,
            3.3520853519439697,
            0.35575705766677856,
            -3.6990115642547607,
            -16.32373046875,
            -6.480605125427246,
            -6.480605125427246,
            -4.200988292694092,
            -8.299999237060547,
            -3.3484249114990234,
            -0.3552200496196747,
            3.7036449909210205,
            16.35934066772461,
            6.4858222007751465,
            6.4858222007751465,
            4.205453395843506,
            0.641556441783905,
            0.08644677698612213,
            0.0292048417031765,
            0.13488617539405823,
            0.1621127873659134,
            0.12294506281614304,
            0.12294506281614304,
            0.1519503891468048,
            0.0,
            0.0,
            0.0,
            0.0,
            0.0,
            0.0,
            0.0,
            0.0,
            2.0,
            1.0,
            1.0,
            1.0,
            2.0,
            2.0,
            1.0,
            1.0,
            1.0,
            1.0,
            1.0,
            1.0,
            1.0,
            1.0,
            1.0,
            1.0,
            1.0,
            1.0,
            1.0,
            1.0,
            1.0
        ]
    ],
    "eval_steps": 2016
}