{
    "eval_chronic": "/home/trlautenbacher/data_grid2op/rte_case5_example_val/chronics/19",
    "eval_rewards": [
        [
            0.0001931163856971832,
            -0.0003809523809523809,
            -1.0
        ],
        [
            0.043601096928880485,
            -0.03457142857142851,
            0.0
        ],
        [
            0.0001907894696908226,
            -0.0003809523809523809,
            0.0
        ],
        [
            0.0002510797814903417,
            -0.0004761904761904762,
            0.0
        ],
        [
            0.2607607378147295,
            -0.3241904761904712,
            0.0
        ],
        [
            0.4999346531815213,
            -0.29742857142856804,
            0.0
        ]
    ],
    "eval_actions": [
        4,
        24,
        22,
        2,
        15,
        26
    ],
    "eval_states": [
        [
            2.0,
            24.15598487854004,
            8.600000381469727,
            8.199999809265137,
            7.800000190734863,
            8.944064140319824,
            1.2156894207000732,
            -1.4591425657272339,
            -1.3819103240966797,
            -15.028570175170898,
            -6.860119342803955,
            -6.860119342803955,
            -6.418089866638184,
            -8.883251190185547,
            -1.210186243057251,
            1.4934370517730713,
            2.0,
            15.211920738220215,
            6.906440734863281,
            6.906440734863281,
            6.979381561279297,
            0.1376236528158188,
            0.15321505069732666,
            0.4186830520629883,
            1.7217785120010376,
            0.3695772886276245,
            0.37764132022857666,
            0.37764132022857666,
            1.734969139099121,
            0.0,
            0.0,
            0.0,
            1.0,
            0.0,
            0.0,
            0.0,
            1.0,
            2.0,
            2.0,
            2.0,
            1.0,
            1.0,
            2.0,
            1.0,
            1.0,
            1.0,
            1.0,
            1.0,
            1.0,
            1.0,
            1.0,
            1.0,
            1.0,
            1.0,
            1.0,
            1.0,
            1.0,
            1.0
        ],
        [
            1.899999976158142,
            23.289581298828125,
            8.600000381469727,
            8.199999809265137,
            7.800000190734863,
            11.312308311462402,
            0.2563111186027527,
            -1.8481462001800537,
            -2.6630003452301025,
            -11.78769302368164,
            -5.759567737579346,
            -5.759567737579346,
            -5.136999607086182,
            -11.277292251586914,
            -0.07399154454469681,
            1.9739915132522583,
            2.6772921085357666,
            11.977273941040039,
            5.765690803527832,
            5.765690803527832,
            5.167282581329346,
            0.10899640619754791,
            0.622003436088562,
            0.6039349436759949,
            0.3149765729904175,
            0.37591665983200073,
            0.1407148540019989,
            0.1407148540019989,
            0.34971100091934204,
            0.0,
            0.0,
            0.0,
            0.0,
            0.0,
            0.0,
            0.0,
            0.0,
            2.0,
            1.0,
            1.0,
            2.0,
            1.0,
            2.0,
            1.0,
            1.0,
            1.0,
            1.0,
            1.0,
            1.0,
            1.0,
            1.0,
            1.0,
            1.0,
            1.0,
            1.0,
            1.0,
            1.0,
            1.0
        ],
        [
            0.6000000238418579,
            31.752052307128906,
            9.899999618530273,
            9.199999809265137,
            9.0,
            15.867596626281738,
            1.4074220657348633,
            -1.3970476388931274,
            -3.0484702587127686,
            -15.620614051818848,
            -7.063474178314209,
            -7.063474178314209,
            -5.9515299797058105,
            -12.785334587097168,
            -1.3989726305007935,
            1.3989726305007935,
            3.485334634780884,
            15.884456634521484,
            7.106595993041992,
            7.106595993041992,
            6.323996067047119,
            1.0413413047790527,
            0.10474706441164017,
            0.1440272033214569,
            1.4399244785308838,
            0.44227859377861023,
            0.36467695236206055,
            0.36467695236206055,
            1.4220963716506958,
            1.0,
            0.0,
            0.0,
            1.0,
            0.0,
            0.0,
            0.0,
            1.0,
            2.0,
            1.0,
            1.0,
            2.0,
            2.0,
            2.0,
            1.0,
            1.0,
            1.0,
            1.0,
            1.0,
            1.0,
            1.0,
            1.0,
            1.0,
            1.0,
            1.0,
            1.0,
            1.0,
            1.0,
            1.0
        ],
        [
            0.5,
            30.791725158691406,
            9.800000190734863,
            9.199999809265137,
            8.899999618530273,
            11.838112831115723,
            1.711416244506836,
            -1.6253302097320557,
            0.0004612535412888974,
            -18.264814376831055,
            -8.248093605041504,
            -8.248093605041504,
            -8.900461196899414,
            -10.041069030761719,
            -1.1934245824813843,
            1.9344937801361084,
            1.2693222818991158e-15,
            18.953611373901367,
            8.27669906616211,
            8.27669906616211,
            8.921516418457031,
            0.7920928597450256,
            1.0754995346069336,
            0.9850269556045532,
            4.1023203239888735e-15,
            0.7110409736633301,
            0.29818907380104065,
            0.29818907380104065,
            0.3180299401283264,
            0.0,
            1.0,
            0.0,
            0.0,
            0.0,
            0.0,
            0.0,
            0.0,
            2.0,
            2.0,
            2.0,
            1.0,
            2.0,
            2.0,
            1.0,
            1.0,
            1.0,
            1.0,
            1.0,
            1.0,
            1.0,
            1.0,
            1.0,
            1.0,
            1.0,
            1.0,
            1.0,
            1.0,
            1.0
        ],
        [
            0.5,
            29.684711456298828,
            9.899999618530273,
            9.199999809265137,
            9.0,
            9.61566162109375,
            9.935965538024902,
            -2.304283380508423,
            -6.2121758460998535,
            -19.81572723388672,
            -4.880515098571777,
            -4.880515098571777,
            -2.7878241539001465,
            -8.39760971069336,
            -9.899999618530273,
            2.566274404525757,
            6.331335067749023,
            20.069049835205078,
            4.939880847930908,
            4.939880847930908,
            2.86531400680542,
            0.6498541831970215,
            0.3149447739124298,
            0.9015013575553894,
            0.7309249043464661,
            0.43322208523750305,
            0.4264168441295624,
            0.4264168441295624,
            0.6746900081634521,
            0.0,
            0.0,
            0.0,
            0.0,
            0.0,
            0.0,
            0.0,
            0.0,
            2.0,
            1.0,
            2.0,
            2.0,
            2.0,
            1.0,
            1.0,
            1.0,
            1.0,
            1.0,
            1.0,
            1.0,
            1.0,
            1.0,
            1.0,
            1.0,
            1.0,
            1.0,
            1.0,
            1.0,
            1.0
        ],
        [
