{
    "eval_chronic": "/home/trlautenbacher/data_grid2op/rte_case5_example_val/chronics/19",
    "eval_rewards": [
        [
            0.01983030033233996,
            -0.01390476190476191,
            -1.0
        ],
        [
            0.8341396291485488,
            -0.5551428571428575,
            0.0
        ]
    ],
    "eval_actions": [
        28,
        19
    ],
    "eval_states": [
        [
            2.0,
            24.196292877197266,
            8.600000381469727,
            8.199999809265137,
            7.800000190734863,
            8.623662948608398,
            2.7059779167175293,
            -0.054425109177827835,
            -4.0000457763671875,
            -14.801935195922852,
            -6.001852512359619,
            -6.001852512359619,
            -3.799954414367676,
            -8.600000381469727,
            -2.319977045059204,
            0.23916059732437134,
            4.080816268920898,
            15.572629928588867,
            6.047978401184082,
            6.047978401184082,
            3.8581302165985107,
            0.09915050864219666,
            0.9230848550796509,
            0.7457411885261536,
            0.5927429795265198,
            0.7518479824066162,
            0.3770748972892761,
            0.3770748972892761,
            0.5901941061019897,
            0.0,
            0.0,
            0.0,
            0.0,
            0.0,
            0.0,
            0.0,
            0.0,
            2.0,
            1.0,
            1.0,
            1.0,
            1.0,
            2.0,
            1.0,
            1.0,
            1.0,
            1.0,
            1.0,
            1.0,
            1.0,
            1.0,
            1.0,
            1.0,
            1.0,
            1.0,
            1.0,
            1.0,
            1.0
        ],
        [
            0.6000000238418579,
            22.632139205932617,
            7.900000095367432,
            7.5,
            7.300000190734863,
            4.651245594024658,
            8.205671310424805,
            -4.837762832641602,
            -0.28601399064064026,
            -17.913463592529297,
            -4.845864295959473,
            -4.845864295959473,
            -7.013986110687256,
            -4.347296714782715,
            -8.186416625976562,
            4.947297096252441,
            0.28641626238822937,
            17.980892181396484,
            4.853896141052246,
            4.853896141052246,
            7.029491901397705,
            0.3182010352611542,
            0.22529610991477966,
            0.5615054368972778,
            0.09291636943817139,
            0.22470426559448242,
            0.16270634531974792,
            0.16270634531974792,
            0.2617868483066559,
            0.0,
            0.0,
            0.0,
            0.0,
            0.0,
            0.0,
            0.0,
            0.0,
            2.0,
            1.0,
            2.0,
            1.0,
            2.0,
            1.0,
            1.0,
            1.0,
            1.0,
            1.0,
            1.0,
            1.0,
            1.0,
            1.0,
            1.0,
            1.0,
            1.0,
            1.0,
            1.0,
            1.0,
            1.0
        ]
    ],
    "eval_steps": 2016
}