{"train/reward_0": 0.000496031746031746, "train/reward_1": 0.0, "train/reward_2": -1.0, "train/grid2opsteps": 2, "_timestamp": 1722428239.7626774, "_runtime": 33.130624532699585, "_step": 128, "_wandb": {"runtime": 32}}