{"DoNothing/train/reward_0": 9.867537624438257e-05, "DoNothing/train/reward_1": 0.9047619047619048, "DoNothing/train/reward_2": 0.0, "DoNothing/train/grid2opsteps": 97, "_timestamp": 1722455386.5356772, "_runtime": 4.082785129547119, "_step": 128, "_wandb": {"runtime": 3}, "DoNothing/eval/reward_0": 0.0018279349207183217, "DoNothing/eval/reward_1": 7.785714285714285, "DoNothing/eval/reward_2": -0.08333333333333333}