{
    "eval_chronic": "/home/trlautenbacher/data_grid2op/rte_case5_example_val/chronics/19",
    "eval_rewards": [
        [
            0.0002641313289863618,
            -9.523809523809523e-05,
            -1.0
        ],
        [
            0.00024837736893599415,
            -0.0002857142857142857,
            0.0
        ],
        [
            0.0002517164531223577,
            -0.0002857142857142857,
            0.0
        ],
        [
            0.0,
            0.0,
            0.0
        ]
    ],
    "eval_actions": [
        52,
        49,
        49,
        21
    ],
    "eval_states": [
        [
            2.0,
            25.165504455566406,
            8.600000381469727,
            8.199999809265137,
            7.800000190734863,
            10.388675689697266,
            2.3764469623565674,
            -4.626654961925603e-13,
            -4.184758186340332,
            -14.309590339660645,
            -5.954268455505371,
            -5.954268455505371,
            -3.6152420043945312,
            -8.980355262756348,
            -1.9281107187271118,
            0.001311096828430891,
            4.307154655456543,
            14.77682876586914,
            5.96657133102417,
            5.96657133102417,
            3.7085368633270264,
            0.6997358202934265,
            0.9978604912757874,
            0.13720062375068665,
            0.7401942014694214,
            0.5867512226104736,
            0.1989045888185501,
            0.1989045888185501,
            0.7354408502578735,
            0.0,
            0.0,
            0.0,
            0.0,
            0.0,
            0.0,
            0.0,
            0.0,
            1.0,
            1.0,
            1.0,
            1.0,
            1.0,
            1.0,
            1.0,
            1.0,
            1.0,
            1.0,
            1.0,
            1.0,
            1.0,
            2.0,
            1.0,
            1.0,
            1.0,
            1.0,
            1.0,
            1.0,
            1.0
        ],
        [
            1.899999976158142,
            28.919727325439453,
            8.600000381469727,
            8.199999809265137,
            7.800000190734863,
            17.849891662597656,
            10.274365425109863,
            -7.090916633605957,
            -8.90939998626709,
            -10.274481773376465,
            -1.8552069602773003e-12,
            -1.8552069602773003e-12,
            1.1093995571136475,
            -14.033304214477539,
            -8.708057403564453,
            7.110219955444336,
            8.931140899658203,
            11.069835662841797,
            5.813957250211388e-05,
            5.813957250211388e-05,
            -1.1090829372406006,
            1.1602146625518799,
            1.8996047973632812,
            0.2516982853412628,
            0.32044750452041626,
            0.7637448906898499,
            0.025899963453412056,
            0.025899963453412056,
            0.06846548616886139,
            1.0,
            1.0,
            0.0,
            0.0,
            0.0,
            0.0,
            0.0,
            0.0,
            1.0,
            1.0,
            1.0,
            1.0,
            1.0,
            1.0,
            1.0,
            1.0,
            1.0,
            1.0,
            1.0,
            1.0,
            1.0,
            2.0,
            1.0,
            1.0,
            2.0,
            2.0,
            1.0,
            1.0,
            1.0
        ],
        [
            1.899999976158142,
            28.59369468688965,
            8.5,
            8.0,
            7.900000095367432,
            17.648624420166016,
            10.165058135986328,
            -7.0030694007873535,
            -8.897184371948242,
            -10.16517448425293,
            -2.3138121616855497e-15,
            -2.3138121616855497e-15,
            0.997184693813324,
            -13.9094877243042,
            -8.631174087524414,
            7.021848678588867,
            8.91881275177002,
            10.945069313049316,
            5.813981260871515e-05,
            5.813981260871515e-05,
            -0.996930718421936,
            1.1482512950897217,
            1.8794333934783936,
            0.24850735068321228,
            0.3197752833366394,
            0.7563492059707642,
            0.025900015607476234,
            0.025900015607476234,
            0.06502096354961395,
            2.0,
            2.0,
            0.0,
            0.0,
            0.0,
            0.0,
            0.0,
            0.0,
            1.0,
            1.0,
            1.0,
            1.0,
            1.0,
            1.0,
            1.0,
            1.0,
            1.0,
            1.0,
            1.0,
            1.0,
            1.0,
            2.0,
            1.0,
            1.0,
            2.0,
            2.0,
            1.0,
            1.0,
            1.0
        ],
        [
            0.0,
            0.0,
            0.0,
            0.0,
            0.0,
            0.0,
            0.0,
            0.0,
            0.0,
            0.0,
            0.0,
            0.0,
            0.0,
            0.0,
            0.0,
            0.0,
            0.0,
            0.0,
            0.0,
            0.0,
            0.0,
            0.0,
            0.0,
            0.0,
            0.0,
            0.0,
            0.0,
            0.0,
            0.0,
            0.0,
            0.0,
            0.0,
            0.0,
            0.0,
            0.0,
            0.0,
            0.0,
            -1.0,
            -1.0,
            -1.0,
            -1.0,
            -1.0,
            -1.0,
            -1.0,
            -1.0,
            -1.0,
            -1.0,
            -1.0,
            -1.0,
            -1.0,
            -1.0,
            -1.0,
            -1.0,
            -1.0,
            -1.0,
            -1.0,
            -1.0,
            -1.0
        ]
    ],
    "eval_steps": 4
}