{
    "eval_chronic": "/home/trlautenbacher/data_grid2op/rte_case5_example_val/chronics/19",
    "eval_rewards": [
        [
            0.021075186492240414,
            -0.016000000000000004,
            -1.0
        ],
        [
            0.00019288709688528998,
            -0.0003809523809523809,
            0.0
        ],
        [
            0.00021369846445242562,
            -0.0002857142857142857,
            0.0
        ],
        [
            9.897386205470142e-05,
            -0.0004761904761904762,
            -1.0
        ],
        [
            0.0,
            0.0,
            0.0
        ]
    ],
    "eval_actions": [
        44,
        41,
        42,
        28,
        38
    ],
    "eval_states": [
        [
            2.0,
            25.387449264526367,
            8.600000381469727,
            8.199999809265137,
            7.800000190734863,
            10.39999771118164,
            2.2812752723693848,
            1.2768239974975586,
            -5.388486862182617,
            -14.319948196411133,
            -1.2768239974975586,
            -10.670052528381348,
            -2.411513328552246,
            -8.988800048828125,
            -1.9452779293060303,
            -1.141396403312683,
            5.4754743576049805,
            14.987452507019043,
            1.3383519649505615,
            10.70032024383545,
            2.470053195953369,
            0.700463056564331,
            0.8585675954818726,
            0.6287684440612793,
            0.6178348660469055,
            0.70013827085495,
            0.43420055508613586,
            0.30505040287971497,
            0.5927112698554993,
            0.0,
            0.0,
            0.0,
            0.0,
            0.0,
            0.0,
            0.0,
            0.0,
            1.0,
            1.0,
            1.0,
            1.0,
            1.0,
            1.0,
            1.0,
            1.0,
            1.0,
            1.0,
            1.0,
            1.0,
            1.0,
            2.0,
            2.0,
            1.0,
            1.0,
            1.0,
            1.0,
            1.0,
            1.0
        ],
        [
            0.6000000238418579,
            28.16517448425293,
            8.800000190734863,
            8.300000190734863,
            7.800000190734863,
            12.599535942077637,
            3.857362985610962,
            -0.8854596018791199,
            -4.581722736358643,
            -14.70449447631836,
            -10.685505867004395,
            9.271265396029738e-13,
            -3.2182774543762207,
            -10.582136154174805,
            -3.332913875579834,
            1.056639313697815,
            4.65841007232666,
            15.565638542175293,
            10.847073554992676,
            5.8080273447558284e-05,
            3.270965337753296,
            0.8400171995162964,
            1.0825316905975342,
            0.7153757214546204,
            0.5768741369247437,
            0.7943941354751587,
            0.6950312256813049,
            0.02588674984872341,
            0.5642341375350952,
            0.0,
            1.0,
            0.0,
            0.0,
            0.0,
            0.0,
            0.0,
            0.0,
            1.0,
            1.0,
            1.0,
            1.0,
            1.0,
            1.0,
            1.0,
            1.0,
            1.0,
            1.0,
            1.0,
            1.0,
            1.0,
            2.0,
            2.0,
            1.0,
            2.0,
            2.0,
            1.0,
            1.0,
            1.0
        ],
        [
            0.6000000238418579,
            27.88444709777832,
            8.800000190734863,
            8.300000190734863,
            8.100000381469727,
            11.52391242980957,
            2.607525587081909,
            0.30332574248313904,
            -3.8793137073516846,
            -15.644789695739746,
            -4.565653324127197,
            -8.300000190734863,
            -4.220686435699463,
            -9.814597129821777,
            -2.1532540321350098,
            -0.17182742059230804,
            3.939678192138672,
            16.36053466796875,
            4.725358963012695,
            8.311904907226562,
            4.262327671051025,
            0.7721993327140808,
            1.004714846611023,
            0.6184548139572144,
            0.5063883066177368,
            0.7247553467750549,
            0.6915580630302429,
            0.17876768112182617,
            0.5055827498435974,
            0.0,
            2.0,
            0.0,
            0.0,
            0.0,
            0.0,
            0.0,
            0.0,
            1.0,
            1.0,
            1.0,
            1.0,
            1.0,
            1.0,
            1.0,
            1.0,
            1.0,
            1.0,
            1.0,
            1.0,
            1.0,
            2.0,
            2.0,
            1.0,
            2.0,
            1.0,
            1.0,
            1.0,
            1.0
        ],
        [
            0.6000000238418579,
            27.014005661010742,
            8.800000190734863,
            8.5,
            8.0,
            8.825240135192871,
            0.0,
            2.585813283920288,
            -2.374469757080078,
            -17.566905975341797,
            -8.403834342956543,
            -8.5,
            -5.625530242919922,
            -8.800000190734863,
            0.0,
            -2.0027666091918945,
            2.602766513824463,
            18.188764572143555,
            9.054444313049316,
            8.51246166229248,
            5.818020820617676,
            0.10233812779188156,
            0.0,
            1.3781919479370117,
            1.027522087097168,
            0.6759172081947327,
            1.3827584981918335,
            0.18306484818458557,
            1.035427212715149,
            0.0,
            0.0,
            1.0,
            1.0,
            0.0,
            1.0,
            0.0,
            1.0,
            2.0,
            -1.0,
            1.0,
            1.0,
            1.0,
            2.0,
            1.0,
            1.0,
            1.0,
            -1.0,
            1.0,
            1.0,
            1.0,
            2.0,
            2.0,
            1.0,
            2.0,
            1.0,
            1.0,
            1.0,
            1.0
        ],
        [
            0.0,
            0.0,
            0.0,
            0.0,
            0.0,
            0.0,
            0.0,
            0.0,
            0.0,
            0.0,
            0.0,
            0.0,
            0.0,
            0.0,
            0.0,
            0.0,
            0.0,
            0.0,
            0.0,
            0.0,
            0.0,
            0.0,
            0.0,
            0.0,
            0.0,
            0.0,
            0.0,
            0.0,
            0.0,
            0.0,
            0.0,
            0.0,
            0.0,
            0.0,
            0.0,
            0.0,
            0.0,
            -1.0,
            -1.0,
            -1.0,
            -1.0,
            -1.0,
            -1.0,
            -1.0,
            -1.0,
            -1.0,
            -1.0,
            -1.0,
            -1.0,
            -1.0,
            -1.0,
            -1.0,
            -1.0,
            -1.0,
            -1.0,
            -1.0,
            -1.0,
            -1.0
        ]
    ],
    "eval_steps": 89
}