{
    "eval_chronic": "/home/trlautenbacher/data_grid2op/rte_case5_example_val/chronics/19",
    "eval_rewards": [
        [
            0.02099769727595194,
            0.0,
            0.0
        ],
        [
            0.0002243593233978135,
            -0.0003809523809523809,
            -1.0
        ],
        [
            0.00035742797771974295,
            -0.0007619047619047618,
            -1.0
        ],
        [
            0.00018674166624323097,
            -0.0003809523809523809,
            0.0
        ],
        [
            0.0,
            0.0,
            0.0
        ]
    ],
    "eval_actions": [
        0,
        39,
        7,
        1,
        40
    ],
    "eval_states": [
        [
            2.0,
            25.44330406188965,
            8.600000381469727,
            8.199999809265137,
            7.800000190734863,
            10.530046463012695,
            2.423443078994751,
            -0.2199360728263855,
            -4.109758377075195,
            -14.227006912231445,
            -5.860817909240723,
            -5.860817909240723,
            -3.690241575241089,
            -9.085627555847168,
            -2.0812861919403076,
            0.38408100605010986,
            4.18283224105835,
            14.913256645202637,
            5.9017815589904785,
            5.9017815589904785,
            3.741572380065918,
            0.7088104486465454,
            0.8667688965797424,
            0.6990258693695068,
            0.5617147088050842,
            0.7098175287246704,
            0.3560121953487396,
            0.3560121953487396,
            0.5571550130844116,
            0.0,
            0.0,
            0.0,
            0.0,
            0.0,
            0.0,
            0.0,
            0.0,
            1.0,
            1.0,
            1.0,
            1.0,
            1.0,
            1.0,
            1.0,
            1.0,
            1.0,
            1.0,
            1.0,
            1.0,
            1.0,
            1.0,
            1.0,
            1.0,
            1.0,
            1.0,
            1.0,
            1.0,
            1.0
        ],
        [
            0.6000000238418579,
            28.75565528869629,
            8.899999618530273,
            8.399999618530273,
            7.900000095367432,
            13.288472175598145,
            4.476649284362793,
            1.6825385093688965,
            -7.900463581085205,
            -14.621394157409668,
            -5.041269302368164,
            -5.041269302368164,
            0.00046333373757079244,
            -11.062408447265625,
            -3.8407251834869385,
            -1.3132816553115845,
            7.916415691375732,
            15.467184066772461,
            5.0723724365234375,
            5.0723724365234375,
            2.7636690306317036e-15,
            0.8830385208129883,
            1.1960339546203613,
            1.0827713012695312,
            0.2800595760345459,
            0.7873369455337524,
            0.311819851398468,
            0.311819851398468,
            4.1023203239888735e-15,
            0.0,
            1.0,
            1.0,
            0.0,
            0.0,
            0.0,
            0.0,
            0.0,
            1.0,
            1.0,
            1.0,
            1.0,
            1.0,
            1.0,
            1.0,
            1.0,
            1.0,
            1.0,
            1.0,
            1.0,
            1.0,
            2.0,
            2.0,
            2.0,
            1.0,
            2.0,
            1.0,
            1.0,
            1.0
        ],
        [
            0.6000000238418579,
            26.05422019958496,
            8.800000190734863,
            8.300000190734863,
            7.800000190734863,
            8.7719144821167,
            -0.08023742586374283,
            8.833497047424316,
            -7.800463676452637,
            -17.074249267578125,
            -8.56674861907959,
            -8.56674861907959,
            0.00046335672959685326,
            -7.747522830963135,
            0.5314968824386597,
            -8.800000190734863,
            7.816026210784912,
            17.282306671142578,
            8.57724380493164,
            8.57724380493164,
            9.276549797418432e-13,
            0.5948935151100159,
            1.0011931657791138,
            0.3810514509677887,
            0.276508092880249,
            0.3932259678840637,
            0.16971738636493683,
            0.16971738636493683,
            3.3073963354298894e-14,
            0.0,
            2.0,
            0.0,
            0.0,
            0.0,
            0.0,
            0.0,
            0.0,
            2.0,
            2.0,
            1.0,
            2.0,
            2.0,
            1.0,
            1.0,
            1.0,
            1.0,
            1.0,
            1.0,
            1.0,
            1.0,
            2.0,
            2.0,
            2.0,
            1.0,
            2.0,
            1.0,
            1.0,
            1.0
        ],
        [
            0.6000000238418579,
            29.417343139648438,
            8.800000190734863,
            8.300000190734863,
            8.100000381469727,
            16.408615112304688,
            0.0,
            4.179014205932617,
            -8.1004638671875,
            -12.646846771240234,
            -6.23950719833374,
            -6.23950719833374,
            0.0004632847267203033,
            -13.132306098937988,
            0.0,
            -3.1849772930145264,
            8.11728286743164,
            13.008728981018066,
            6.323423385620117,
            6.323423385620117,
            4.660619763383056e-13,
            1.0740184783935547,
            0.0,
            1.8205162286758423,
            0.28719958662986755,
            0.5171332359313965,
            0.5045562982559204,
            0.5045562982559204,
            1.6914300973833347e-14,
            1.0,
            0.0,
            1.0,
            0.0,
            0.0,
            0.0,
            0.0,
            0.0,
            1.0,
            -1.0,
            1.0,
            1.0,
            1.0,
            1.0,
            1.0,
            1.0,
            1.0,
            -1.0,
            1.0,
            1.0,
            1.0,
            2.0,
            2.0,
            2.0,
            1.0,
            2.0,
            1.0,
            1.0,
            1.0
        ],
        [
            0.0,
            0.0,
            0.0,
            0.0,
            0.0,
            0.0,
            0.0,
            0.0,
            0.0,
            0.0,
            0.0,
            0.0,
            0.0,
            0.0,
            0.0,
            0.0,
            0.0,
            0.0,
            0.0,
            0.0,
            0.0,
            0.0,
            0.0,
            0.0,
            0.0,
            0.0,
            0.0,
            0.0,
            0.0,
            0.0,
            0.0,
            0.0,
            0.0,
            0.0,
            0.0,
            0.0,
            0.0,
            -1.0,
            -1.0,
            -1.0,
            -1.0,
            -1.0,
            -1.0,
            -1.0,
            -1.0,
            -1.0,
            -1.0,
            -1.0,
            -1.0,
            -1.0,
            -1.0,
            -1.0,
            -1.0,
            -1.0,
            -1.0,
            -1.0,
            -1.0,
            -1.0
        ]
    ],
    "eval_steps": 88
}