{
    "eval_chronic": "/home/trlautenbacher/data_grid2op/rte_case5_example_val/chronics/19",
    "eval_rewards": [
        [
            0.02941256879744002,
            -0.04190476190476196,
            -1.0
        ],
        [
            0.9010072446540358,
            -0.36723809523808726,
            0.0
        ]
    ],
    "eval_actions": [
        2,
        27
    ],
    "eval_states": [
        [
            2.0,
            24.67810821533203,
            8.600000381469727,
            8.199999809265137,
            7.800000190734863,
            9.093437194824219,
            0.9183204174041748,
            -1.8223587274551392,
            0.00046177691547200084,
            -15.15003490447998,
            -7.096864223480225,
            -7.096864223480225,
            -7.800461769104004,
            -7.997000694274902,
            -0.6090759634971619,
            2.0060760974884033,
            -4.621386823569495e-13,
            15.584671020507812,
            7.115857124328613,
            7.115857124328613,
            7.816087245941162,
            0.6159014701843262,
            0.8220195174217224,
            0.7437765598297119,
            1.6409281295955494e-14,
            0.5660962462425232,
            0.24476781487464905,
            0.24476781487464905,
            0.27698391675949097,
            0.0,
            0.0,
            0.0,
            0.0,
            0.0,
            0.0,
            0.0,
            0.0,
            2.0,
            2.0,
            2.0,
            1.0,
            2.0,
            2.0,
            1.0,
            1.0,
            1.0,
            1.0,
            1.0,
            1.0,
            1.0,
            1.0,
            1.0,
            1.0,
            1.0,
            1.0,
            1.0,
            1.0,
            1.0
        ],
        [
            0.6000000238418579,
            25.54664421081543,
            9.199999809265137,
            8.5,
            8.300000190734863,
            -0.5946429967880249,
            8.014126777648926,
            3.1433780193328857,
            -1.9338271617889404,
            -26.05617904663086,
            -9.010374069213867,
            -9.010374069213867,
            -6.366172790527344,
            0.6000000238418579,
            -7.9953131675720215,
            -3.1397061347961426,
            1.935019612312317,
            26.141286849975586,
            9.021025657653809,
            9.021025657653809,
            6.377370834350586,
            0.056816522032022476,
            0.22472946345806122,
            0.14648675918579102,
            0.06989829987287521,
            0.24720558524131775,
            0.17283011972904205,
            0.17283011972904205,
            0.22802042961120605,
            0.0,
            0.0,
            0.0,
            0.0,
            0.0,
            0.0,
            0.0,
            0.0,
            2.0,
            1.0,
            1.0,
            1.0,
            2.0,
            1.0,
            1.0,
            1.0,
            1.0,
            1.0,
            1.0,
            1.0,
            1.0,
            1.0,
            1.0,
            1.0,
            1.0,
            1.0,
            1.0,
            1.0,
            1.0
        ]
    ],
    "eval_steps": 2016
}