{
    "eval_chronic": "/home/trlautenbacher/data_grid2op/rte_case5_example_val/chronics/12",
    "eval_rewards": [
        [
            0.020269603418492075,
            -0.023999999999999962,
            -1.0
        ],
        [
            0.00017088968237272007,
            -0.0004761904761904762,
            -1.0
        ],
        [
            0.0,
            0.0,
            0.0
        ]
    ],
    "eval_actions": [
        47,
        28,
        36
    ],
    "eval_states": [
        [
            0.30000001192092896,
            27.20195198059082,
            7.800000190734863,
            8.300000190734863,
            8.100000381469727,
            11.414020538330078,
            2.770277500152588,
            -0.6093976497650146,
            -3.7252299785614014,
            -14.994261741638184,
            -4.43752384185791,
            -7.6906023025512695,
            -4.374770164489746,
            -9.734940528869629,
            -2.370974063873291,
            0.7936962842941284,
            3.812218189239502,
            15.787932395935059,
            4.477198600769043,
            7.7467851638793945,
            4.43752384185791,
            0.7652251124382019,
            0.9395295977592468,
            0.7448183298110962,
            0.6166549324989319,
            0.7628790140151978,
            0.35084107518196106,
            0.4146508276462555,
            0.6108279228210449,
            0.0,
            0.0,
            0.0,
            0.0,
            0.0,
            0.0,
            0.0,
            0.0,
            1.0,
            1.0,
            1.0,
            1.0,
            1.0,
            1.0,
            1.0,
            1.0,
            1.0,
            1.0,
            1.0,
            1.0,
            1.0,
            2.0,
            1.0,
            2.0,
            1.0,
            2.0,
            1.0,
            1.0,
            1.0
        ],
        [
            0.5,
            26.89872932434082,
            8.199999809265137,
            8.300000190734863,
            8.399999618530273,
            8.221111297607422,
            3.933453321456909,
            0.03813154995441437,
            -3.4430630207061768,
            -17.473648071289062,
            -5.056037902832031,
            -8.33813190460205,
            -4.956936836242676,
            -8.199999809265137,
            -3.3158371448516846,
            0.24398313462734222,
            3.5718541145324707,
            18.67761993408203,
            5.115955352783203,
            8.424239158630371,
            5.056037902832031,
            0.09387874603271484,
            1.1780905723571777,
            0.9377355575561523,
            0.7601703405380249,
            0.9381399750709534,
            0.42832866311073303,
            0.5106568932533264,
            0.7559051513671875,
            0.0,
            1.0,
            0.0,
            0.0,
            0.0,
            0.0,
            0.0,
            0.0,
            2.0,
            1.0,
            1.0,
            1.0,
            1.0,
            2.0,
            1.0,
            1.0,
            1.0,
            1.0,
            1.0,
            1.0,
            1.0,
            2.0,
            1.0,
            2.0,
            1.0,
            2.0,
            1.0,
            1.0,
            1.0
        ],
        [
            0.0,
            0.0,
            0.0,
            0.0,
            0.0,
            0.0,
            0.0,
            0.0,
            0.0,
            0.0,
            0.0,
            0.0,
            0.0,
            0.0,
            0.0,
            0.0,
            0.0,
            0.0,
            0.0,
            0.0,
            0.0,
            0.0,
            0.0,
            0.0,
            0.0,
            0.0,
            0.0,
            0.0,
            0.0,
            0.0,
            0.0,
            0.0,
            0.0,
            0.0,
            0.0,
            0.0,
            0.0,
            -1.0,
            -1.0,
            -1.0,
            -1.0,
            -1.0,
            -1.0,
            -1.0,
            -1.0,
            -1.0,
            -1.0,
            -1.0,
            -1.0,
            -1.0,
            -1.0,
            -1.0,
            -1.0,
            -1.0,
            -1.0,
            -1.0,
            -1.0,
            -1.0
        ]
    ],
    "eval_steps": 86
}