{"Action dimension": 99, "_timestamp": 1720448721.0694408, "_runtime": 1.813154935836792, "_step": 1, "Observation dimension": [58], "_wandb": {"runtime": 66}}